{
  "runs": [
    {
      "lr": 1e-08,
      "beta": 0.9,
      "steps": 200,
      "diffs": [
        1.7763568394002505e-15,
        1.7763568394002505e-15,
        1.7763568394002505e-15,
        1.7763568394002505e-15,
        1.7763568394002505e-15,
        1.7763568394002505e-15,
        1.7763568394002505e-15,
        8.881784197001252e-16,
        1.7763568394002505e-15,
        1.1102230246251565e-15,
        1.7763568394002505e-15,
        1.7763568394002505e-15,
        1.7763568394002505e-15,
        1.7763568394002505e-15,
        8.881784197001252e-16,
        1.7763568394002505e-15,
        1.7763568394002505e-15,
        1.7763568394002505e-15,
        1.7763568394002505e-15,
        1.7763568394002505e-15,
        1.7763568394002505e-15,
        1.7763568394002505e-15,
        1.7763568394002505e-15,
        1.7763568394002505e-15,
        1.7763568394002505e-15,
        1.7763568394002505e-15,
        1.7763568394002505e-15,
        1.7763568394002505e-15,
        1.7763568394002505e-15,
        1.7763568394002505e-15,
        1.7763568394002505e-15,
        1.7763568394002505e-15,
        1.7763568394002505e-15,
        1.7763568394002505e-15,
        1.7763568394002505e-15,
        1.7763568394002505e-15,
        1.7763568394002505e-15,
        1.7763568394002505e-15,
        1.3322676295501878e-15,
        1.7763568394002505e-15,
        1.7763568394002505e-15,
        1.7763568394002505e-15,
        2.6645352591003757e-15,
        1.7763568394002505e-15,
        1.7763568394002505e-15,
        1.7763568394002505e-15,
        2.220446049250313e-15,
        1.7763568394002505e-15,
        1.7763568394002505e-15,
        1.7763568394002505e-15,
        1.7763568394002505e-15,
        1.7763568394002505e-15,
        1.7763568394002505e-15,
        1.7763568394002505e-15,
        1.7763568394002505e-15,
        2.220446049250313e-15,
        1.7763568394002505e-15,
        1.7763568394002505e-15,
        2.220446049250313e-15,
        2.220446049250313e-15,
        2.220446049250313e-15,
        2.220446049250313e-15,
        2.6645352591003757e-15,
        2.220446049250313e-15,
        2.6645352591003757e-15,
        1.7763568394002505e-15,
        1.7763568394002505e-15,
        2.6645352591003757e-15,
        2.6645352591003757e-15,
        2.220446049250313e-15,
        2.220446049250313e-15,
        2.220446049250313e-15,
        2.6645352591003757e-15,
        2.6645352591003757e-15,
        2.220446049250313e-15,
        2.6645352591003757e-15,
        2.6645352591003757e-15,
        2.6645352591003757e-15,
        2.6645352591003757e-15,
        3.1086244689504383e-15,
        2.6645352591003757e-15,
        3.552713678800501e-15,
        2.6645352591003757e-15,
        2.6645352591003757e-15,
        2.6645352591003757e-15,
        3.552713678800501e-15,
        3.552713678800501e-15,
        2.6645352591003757e-15,
        3.552713678800501e-15,
        3.552713678800501e-15,
        3.552713678800501e-15,
        2.6645352591003757e-15,
        3.552713678800501e-15,
        3.552713678800501e-15,
        3.552713678800501e-15,
        3.552713678800501e-15,
        3.552713678800501e-15,
        3.552713678800501e-15,
        3.552713678800501e-15,
        3.552713678800501e-15,
        2.6645352591003757e-15,
        3.552713678800501e-15,
        3.552713678800501e-15,
        3.552713678800501e-15,
        2.6645352591003757e-15,
        2.6645352591003757e-15,
        3.552713678800501e-15,
        3.552713678800501e-15,
        3.552713678800501e-15,
        2.6645352591003757e-15,
        3.552713678800501e-15,
        3.552713678800501e-15,
        2.6645352591003757e-15,
        3.552713678800501e-15,
        4.440892098500626e-15,
        3.552713678800501e-15,
        3.552713678800501e-15,
        2.6645352591003757e-15,
        2.6645352591003757e-15,
        3.552713678800501e-15,
        2.6645352591003757e-15,
        2.6645352591003757e-15,
        2.6645352591003757e-15,
        2.6645352591003757e-15,
        2.6645352591003757e-15,
        2.6645352591003757e-15,
        3.552713678800501e-15,
        3.552713678800501e-15,
        3.1086244689504383e-15,
        3.1086244689504383e-15,
        2.6645352591003757e-15,
        2.6645352591003757e-15,
        2.6645352591003757e-15,
        2.6645352591003757e-15,
        3.552713678800501e-15,
        2.6645352591003757e-15,
        3.552713678800501e-15,
        2.6645352591003757e-15,
        2.6645352591003757e-15,
        3.552713678800501e-15,
        2.220446049250313e-15,
        1.7763568394002505e-15,
        2.6645352591003757e-15,
        3.552713678800501e-15,
        2.220446049250313e-15,
        3.552713678800501e-15,
        2.6645352591003757e-15,
        2.6645352591003757e-15,
        3.1086244689504383e-15,
        2.6645352591003757e-15,
        2.6645352591003757e-15,
        2.6645352591003757e-15,
        2.6645352591003757e-15,
        3.1086244689504383e-15,
        3.552713678800501e-15,
        3.552713678800501e-15,
        3.552713678800501e-15,
        3.552713678800501e-15,
        3.1086244689504383e-15,
        3.1086244689504383e-15,
        2.6645352591003757e-15,
        2.6645352591003757e-15,
        2.6645352591003757e-15,
        2.6645352591003757e-15,
        2.6645352591003757e-15,
        2.6645352591003757e-15,
        2.6645352591003757e-15,
        3.552713678800501e-15,
        3.552713678800501e-15,
        2.6645352591003757e-15,
        3.1086244689504383e-15,
        2.6645352591003757e-15,
        2.6645352591003757e-15,
        3.552713678800501e-15,
        3.552713678800501e-15,
        2.6645352591003757e-15,
        3.9968028886505635e-15,
        2.6645352591003757e-15,
        2.6645352591003757e-15,
        3.552713678800501e-15,
        3.552713678800501e-15,
        3.552713678800501e-15,
        3.1086244689504383e-15,
        3.552713678800501e-15,
        3.552713678800501e-15,
        3.552713678800501e-15,
        3.1086244689504383e-15,
        3.552713678800501e-15,
        3.552713678800501e-15,
        3.1086244689504383e-15,
        3.552713678800501e-15,
        3.9968028886505635e-15,
        3.552713678800501e-15,
        3.552713678800501e-15,
        3.9968028886505635e-15,
        3.552713678800501e-15,
        3.9968028886505635e-15,
        3.552713678800501e-15,
        3.552713678800501e-15,
        4.440892098500626e-15
      ],
      "scale": 6.946384352686362
    },
    {
      "lr": 1e-06,
      "beta": 0.9,
      "steps": 200,