{
  "runs": [
    {
      "lr": 1e-08,
      "steps": 200,
      "diffs": [
        1.7763568394002505e-15,
        1.7763568394002505e-15,
        1.7763568394002505e-15,
        1.7763568394002505e-15,
        8.881784197001252e-16,
        8.881784197001252e-16,
        8.881784197001252e-16,
        1.7763568394002505e-15,
        1.7763568394002505e-15,
        1.7763568394002505e-15,
        1.7763568394002505e-15,
        1.7763568394002505e-15,
        1.7763568394002505e-15,
        8.881784197001252e-16,
        1.7763568394002505e-15,
        1.7763568394002505e-15,
        1.3322676295501878e-15,
        8.881784197001252e-16,
        1.7763568394002505e-15,
        1.7763568394002505e-15,
        1.7763568394002505e-15,
        1.7763568394002505e-15,
        1.7763568394002505e-15,
        1.7763568394002505e-15,
        1.7763568394002505e-15,
        1.7763568394002505e-15,
        1.7763568394002505e-15,
        1.7763568394002505e-15,
        1.7763568394002505e-15,
        1.7763568394002505e-15,
        1.7763568394002505e-15,
        1.7763568394002505e-15,
        1.7763568394002505e-15,
        1.7763568394002505e-15,
        1.7763568394002505e-15,
        1.7763568394002505e-15,
        1.7763568394002505e-15,
        1.7763568394002505e-15,
        1.7763568394002505e-15,
        1.7763568394002505e-15,
        1.7763568394002505e-15,
        1.7763568394002505e-15,
        1.7763568394002505e-15,
        1.7763568394002505e-15,
        1.7763568394002505e-15,
        1.7763568394002505e-15,
        1.7763568394002505e-15,
        1.7763568394002505e-15,
        1.7763568394002505e-15,
        3.552713678800501e-15,
        1.7763568394002505e-15,
        1.7763568394002505e-15,
        1.7763568394002505e-15,
        1.7763568394002505e-15,
        1.7763568394002505e-15,
        1.7763568394002505e-15,
        1.7763568394002505e-15,
        1.7763568394002505e-15,
        1.7763568394002505e-15,
        1.7763568394002505e-15,
        3.552713678800501e-15,
        3.552713678800501e-15,
        3.552713678800501e-15,
        1.7763568394002505e-15,
        1.7763568394002505e-15,
        3.552713678800501e-15,
        3.552713678800501e-15,
        3.552713678800501e-15,
        3.552713678800501e-15,
        3.552713678800501e-15,
        2.6645352591003757e-15,
        2.6645352591003757e-15,
        3.552713678800501e-15,
        2.6645352591003757e-15,
        1.7763568394002505e-15,
        2.6645352591003757e-15,
        3.552713678800501e-15,
        1.7763568394002505e-15,
        1.7763568394002505e-15,
        2.6645352591003757e-15,
        3.552713678800501e-15,
        3.552713678800501e-15,
        3.552713678800501e-15,
        2.6645352591003757e-15,
        3.552713678800501e-15,
        2.220446049250313e-15,
        3.552713678800501e-15,
        3.552713678800501e-15,
        3.552713678800501e-15,
        3.552713678800501e-15,
        3.552713678800501e-15,
        3.552713678800501e-15,
        3.552713678800501e-15,
        3.552713678800501e-15,
        2.6645352591003757e-15,
        3.552713678800501e-15,
        3.552713678800501e-15,
        3.552713678800501e-15,
        3.552713678800501e-15,
        2.6645352591003757e-15,
        3.552713678800501e-15,
        3.1086244689504383e-15,
        3.1086244689504383e-15,
        3.552713678800501e-15,
        3.552713678800501e-15,
        3.1086244689504383e-15,
        3.552713678800501e-15,
        2.6645352591003757e-15,
        2.6645352591003757e-15,
        2.220446049250313e-15,
        3.1086244689504383e-15,
        3.552713678800501e-15,
        2.6645352591003757e-15,
        3.552713678800501e-15,
        2.6645352591003757e-15,
        3.552713678800501e-15,
        3.552713678800501e-15,
        3.552713678800501e-15,
        3.552713678800501e-15,
        3.552713678800501e-15,
        3.552713678800501e-15,
        3.552713678800501e-15,
        3.552713678800501e-15,
        3.552713678800501e-15,
        3.552713678800501e-15,
        3.552713678800501e-15,
        3.552713678800501e-15,
        3.552713678800501e-15,
        3.552713678800501e-15,
        3.1086244689504383e-15,
        3.552713678800501e-15,
        3.1086244689504383e-15,
        3.552713678800501e-15,
        3.1086244689504383e-15,
        3.552713678800501e-15,
        3.552713678800501e-15,
        3.552713678800501e-15,
        2.6645352591003757e-15,
        3.552713678800501e-15,
        3.552713678800501e-15,
        3.552713678800501e-15,
        3.552713678800501e-15,
        3.552713678800501e-15,
        3.552713678800501e-15,
        3.1086244689504383e-15,
        3.1086244689504383e-15,
        2.6645352591003757e-15,
        3.552713678800501e-15,
        2.6645352591003757e-15,
        2.6645352591003757e-15,
        3.552713678800501e-15,
        3.1086244689504383e-15,
        2.6645352591003757e-15,
        3.552713678800501e-15,
        3.552713678800501e-15,
        3.1086244689504383e-15,
        3.552713678800501e-15,
        2.6645352591003757e-15,
        2.220446049250313e-15,
        2.6645352591003757e-15,
        2.6645352591003757e-15,
        2.6645352591003757e-15,
        3.552713678800501e-15,
        3.552713678800501e-15,
        3.552713678800501e-15,
        3.1086244689504383e-15,
        2.6645352591003757e-15,
        3.552713678800501e-15,
        3.552713678800501e-15,
        2.6645352591003757e-15,
        3.552713678800501e-15,
        3.552713678800501e-15,
        3.552713678800501e-15,
        3.552713678800501e-15,
        2.6645352591003757e-15,
        2.6645352591003757e-15,
        2.6645352591003757e-15,
        2.6645352591003757e-15,
        2.6645352591003757e-15,
        2.6645352591003757e-15,
        2.6645352591003757e-15,
        2.6645352591003757e-15,
        3.552713678800501e-15,
        3.552713678800501e-15,
        3.552713678800501e-15,
        3.552713678800501e-15,
        2.6645352591003757e-15,
        3.552713678800501e-15,
        3.552713678800501e-15,
        3.552713678800501e-15,
        3.552713678800501e-15,
        2.6645352591003757e-15,
        3.552713678800501e-15,
        3.552713678800501e-15,
        3.552713678800501e-15,
        3.552713678800501e-15,
        3.552713678800501e-15,
        3.552713678800501e-15,
        3.1086244689504383e-15,
        2.6645352591003757e-15
      ],
      "scale": 9.504849018839733
    },
    {
      "lr": 1e-06,
      "steps": 200,