{
  "lr": 1e-08,
  "shared_described_max": 0.06435432797713148,
  "shared_official_max": 0.06435432797713148,
  "shared_match_max": 1.7763568394002505e-15,
  "hidden_described_max": 1.1276271365545654e-05,
  "hidden_official_max": 0.010147112829502092,
  "hidden_factor_max": 899.8641927424986,
  "shared_to_hidden_described_max": 5707.0574031913075,
  "shared_to_hidden_official_max": 6.342131900812744,
  "shared_described_rms": 0.024347963550868636,
  "shared_official_rms": 0.02434796355086841,
  "hidden_described_rms": 6.337110802260207e-06,
  "hidden_official_rms": 0.005703571589279603,
  "hidden_factor_rms": 900.0271207575155,
  "shared_to_hidden_described_rms": 3842.1236917910037,
  "shared_to_hidden_official_rms": 4.268897684502232,
  "shared_hidden_cosine_described": 0.6144616182702815,
  "shared_hidden_cosine_official": 0.6145236047273637,
  "full_described_max": 0.06436556743406818,
  "full_official_max": 0.0744662109805283,
  "full_ratio_max": 1.1569261943787965,
  "reconstruction_described_max": 1.3660046960239924e-07,
  "reconstruction_official_max": 0.00012310783932178992
}