{
  "derived": {
    "energy": {
      "crossover_cutoff": 3.0,
      "per_cutoff": {
        "0.15": {
          "median_ab_ratio": 53.37147341422649,
          "median_rmse_a_cm": 27113.124984689613,
          "median_rmse_b_cm": 525.2642249746057,
          "ratios": [
            53.37147341422649,
            48.3561008997015,
            37.81037874326407,
            65.03572447683653,
            58.29028591822067
          ]
        },
        "0.25": {
          "median_ab_ratio": 21.737513323081984,
          "median_rmse_a_cm": 8806.040923613145,
          "median_rmse_b_cm": 391.472227852247,
          "ratios": [
            23.583133134814823,
            18.4576320129577,
            18.67389828303738,
            23.156471248594393,
            21.737513323081984
          ]
        },
        "0.40": {
          "median_ab_ratio": 12.1580665288764,
          "median_rmse_a_cm": 2922.4127050799234,
          "median_rmse_b_cm": 238.16081446181695,
          "ratios": [
            13.80086540693972,
            10.356111698546554,
            11.790913383775539,
            12.367158588703367,
            12.1580665288764
          ]
        },
        "0.70": {
          "median_ab_ratio": 10.74609216341765,
          "median_rmse_a_cm": 687.5777042162479,
          "median_rmse_b_cm": 64.36305382442718,
          "ratios": [
            12.222805527934387,
            9.526089054640057,
            9.9232185452105,
            10.74609216341765,
            10.789858552023144
          ]
        },
        "1.00": {
          "median_ab_ratio": 10.012280667930042,
          "median_rmse_a_cm": 278.78193813263005,
          "median_rmse_b_cm": 27.797533869382303,
          "ratios": [
            10.488376944968063,
            10.755638298253894,
            10.012280667930042,
            7.0639596165657075,
            6.322066949887621
          ]
        },
        "1.50": {
          "median_ab_ratio": 1.7787654780543778,
          "median_rmse_a_cm": 77.32848333580779,
          "median_rmse_b_cm": 39.420702367487756,
          "ratios": [
            1.7787654780543778,
            2.174085484757134,
            2.2240022373665895,
            1.6725666129004992,
            1.4590768194369392
          ]
        },
        "2.00": {
          "median_ab_ratio": 1.6998562024318686,
          "median_rmse_a_cm": 61.33120765000116,
          "median_rmse_b_cm": 35.51558883453525,
          "ratios": [
            1.6998562024318686,
            1.7199425084108209,
            2.2171526368863392,
            1.6753548603583526,
            1.3946926764145433
          ]
        },
        "3.00": {
          "median_ab_ratio": 0.5830748627590062,
          "median_rmse_a_cm": 11.879279607276374,
          "median_rmse_b_cm": 21.055499332239904,
          "ratios": [
            0.5830748627590062,
            0.45760196056104135,
            0.7187038989589808,
            0.6811939602933772,
            0.47833471638470193
          ]
        }
      }
    },
    "energy_force": {
      "crossover_cutoff": 2.0,
      "per_cutoff": {
        "0.15": {
          "median_ab_ratio": 1830.353169878195,
          "median_rmse_a_cm": 76036.81105473472,
          "median_rmse_b_cm": 41.542152796552784,
          "ratios": [
            2801.3464217114333,
            1830.353169878195,
            880.0318502263497,
            2348.58814015745,
            1343.281883731386
          ]
        },
        "0.25": {
          "median_ab_ratio": 212.41231364530097,
          "median_rmse_a_cm": 13427.848669367795,
          "median_rmse_b_cm": 60.445390928587756,
          "ratios": [
            205.06470594384467,
            331.5966941557005,
            175.11733175888324,
            294.00164980347245,
            212.41231364530097
          ]
        },
        "0.40": {
          "median_ab_ratio": 23.83692769195946,
          "median_rmse_a_cm": 2117.762269530193,
          "median_rmse_b_cm": 99.53211975074912,
          "ratios": [
            58.42191819564136,
            27.589242679193806,
            23.83692769195946,
            21.27131883179851,
            15.704229994981118
          ]
        },
        "0.70": {
          "median_ab_ratio": 8.917971439289461,
          "median_rmse_a_cm": 527.7744881576145,
          "median_rmse_b_cm": 54.41172341628495,
          "ratios": [
            11.727383801246564,
            8.917971439289461,
            4.681428311253265,
            8.842772600972493,
            14.022215612465281
          ]
        },
        "1.00": {
          "median_ab_ratio": 5.765386499732109,
          "median_rmse_a_cm": 218.88983318495943,
          "median_rmse_b_cm": 37.1090028412179,
          "ratios": [
            4.77862811027393,
            6.596479322647979,
            2.606151131925814,
            5.765386499732109,
            6.6622318123365
          ]
        },
        "1.50": {
          "median_ab_ratio": 3.0723163796518107,
          "median_rmse_a_cm": 41.91217334138134,
          "median_rmse_b_cm": 10.991884043946625,
          "ratios": [
            3.195201828357518,
            3.0723163796518107,
            6.304325521689751,
            1.6194638562965094,
            1.7726743939126697
          ]
        },
        "2.00": {
          "median_ab_ratio": 0.26138315081088037,
          "median_rmse_a_cm": 3.7853613274035345,
          "median_rmse_b_cm": 15.197526186344001,
          "ratios": [
            0.1914974932630531,
            0.2953285583002658,
            0.26138315081088037,
            0.25393319415710053,
            0.4652049687409126
          ]
        },
        "3.00": {
          "median_ab_ratio": 0.3339858983357665,
          "median_rmse_a_cm": 2.472629981292276,
          "median_rmse_b_cm": 8.108486081772107,
          "ratios": [
            0.24503985664699582,
            0.3339858983357665,
            0.38886221177435965,
            0.17708258994808626,
            0.3960073528059182
          ]
        }
      }
    }
  },
  "protocol": {
    "activation": "tanh",
    "cutoffs_bohr": [
      0.15,
      0.25,
      0.4,
      0.7,
      1.0,
      1.5,
      2.0,
      3.0
    ],
    "falsifier": "energy+force crossover unchanged or smaller",
    "fold_seed": 70220,
    "hartree_to_cm": 219474.6313632,
    "hidden_units": 15,
    "hypothesis": "energy+force crossover cutoff is larger than energy-only",
    "init_seeds": [
      11,
      29,
      47,
      71,
      101
    ],
    "lambda_force": 1.0,
    "lr_high": 0.001,
    "lr_low": 1e-05,
    "model": "minimal-basis LCAO H2+ (zeta=1)",
    "n_folds": 5,
    "n_points": 401,
    "r_grid_bohr": [
      0.15,
      20.0
    ],
    "steps": 20000
  },
  "rmse_cm": {
    "energy": {
      "A": {
        "101": {
          "0.15": 24681.444526804862,
          "0.25": 8203.91552504574,
          "0.40": 2740.8680001093517,
          "0.70": 687.5777042162479,
          "1.00": 282.7961065872333,
          "1.50": 77.32848333580779,
          "2.00": 61.33120765000116,
          "3.00": 11.879279607276374
        },
        "11": {
          "0.15": 28034.12561867645,
          "0.25": 9155.02562179169,
          "0.40": 2946.738673812314,
          "0.70": 703.7055231012366,
          "1.00": 280.8270450092659,
          "1.50": 66.94693778874797,
          "2.00": 56.782659004076095,
          "3.00": 11.474383626128507
        },
        "29": {
          "0.15": 26140.181241798226,
          "0.25": 8612.63488892099,
          "0.40": 2789.3534901305284,
          "0.70": 683.2221820957915,
          "1.00": 278.78193813263005,
          "1.50": 85.70397681608631,
          "2.00": 67.70979283238704,
          "3.00": 10.964244213236864
        },
        "47": {
          "0.15": 27113.124984689613,
          "0.25": 8806.040923613145,
          "0.40": 2922.4127050799234,
          "0.70": 648.4572125321105,
          "1.00": 278.31671097654703,