
Scratch directory: /tmp/
gradient() will perform analytic gradient computation.
   => Libint2 <=

    Primary   basis highest AM E, G, H:  6, 6, 3
    Auxiliary basis highest AM E, G, H:  7, 7, 4
    Onebody   basis highest AM E, G, H:  -, -, -
    Solid Harmonics ordering:            Gaussian

*** tstart() called on flexpad
*** at Mon Aug  3 19:32:43 2026

   => Loading Basis Set <=

    Name: CC-PVTZ
    Role: ORBITAL
    Keyword: BASIS
    atoms 1-4  entry C          line   186 file /home/peter/miniconda3/envs/research/share/psi4/basis/cc-pvtz.gbs 
    atoms 5-12 entry H          line    23 file /home/peter/miniconda3/envs/research/share/psi4/basis/cc-pvtz.gbs 


         ---------------------------------------------------------
                                   SCF
               by Justin Turney, Rob Parrish, Andy Simmonett
                          and Daniel G. A. Smith
                              RHF Reference
                        7 Threads,   8583 MiB Core
         ---------------------------------------------------------

  ==> Geometry <==

    Molecular point group: ci
    Full point group: Ci

    Geometry (in Angstrom), charge = 0, multiplicity = 1:

       Center              X                  Y                   Z               Mass       
    ------------   -----------------  -----------------  -----------------  -----------------
         C            0.664000000000    -0.190000000000     0.000000000000    12.000000000000
         C           -0.664000000000     0.190000000000     0.000000000000    12.000000000000
         C            1.873000000000     0.356000000000     0.000000000000    12.000000000000
         C           -1.873000000000    -0.356000000000     0.000000000000    12.000000000000
         H            0.587000000000    -1.276000000000     0.000000000000     1.007825032230
         H           -0.587000000000     1.276000000000     0.000000000000     1.007825032230
         H            2.766000000000    -0.272000000000     0.000000000000     1.007825032230
         H            2.010000000000     1.436000000000     0.000000000000     1.007825032230
         H            1.870000000000     0.240000000000    -0.890000000000     1.007825032230
         H           -2.766000000000     0.272000000000     0.000000000000     1.007825032230
         H           -2.010000000000    -1.436000000000     0.000000000000     1.007825032230
         H           -1.870000000000    -0.240000000000     0.890000000000     1.007825032230

  Running in ci symmetry.

  Rotational constants: A =      1.56967  B =      0.12962  C =      0.12235 [cm^-1]
  Rotational constants: A =  47057.65844  B =   3885.76233  C =   3667.84665 [MHz]
  Nuclear repulsion =  122.351600534641094

  Charge       = 0
  Multiplicity = 1
  Electrons    = 32
  Nalpha       = 16
  Nbeta        = 16

  ==> Algorithm <==

  SCF Algorithm Type is DF.
  DIIS enabled.
  MOM disabled.
  Fractional occupation disabled.
  Guess Type is SAD.
  Energy threshold   = 1.00e-09
  Density threshold  = 1.00e-09
  Integral threshold = 1.00e-12

  ==> Primary Basis <==

  Basis Set: CC-PVTZ
    Blend: CC-PVTZ
    Number of shells: 88
    Number of basis functions: 232
    Number of Cartesian functions: 260
    Spherical Harmonics?: true
    Max angular momentum: 3

   => Loading Basis Set <=

    Name: (CC-PVTZ AUX)
    Role: JKFIT
    Keyword: DF_BASIS_SCF
    atoms 1-4  entry C          line   125 file /home/peter/miniconda3/envs/research/share/psi4/basis/cc-pvtz-jkfit.gbs 
    atoms 5-12 entry H          line    51 file /home/peter/miniconda3/envs/research/share/psi4/basis/cc-pvtz-jkfit.gbs 

  ==> Integral Setup <==

  DFHelper Memory: AOs need 0.228 GiB; user supplied 6.286 GiB. 
  Using in-core AOs.

  ==> MemDFJK: Density-Fitted J/K Matrices <==

    J tasked:                   Yes
    K tasked:                   Yes
    wK tasked:                   No
    OpenMP threads:               7
    Memory [MiB]:              6437
    Algorithm:                 Core
    Schwarz Cutoff:           1E-12
    Mask sparsity (%):       4.9569
    Fitting Condition:        1E-10

   => Auxiliary Basis Set <=

  Basis Set: (CC-PVTZ AUX)
    Blend: CC-PVTZ-JKFIT
    Number of shells: 180
    Number of basis functions: 556
    Number of Cartesian functions: 664
    Spherical Harmonics?: true
    Max angular momentum: 4

  Minimum eigenvalue in the overlap matrix is 1.6658020880E-04.
  Reciprocal condition number of the overlap matrix is 2.1749747055E-05.
    Using symmetric orthogonalization.

  ==> Pre-Iterations <==

  SCF Guess: Superposition of Atomic Densities via on-the-fly atomic UHF (no occupation information).

   -------------------------
    Irrep   Nso     Nmo    
   -------------------------
     Ag       116     116 
     Au       116     116 
   -------------------------
    Total     232     232
   -------------------------

  ==> Iterations <==

                           Total Energy        Delta E     RMS |[F,P]|

   @DF-RHF iter SAD:  -156.20380351455515   -1.56204e+02   0.00000e+00 
   @DF-RHF iter   1:  -155.71091881229455    4.92885e-01   3.60321e-03 ADIIS/DIIS
   @DF-RHF iter   2:  -155.87745206862394   -1.66533e-01   1.58140e-03 ADIIS/DIIS
   @DF-RHF iter   3:  -155.91053891328500   -3.30868e-02   2.61168e-04 ADIIS/DIIS
   @DF-RHF iter   4:  -155.91248334289219   -1.94443e-03   6.40042e-05 DIIS
   @DF-RHF iter   5:  -155.91256584255578   -8.24997e-05   1.65515e-05 DIIS
   @DF-RHF iter   6:  -155.91257376590823   -7.92335e-06   3.08255e-06 DIIS
   @DF-RHF iter   7:  -155.91257419585497   -4.29947e-07   9.00891e-07 DIIS
   @DF-RHF iter   8:  -155.91257424149109   -4.56361e-08   2.78473e-07 DIIS
   @DF-RHF iter   9:  -155.91257424619829   -4.70720e-09   6.54853e-08 DIIS
   @DF-RHF iter  10:  -155.91257424644220   -2.43915e-10   1.43539e-08 DIIS
   @DF-RHF iter  11:  -155.91257424645150   -9.29390e-12   3.14357e-09 DIIS
   @DF-RHF iter  12:  -155.91257424645198   -4.83169e-13   8.96015e-10 DIIS
  Energy and wave function converged.


  ==> Post-Iterations <==

    Orbital Energies [Eh]
    ---------------------

    Doubly Occupied:                                                      

       1Ag   -11.211642     1Au   -11.210301     2Ag   -11.185772  
       2Au   -11.185765     3Ag    -1.136547     3Au    -1.089062  
       4Ag    -0.906286     4Au    -0.741140     5Au    -0.657430  
       5Ag    -0.626842     6Au    -0.587308     6Ag    -0.579537  
       7Ag    -0.551032     7Au    -0.534362     8Ag    -0.428899  
       8Au    -0.281336  

    Virtual:                                                              

       9Ag     0.144495     9Au     0.157579    10Au     0.169263  
      10Ag     0.194366    11Ag     0.211989    12Ag     0.223316  
      11Au     0.237043    13Ag     0.238904    12Au     0.254837  
      13Au     0.313582    14Au     0.335325    14Ag     0.340535  
      15Ag     0.363634    16Ag     0.413492    15Au     0.448772  
      16Au     0.484364    17Ag     0.522748    17Au     0.524250  
      18Ag     0.570259    18Au     0.574815    19Ag     0.595645  
      19Au     0.609334    20Ag     0.626833    21Ag     0.642119  
      20Au     0.648358    21Au     0.658904    22Au     0.680709  
      22Ag     0.689761    23Au     0.693464    23Ag     0.711982  
      24Au     0.758275    24Ag     0.776610    25Ag     0.832958  
      25Au     0.840108    26Ag     0.867828    26Au     0.881936  
      27Au     0.922425    28Au     0.925392    27Ag     0.939825  
      28Ag     0.991196    29Au     1.009210    29Ag     1.055998  
      30Au     1.067633    30Ag     1.102710    31Au     1.107988  
      31Ag     1.135560    32Ag     1.148378    32Au     1.167875  
      33Ag     1.222019    33Au     1.230198    34Ag     1.296472  
      34Au     1.300744    35Ag     1.307717    36Ag     1.316376  
      35Au     1.350896    37Ag     1.388912    36Au     1.405085  
      38Ag     1.461148    37Au     1.464613    39Ag     1.475256  
      38Au     1.479299    39Au     1.509756    40Ag     1.541105  
      40Au     1.547851    41Au     1.585782    41Ag     1.605387  
      42Au     1.612458    42Ag     1.619583    43Ag     1.669080  
      43Au     1.686893    44Au     1.707778    44Ag     1.711012  
      45Ag     1.740688    45Au     1.743995    46Ag     1.802100  
      46Au     1.818412    47Au     2.055222    47Ag     2.124180  
      48Au     2.147461    48Ag     2.405255    49Au     2.409246  
      49Ag     2.498860    50Ag     2.573678    50Au     2.618563  
      51Ag     2.634717    52Ag     2.666512    51Au     2.686055  
      53Ag     2.698986    52Au     2.757828    53Au     2.768938  
      54Au     2.829596    54Ag     2.888032    55Ag     2.897825  
      55Au     2.906773    56Ag     2.909338    57Ag     2.940833  
      56Au     2.963261    57Au     2.998029    58Ag     3.023656  
      58Au     3.057746    59Au     3.084578    59Ag     3.097857  
      60Au     3.105018    61Au     3.139197    60Ag     3.163763  
      61Ag     3.170661    62Au     3.202434    62Ag     3.211243  
      63Au     3.234198    63Ag     3.236386    64Ag     3.296304  
      64Au     3.314527    65Ag     3.327718    65Au     3.328560  
      66Au     3.341592    66Ag     3.353020    67Ag     3.407304  
      68Ag     3.443866    67Au     3.444758    68Au     3.465994  
      69Ag     3.501603    69Au     3.508696    70Au     3.520397  
      70Ag     3.542700    71Au     3.551709    71Ag     3.643594  
      72Au     3.655037    72Ag     3.669381    73Au     3.696953  
      73Ag     3.750869    74Ag     3.774101    74Au     3.790203  
      75Ag     3.803441    75Au     3.836805    76Au     3.862632  
      76Ag     3.877974    77Ag     3.913022    77Au     3.940085  
      78Ag     3.941107    78Au     3.960890    79Ag     4.002963  
      79Au     4.033792    80Ag     4.060837    80Au     4.074751  
      81Au     4.121396    81Ag     4.126595    82Ag     4.150479  
      82Au     4.178266    83Ag     4.215145    83Au     4.223198  
      84Au     4.244856    85Au     4.286804    84Ag     4.306852  
      85Ag     4.346692    86Au     4.349805    86Ag     4.381705  
      87Au     4.384716    87Ag     4.430368    88Ag     4.478800  
      88Au     4.483655    89Ag     4.528255    89Au     4.600352  
      90Ag     4.636206    90Au     4.639082    91Ag     4.682690  
      92Ag     4.705028    91Au     4.724693    93Ag     4.747688  
      92Au     4.777533    93Au     4.806587    94Au     4.837302  
      94Ag     4.863291    95Ag     4.959069    95Au     5.012715  
      96Au     5.066397    96Ag     5.080797    97Au     5.103191  
      98Au     5.152692    97Ag     5.171502    98Ag     5.218827  
      99Au     5.263272    99Ag     5.330651   100Ag     5.356724  
     100Au     5.375276   101Ag     5.407864   101Au     5.410188  
     102Ag     5.504407   102Au     5.516376   103Ag     5.551079  
     103Au     5.554024   104Ag     5.585023   104Au     5.604619  
     105Ag     5.673715   105Au     5.736441   106Ag     5.746810  
     107Ag     5.857138   106Au     5.920022   108Ag     6.050666  
     107Au     6.059919   108Au     6.149799   109Ag     6.199188  
     109Au     6.276139   110Ag     6.295430   111Ag     6.351696  
     110Au     6.361842   112Ag     6.426040   111Au     6.433557  
     112Au     6.544740   113Au     6.674968   113Ag     6.752576  
     114Au     6.792964   114Ag     6.862857   115Ag    13.621785  
     115Au    14.265762   116Au    16.577720   116Ag    17.116908  

    Final Occupation by Irrep:
             Ag    Au 
    DOCC [     8,    8 ]
    NA   [     8,    8 ]
    NB   [     8,    8 ]

  @DF-RHF Final Energy:  -155.91257424645198

   => Energetics <=

    Nuclear Repulsion Energy =            122.3516005346410935
    One-Electron Energy =                -450.7018254861075093
    Two-Electron Energy =                 172.4376507050144482
    Total Energy =                       -155.9125742464519817

Computation Completed


Properties will be evaluated at   0.000000,   0.000000,   0.000000 [a0]

Properties computed using the SCF density matrix


 Multipole Moments:

 ------------------------------------------------------------------------------------
     Multipole            Electronic (a.u.)      Nuclear  (a.u.)        Total (a.u.)
 ------------------------------------------------------------------------------------

 L = 1.  Multiply by 2.5417464519 to convert [e a0] to [Debye]
 Dipole X            :          0.0000000            0.0000000            0.0000000
 Dipole Y            :          0.0000000            0.0000000            0.0000000
 Dipole Z            :          0.0000000            0.0000000            0.0000000
 Magnitude           :                                                    0.0000000

 ------------------------------------------------------------------------------------

*** tstop() called on flexpad at Mon Aug  3 19:32:44 2026
Module time:
	user time   =      11.50 seconds =       0.19 minutes
	system time =       0.40 seconds =       0.01 minutes
	total time  =          1 seconds =       0.02 minutes
Total time:
	user time   =    6530.21 seconds =     108.84 minutes
	system time =     287.54 seconds =       4.79 minutes
	total time  =       1129 seconds =      18.82 minutes

*** tstart() called on flexpad
*** at Mon Aug  3 19:32:44 2026


  //>>>>>>>>>>>>>>>>>>>>>>>>>>>>>>>>>>>//
  //               DFMP2               //
  //<<<<<<<<<<<<<<<<<<<<<<<<<<<<<<<<<<<//

   => Loading Basis Set <=

    Name: (CC-PVTZ AUX)
    Role: RIFIT
    Keyword: DF_BASIS_MP2
    atoms 1-4  entry C          line   209 file /home/peter/miniconda3/envs/research/share/psi4/basis/cc-pvtz-ri.gbs 
    atoms 5-12 entry H          line    19 file /home/peter/miniconda3/envs/research/share/psi4/basis/cc-pvtz-ri.gbs 

	 --------------------------------------------------------
	                          DF-MP2                         
	      2nd-Order Density-Fitted Moller-Plesset Theory     
	              RMP2 Wavefunction,   7 Threads             
	                                                         
	        Rob Parrish, Justin Turney, Andy Simmonett,      
	           Ed Hohenstein, and C. David Sherrill          
	 --------------------------------------------------------

   => Auxiliary Basis Set <=

  Basis Set: (CC-PVTZ AUX)
    Blend: CC-PVTZ-RI
    Number of shells: 172
    Number of basis functions: 564
    Number of Cartesian functions: 684
    Spherical Harmonics?: true
    Max angular momentum: 4

	 --------------------------------------------------------
	                 NBF =   232, NAUX =   564
	 --------------------------------------------------------
	   CLASS    FOCC     OCC    AOCC    AVIR     VIR    FVIR
	   PAIRS       4      16      12     216     216       0
	 --------------------------------------------------------

  DFHelper Memory: AOs need 0.228 GiB; user supplied 6.286 GiB. 
  Using in-core AOs.


         ------------------------------------------------------------
                                     CPHF                           
                                  Rob Parrish                       
         ------------------------------------------------------------

  ==> Geometry <==

    Molecular point group: ci
    Full point group: Ci

    Geometry (in Angstrom), charge = 0, multiplicity = 1:

       Center              X                  Y                   Z               Mass       
    ------------   -----------------  -----------------  -----------------  -----------------
         C            0.664000000000    -0.190000000000     0.000000000000    12.000000000000
         C           -0.664000000000     0.190000000000     0.000000000000    12.000000000000
         C            1.873000000000     0.356000000000     0.000000000000    12.000000000000
         C           -1.873000000000    -0.356000000000     0.000000000000    12.000000000000
         H            0.587000000000    -1.276000000000     0.000000000000     1.007825032230
         H           -0.587000000000     1.276000000000     0.000000000000     1.007825032230
         H            2.766000000000    -0.272000000000     0.000000000000     1.007825032230
         H            2.010000000000     1.436000000000     0.000000000000     1.007825032230
         H            1.870000000000     0.240000000000    -0.890000000000     1.007825032230
         H           -2.766000000000     0.272000000000     0.000000000000     1.007825032230
         H           -2.010000000000    -1.436000000000     0.000000000000     1.007825032230
         H           -1.870000000000    -0.240000000000     0.890000000000     1.007825032230

  Nuclear repulsion =  122.351600534641094
  Reference energy  = -155.912574246451982

  ==> Basis Set <==

  Basis Set: CC-PVTZ
    Blend: CC-PVTZ
    Number of shells: 88
    Number of basis functions: 232
    Number of Cartesian functions: 260
    Spherical Harmonics?: true
    Max angular momentum: 3

  ==> CGRSolver (by Rob Parrish) <==

   Number of roots    =         1
   Preconditioning    =    JACOBI
   Convergence cutoff =     1E-06
   Maximum iterations =       100

  ==> CPHFRHamiltonian (by Rob Parrish) <== 

  ==> MemDFJK: Density-Fitted J/K Matrices <==

    J tasked:                   Yes
    K tasked:                   Yes
    wK tasked:                   No
    OpenMP threads:               7
    Memory [MiB]:              6437
    Algorithm:                 Core
    Schwarz Cutoff:           1E-12
    Mask sparsity (%):       4.9569
    Fitting Condition:        1E-10

   => Auxiliary Basis Set <=

  Basis Set: (CC-PVTZ AUX)
    Blend: CC-PVTZ-JKFIT
    Number of shells: 180
    Number of basis functions: 556
    Number of Cartesian functions: 664
    Spherical Harmonics?: true
    Max angular momentum: 4

  ==> CPHF Iterations <==

  => Iterations <=

             Iter  Converged  Remaining    Residual
  CGR           1          0          1   9.888E-02
  CGR           2          0          1   1.547E-02
  CGR           3          0          1   5.162E-03
  CGR           4          0          1   1.744E-03
  CGR           5          0          1   4.940E-04
  CGR           6          0          1   1.319E-04
  CGR           7          0          1   3.212E-05
  CGR           8          0          1   6.552E-06
  CGR           9          0          1   1.629E-06
  CGR          10          1          0   3.326E-07

    CGRSolver converged.

  ==> DFCorrGrad: Density-Fitted Correlated Gradients <==

    OpenMP threads:              7
    Integrals threads:           7
    Memory [GiB]:            6.286
    Schwarz Cutoff:          0E+00
    Fitting Condition:       1E-10

   => Auxiliary Basis Set <=

  Basis Set: (CC-PVTZ AUX)
    Blend: CC-PVTZ-JKFIT
    Number of shells: 180
    Number of basis functions: 556
    Number of Cartesian functions: 664
    Spherical Harmonics?: true
    Max angular momentum: 4

	-----------------------------------------------------------
	 ==================> DF-MP2 Energies <==================== 
	-----------------------------------------------------------
	 Reference Energy          =    -155.9125742464519817 [Eh]
	 Singles Energy            =      -0.0000000000000000 [Eh]
	 Same-Spin Energy          =      -0.1615363796687304 [Eh]
	 Opposite-Spin Energy      =      -0.5428402320951015 [Eh]
	 Correlation Energy        =      -0.7043766117638319 [Eh]
	 Total Energy              =    -156.6169508582158016 [Eh]
	-----------------------------------------------------------
	 ================> DF-SCS-MP2 Energies <================== 
	-----------------------------------------------------------
	 SCS Same-Spin Scale       =       0.3333333333333333 [-]
	 SCS Opposite-Spin Scale   =       1.2000000000000000 [-]
	 SCS Same-Spin Energy      =      -0.0538454598895768 [Eh]
	 SCS Opposite-Spin Energy  =      -0.6514082785141218 [Eh]
	 SCS Correlation Energy    =      -0.7052537384036985 [Eh]
	 SCS Total Energy          =    -156.6178279848556940 [Eh]
	-----------------------------------------------------------


  -Total Gradient:
     Atom            X                  Y                   Z
    ------   -----------------  -----------------  -----------------
       1        0.205721734654     0.118769487599    -0.045093297661
       2       -0.205721734654    -0.118769487599     0.045093297661
       3       -0.115443360295    -0.083193827658    -0.139480278021
       4        0.115443360295     0.083193827658     0.139480278021
       5       -0.019880507240     0.009761512980     0.004010386781
       6        0.019880507240    -0.009761512980    -0.004010386781
       7       -0.000320051475    -0.002540457478    -0.040022374734
       8       -0.002084548048     0.001318683419    -0.020771488704
       9       -0.020310876601     0.006955634292     0.245649029437
      10        0.000320051475     0.002540457478     0.040022374734
      11        0.002084548048    -0.001318683419     0.020771488704
      12        0.020310876601    -0.006955634292    -0.245649029437


*** tstop() called on flexpad at Mon Aug  3 19:32:51 2026
Module time:
	user time   =      42.91 seconds =       0.72 minutes
	system time =       1.88 seconds =       0.03 minutes
	total time  =          7 seconds =       0.12 minutes
Total time:
	user time   =    6573.13 seconds =     109.55 minutes
	system time =     289.42 seconds =       4.82 minutes
	total time  =       1136 seconds =      18.93 minutes

    			-----------------------------------------

    			 OPTKING 3.0: for geometry optimizations 

    			     By R.A. King, Bethel University     

    			        with contributions from          

    			    A.V. Copan, J. Cayton, A. Heide      

    			-----------------------------------------

    
	                            ===> Fragment 1 <== 

	 Z (Atomic Numbers)          Masses                          Geom                  
	       6.000000            12.000000          1.25477815 -0.35904796  0.00000000   
	       6.000000            12.000000         -1.25477815  0.35904796  0.00000000   
	       6.000000            12.000000          3.53945703  0.67274250  0.00000000   
	       6.000000            12.000000         -3.53945703 -0.67274250  0.00000000   
	       1.000000             1.007825          1.10926924 -2.41129054  0.00000000   
	       1.000000             1.007825         -1.10926924  2.41129054  0.00000000   
	       1.000000             1.007825          5.22698246 -0.51400551  0.00000000   
	       1.000000             1.007825          3.79834951  2.71364672  0.00000000   
	       1.000000             1.007825          3.53378785  0.45353427 -1.68185625   
	       1.000000             1.007825         -5.22698246  0.51400551  0.00000000   
	       1.000000             1.007825         -3.79834951 -2.71364672  0.00000000   
	       1.000000             1.007825         -3.53378785 -0.45353427  1.68185625   

	 - Coordinate -           - BOHR/RAD -       - ANG/DEG -
	 R(1,2)           =         2.610275           1.381298
	 R(1,3)           =         2.506860           1.326573
	 R(1,5)           =         2.057395           1.088726
	 R(2,4)           =         2.506860           1.326573
	 R(2,6)           =         2.057395           1.088726
	 R(3,7)           =         2.063035           1.091711
	 R(3,8)           =         2.057259           1.088655
	 R(3,9)           =         1.696091           0.897533
	 R(4,10)          =         2.063035           1.091711
	 R(4,11)          =         2.057259           1.088655
	 R(4,12)          =         1.696091           0.897533
	 B(1,2,4)         =         2.438701         139.727264
	 B(1,2,6)         =         1.778710         101.912566
	 B(1,3,7)         =         2.104496         120.578744
	 B(1,3,8)         =         2.121169         121.534013
	 B(1,3,9)         =         1.514526          86.775925
	 B(2,1,3)         =         2.438701         139.727264
	 B(2,1,5)         =         1.778710         101.912566
	 B(2,4,10)        =         2.104496         120.578744
	 B(2,4,11)        =         2.121169         121.534013
	 B(2,4,12)        =         1.514526          86.775925
	 B(3,1,5)         =         2.065775         118.360170
	 B(4,2,6)         =         2.065775         118.360170
	 B(7,3,8)         =         2.057521         117.887244
	 B(7,3,9)         =         1.499123          85.893405
	 B(8,3,9)         =         1.699790          97.390800
	 B(10,4,11)       =         2.057521         117.887244
	 B(10,4,12)       =         1.499123          85.893405
	 B(11,4,12)       =         1.699790          97.390800
	 D(1,2,4,10)      =         3.141593         180.000000
	 D(1,2,4,11)      =         0.000000           0.000000
	 D(1,2,4,12)      =         1.687659          96.695762
	 D(2,1,3,7)       =         3.141593         180.000000
	 D(2,1,3,8)       =         0.000000           0.000000
	 D(2,1,3,9)       =        -1.687659         -96.695762
	 D(3,1,2,4)       =         3.141593         180.000000
	 D(3,1,2,6)       =         0.000000           0.000000
	 D(4,2,1,5)       =         0.000000           0.000000
	 D(5,1,2,6)       =         3.141593         180.000000
	 D(5,1,3,7)       =         0.000000           0.000000
	 D(5,1,3,8)       =         3.141593         180.000000
	 D(5,1,3,9)       =         1.453933          83.304238
	 D(6,2,4,10)      =         0.000000           0.000000
	 D(6,2,4,11)      =         3.141593         180.000000
	 D(6,2,4,12)      =        -1.453933         -83.304238


	        --- Internal Coordinate Step in ANG or DEG, aJ/ANG or AJ/DEG ---
	-------------------------------------------------------------------------------
	           Coordinate      Previous         Force          Change          New 
	           ----------      --------        ------          ------        ------
	               R(1,2)       1.38130       -0.26193       -0.02022       1.36108
	               R(1,3)       1.32657        1.30003        0.08822       1.41479
	               R(1,5)       1.08873        0.06864        0.00636       1.09509
	               R(2,4)       1.32657        1.30003        0.08822       1.41479
	               R(2,6)       1.08873        0.06864        0.00636       1.09509
	               R(3,7)       1.09171       -0.00988       -0.00092       1.09079
	               R(3,8)       1.08865       -0.00862       -0.00080       1.08786
	               R(3,9)       0.89753        2.01370        0.12232       1.01985
	              R(4,10)       1.09171       -0.00988       -0.00092       1.09079
	              R(4,11)       1.08865       -0.00862       -0.00080       1.08786
	              R(4,12)       0.89753        2.01370        0.12232       1.01985
	             B(1,2,4)     139.72726       -0.00305       -4.07487     135.65239
	             B(1,2,6)     101.91257        0.00313        4.44053     106.35310
	             B(1,3,7)     120.57874        0.00009       -0.06731     120.51144
	             B(1,3,8)     121.53401        0.00013        0.06173     121.59574
	             B(1,3,9)      86.77592        0.00368        5.98111      92.75703
	             B(2,1,3)     139.72726       -0.00305       -4.07487     135.65239
	             B(2,1,5)     101.91257        0.00313        4.44053     106.35310
	            B(2,4,10)     120.57874        0.00009       -0.06731     120.51144
	            B(2,4,11)     121.53401        0.00013        0.06173     121.59574
	            B(2,4,12)      86.77592        0.00368        5.98111      92.75703
	             B(3,1,5)     118.36017       -0.00008       -0.36574     117.99443
	             B(4,2,6)     118.36017       -0.00008       -0.36574     117.99443
	             B(7,3,8)     117.88724       -0.00021       -0.44902     117.43822
	             B(7,3,9)      85.89341        0.00053        1.41698      87.31038
	             B(8,3,9)      97.39080       -0.00076       -0.83024      96.56056
	           B(10,4,11)     117.88724       -0.00021       -0.44902     117.43822
	           B(10,4,12)      85.89341        0.00053        1.41698      87.31038
	           B(11,4,12)      97.39080       -0.00076       -0.83024      96.56056
	          D(1,2,4,10)     180.00000        0.00245        4.59679     184.59679
	          D(1,2,4,11)       0.00000       -0.00174       -3.33879      -3.33879
	          D(1,2,4,12)      96.69576       -0.00038       -0.60042      96.09534
	           D(2,1,3,7)     180.00000       -0.00245       -4.59679     175.40321
	           D(2,1,3,8)       0.00000        0.00174        3.33879       3.33879
	           D(2,1,3,9)     -96.69576        0.00038        0.60042     -96.09534
	           D(3,1,2,4)     180.00000        0.00000        0.00000     180.00000
	           D(3,1,2,6)       0.00000       -0.00005       -0.11180      -0.11180
	           D(4,2,1,5)       0.00000        0.00005        0.11180       0.11180
	           D(5,1,2,6)     180.00000       -0.00000        0.00000     180.00000
	           D(5,1,3,7)       0.00000       -0.00251       -4.71829      -4.71829
	           D(5,1,3,8)     180.00000        0.00168        3.21729     183.21729
	           D(5,1,3,9)      83.30424        0.00032        0.47893      83.78317
	          D(6,2,4,10)       0.00000        0.00251        4.71829       4.71829
	          D(6,2,4,11)     180.00000       -0.00168       -3.21729     176.78271
	          D(6,2,4,12)     -83.30424       -0.00032       -0.47893     -83.78317
	-------------------------------------------------------------------------------

	                                 ==> Convergence Check <==                                  
    
	Measures of convergence in internal coordinates in au.
    
	Criteria marked as inactive (o), active & met (*), and active & unmet ( ).

	----------------------------------------------------------------------------------------------~
	   Step    Total Energy     Delta E     Max Force     RMS Force      Max Disp      RMS Disp   ~
	----------------------------------------------------------------------------------------------~
	  Convergence Criteria     1.00e-06 *    3.00e-04 *             o    1.20e-03 *             o~
	----------------------------------------------------------------------------------------------~
	     1    -156.61695086   -1.57e+02      2.44e-01      6.47e-02 o    2.31e-01      7.45e-02 o  ~
	----------------------------------------------------------------------------------------------

Next Geometry in Ang 
	Fragment 1 (Ang)

	    C   0.6413265035  -0.2276400880  -0.0034972324
	    C  -0.6413265035   0.2276400880   0.0034972324
	    C   1.9254888856   0.3658644576  -0.0212829503
	    C  -1.9254888856  -0.3658644576   0.0212829503
	    H   0.5804722145  -1.3209933227   0.0062414453
	    H  -0.5804722145   1.3209933227  -0.0062414453
	    H   2.8218850340  -0.2513019882   0.0522226840
	    H   2.0551770678   1.4451572496   0.0204158743
	    H   2.0061829121   0.2778536980  -1.0341196407
	    H  -2.8218850340   0.2513019882  -0.0522226840
	    H  -2.0551770678  -1.4451572496  -0.0204158743
	    H  -2.0061829121  -0.2778536980   1.0341196407


    Structure for next step:
    Molecular point group: ci
    Full point group: Ci

    Geometry (in Angstrom), charge = 0, multiplicity = 1:

    C            0.641326503451    -0.227640087974    -0.003497232423
    C           -0.641326503451     0.227640087974     0.003497232423
    C            1.925488885608     0.365864457552    -0.021282950305
    C           -1.925488885608    -0.365864457552     0.021282950305
    H            0.580472214476    -1.320993322743     0.006241445335
    H           -0.580472214476     1.320993322743    -0.006241445335
    H            2.821885034018    -0.251301988214     0.052222683959
    H            2.055177067771     1.445157249598     0.020415874347
    H            2.006182912086     0.277853697991    -1.034119640659
    H           -2.821885034018     0.251301988214    -0.052222683959
    H           -2.055177067771    -1.445157249598    -0.020415874347
    H           -2.006182912086    -0.277853697991     1.034119640659


Scratch directory: /tmp/
gradient() will perform analytic gradient computation.
   => Libint2 <=

    Primary   basis highest AM E, G, H:  6, 6, 3
    Auxiliary basis highest AM E, G, H:  7, 7, 4
    Onebody   basis highest AM E, G, H:  -, -, -
    Solid Harmonics ordering:            Gaussian

*** tstart() called on flexpad
*** at Mon Aug  3 19:32:51 2026

   => Loading Basis Set <=

    Name: CC-PVTZ
    Role: ORBITAL
    Keyword: BASIS
    atoms 1-4  entry C          line   186 file /home/peter/miniconda3/envs/research/share/psi4/basis/cc-pvtz.gbs 
    atoms 5-12 entry H          line    23 file /home/peter/miniconda3/envs/research/share/psi4/basis/cc-pvtz.gbs 


         ---------------------------------------------------------
                                   SCF
               by Justin Turney, Rob Parrish, Andy Simmonett
                          and Daniel G. A. Smith
                              RHF Reference
                        7 Threads,   8583 MiB Core
         ---------------------------------------------------------

  ==> Geometry <==

    Molecular point group: ci
    Full point group: Ci

    Geometry (in Angstrom), charge = 0, multiplicity = 1:

       Center              X                  Y                   Z               Mass       
    ------------   -----------------  -----------------  -----------------  -----------------
         C            0.641326503451    -0.227640087974    -0.003497232423    12.000000000000
         C           -0.641326503451     0.227640087974     0.003497232423    12.000000000000
         C            1.925488885608     0.365864457552    -0.021282950305    12.000000000000
         C           -1.925488885608    -0.365864457552     0.021282950305    12.000000000000
         H            0.580472214476    -1.320993322743     0.006241445335     1.007825032230
         H           -0.580472214476     1.320993322743    -0.006241445335     1.007825032230
         H            2.821885034018    -0.251301988214     0.052222683959     1.007825032230
         H            2.055177067771     1.445157249598     0.020415874347     1.007825032230
         H            2.006182912086     0.277853697991    -1.034119640659     1.007825032230
         H           -2.821885034018     0.251301988214    -0.052222683959     1.007825032230
         H           -2.055177067771    -1.445157249598    -0.020415874347     1.007825032230
         H           -2.006182912086    -0.277853697991     1.034119640659     1.007825032230

  Running in ci symmetry.

  Rotational constants: A =      1.41145  B =      0.12314  C =      0.11638 [cm^-1]
  Rotational constants: A =  42314.28429  B =   3691.69100  C =   3488.89800 [MHz]
  Nuclear repulsion =  118.090328791044556

  Charge       = 0
  Multiplicity = 1
  Electrons    = 32
  Nalpha       = 16
  Nbeta        = 16

  ==> Algorithm <==

  SCF Algorithm Type is DF.
  DIIS enabled.
  MOM disabled.
  Fractional occupation disabled.
  Guess Type is READ.
  Energy threshold   = 1.00e-09
  Density threshold  = 1.00e-09
  Integral threshold = 1.00e-12

  ==> Primary Basis <==

  Basis Set: CC-PVTZ
    Blend: CC-PVTZ
    Number of shells: 88
    Number of basis functions: 232
    Number of Cartesian functions: 260
    Spherical Harmonics?: true
    Max angular momentum: 3

   => Loading Basis Set <=

    Name: (CC-PVTZ AUX)
    Role: JKFIT
    Keyword: DF_BASIS_SCF
    atoms 1-4  entry C          line   125 file /home/peter/miniconda3/envs/research/share/psi4/basis/cc-pvtz-jkfit.gbs 
    atoms 5-12 entry H          line    51 file /home/peter/miniconda3/envs/research/share/psi4/basis/cc-pvtz-jkfit.gbs 

   => Loading Basis Set <=

    Name: CC-PVTZ
    Role: ORBITAL
    Keyword: BASIS
    atoms 1-4  entry C          line   186 file /home/peter/miniconda3/envs/research/share/psi4/basis/cc-pvtz.gbs 
    atoms 5-12 entry H          line    23 file /home/peter/miniconda3/envs/research/share/psi4/basis/cc-pvtz.gbs 

  Reading orbitals from file /tmp/psi4.default.340379.180.npy, no projection.

  ==> Integral Setup <==

  DFHelper Memory: AOs need 0.227 GiB; user supplied 6.286 GiB. 
  Using in-core AOs.

  ==> MemDFJK: Density-Fitted J/K Matrices <==

    J tasked:                   Yes
    K tasked:                   Yes
    wK tasked:                   No
    OpenMP threads:               7
    Memory [MiB]:              6437
    Algorithm:                 Core
    Schwarz Cutoff:           1E-12
    Mask sparsity (%):       5.5106
    Fitting Condition:        1E-10

   => Auxiliary Basis Set <=

  Basis Set: (CC-PVTZ AUX)
    Blend: CC-PVTZ-JKFIT
    Number of shells: 180
    Number of basis functions: 556
    Number of Cartesian functions: 664
    Spherical Harmonics?: true
    Max angular momentum: 4

  Minimum eigenvalue in the overlap matrix is 2.6686706275E-04.
  Reciprocal condition number of the overlap matrix is 3.6533134727E-05.
    Using symmetric orthogonalization.

  ==> Pre-Iterations <==

  SCF Guess: Orbitals guess was supplied from a previous computation.

   -------------------------------------------------------
    Irrep   Nso     Nmo     Nalpha   Nbeta   Ndocc  Nsocc
   -------------------------------------------------------
     Ag       116     116       8       8       8       0
     Au       116     116       8       8       8       0
   -------------------------------------------------------
    Total     232     232      16      16      16       0
   -------------------------------------------------------

  ==> Iterations <==

                           Total Energy        Delta E     RMS |[F,P]|

   @DF-RHF iter   0:  -156.01403801780023   -1.56014e+02   2.68873e-03 
   @DF-RHF iter   1:  -156.05533124402177   -4.12932e-02   3.47538e-04 ADIIS/DIIS
   @DF-RHF iter   2:  -156.05716095705836   -1.82971e-03   1.33315e-04 ADIIS/DIIS
   @DF-RHF iter   3:  -156.05743254423811   -2.71587e-04   3.35266e-05 DIIS
   @DF-RHF iter   4:  -156.05747197771137   -3.94335e-05   9.82643e-06 DIIS
   @DF-RHF iter   5:  -156.05747645911225   -4.48140e-06   2.84909e-06 DIIS
   @DF-RHF iter   6:  -156.05747684796125   -3.88849e-07   8.02669e-07 DIIS
   @DF-RHF iter   7:  -156.05747687122948   -2.32682e-08   2.39938e-07 DIIS
   @DF-RHF iter   8:  -156.05747687371368   -2.48420e-09   5.76002e-08 DIIS
   @DF-RHF iter   9:  -156.05747687388623   -1.72548e-10   1.09854e-08 DIIS
   @DF-RHF iter  10:  -156.05747687389260   -6.36646e-12   2.88245e-09 DIIS
   @DF-RHF iter  11:  -156.05747687389285   -2.55795e-13   8.40609e-10 DIIS
  Energy and wave function converged.


  ==> Post-Iterations <==

    Orbital Energies [Eh]
    ---------------------

    Doubly Occupied:                                                      

       1Ag   -11.218755     1Au   -11.217272     2Ag   -11.206374  
       2Au   -11.206367     3Ag    -1.095307     3Au    -1.030048  
       4Ag    -0.898833     4Au    -0.737906     5Au    -0.638677  
       5Ag    -0.615003     6Au    -0.559588     6Ag    -0.556561  
       7Au    -0.537968     7Ag    -0.525477     8Ag    -0.451143  
       8Au    -0.302702  

    Virtual:                                                              

       9Ag     0.144513     9Au     0.155737    10Au     0.172239  
      10Ag     0.182623    11Ag     0.212660    12Ag     0.219837  
      11Au     0.229598    13Ag     0.236922    12Au     0.250828  
      13Au     0.310824    14Au     0.347354    14Ag     0.348568  
      15Ag     0.360482    16Ag     0.404116    15Au     0.449527  
      16Au     0.478009    17Ag     0.510267    17Au     0.516364  
      18Ag     0.568698    18Au     0.573123    19Au     0.599315  
      19Ag     0.603392    20Ag     0.620442    21Ag     0.636918  
      20Au     0.645500    21Au     0.648965    22Au     0.657388  
      23Au     0.672087    22Ag     0.677051    23Ag     0.694258  
      24Au     0.729710    24Ag     0.750612    25Ag     0.815634  
      25Au     0.826100    26Ag     0.856858    26Au     0.869921  
      27Ag     0.891613    27Au     0.897563    28Au     0.908347  
      28Ag     0.981553    29Au     1.026507    30Au     1.027786  
      29Ag     1.049957    31Au     1.084400    30Ag     1.088847  
      31Ag     1.111924    32Ag     1.140346    32Au     1.165687  
      33Ag     1.210597    33Au     1.247073    34Ag     1.268836  
      34Au     1.285051    35Ag     1.291970    36Ag     1.300576  
      35Au     1.330777    37Ag     1.369317    36Au     1.369705  
      38Ag     1.435872    37Au     1.436375    38Au     1.456664  
      39Ag     1.459283    39Au     1.493836    40Ag     1.535619  
      40Au     1.559805    41Ag     1.579073    41Au     1.583174  
      42Au     1.605664    42Ag     1.621616    43Au     1.644392  
      43Ag     1.654608    44Ag     1.672337    44Au     1.684129  
      45Ag     1.727336    45Au     1.735206    46Ag     1.738545  
      46Au     1.756467    47Au     1.941857    47Ag     2.019492  
      48Au     2.071341    49Au     2.370220    48Ag     2.394247  
      49Ag     2.461772    50Ag     2.493871    50Au     2.614976  
      51Ag     2.621547    52Ag     2.642811    51Au     2.658681  
      53Ag     2.691818    52Au     2.713326    53Au     2.733090  
      54Au     2.783964    54Ag     2.811969    55Ag     2.829279  
      56Ag     2.884054    55Au     2.900749    56Au     2.934569  
      57Au     2.950935    57Ag     2.957185    58Ag     3.020085  
      58Au     3.046761    59Ag     3.091793    59Au     3.095504  
      60Au     3.109645    61Au     3.118658    60Ag     3.136153  
      61Ag     3.146605    62Au     3.156732    62Ag     3.218067  
      63Ag     3.226924    63Au     3.228847    64Au     3.271701  
      64Ag     3.295893    65Ag     3.319736    65Au     3.329939  
      66Ag     3.341401    66Au     3.363546    67Ag     3.395497  
      67Au     3.412647    68Au     3.439259    68Ag     3.447757  
      69Au     3.478344    69Ag     3.481071    70Au     3.500999  
      70Ag     3.513826    71Au     3.542936    71Ag     3.615699  
      72Au     3.644070    72Ag     3.655794    73Au     3.685642  
      73Ag     3.697064    74Ag     3.722184    74Au     3.764150  
      75Ag     3.777713    75Au     3.819238    76Au     3.835416  
      76Ag     3.852017    77Ag     3.864934    77Au     3.886968  
      78Au     3.893315    78Ag     3.911866    79Au     3.943536  
      79Ag     3.974411    80Ag     3.994525    80Au     4.017178  
      81Au     4.047640    81Ag     4.055677    82Ag     4.067332  
      82Au     4.088356    83Ag     4.167310    84Ag     4.184070  
      83Au     4.187550    84Au     4.219618    85Au     4.235005  
      86Au     4.241038    85Ag     4.269048    86Ag     4.314373  
      87Au     4.360779    87Ag     4.362051    88Ag     4.374045  
      88Au     4.409484    89Au     4.485496    89Ag     4.493803  
      90Au     4.517926    90Ag     4.526267    91Au     4.541190  
      91Ag     4.581080    92Au     4.620783    92Ag     4.632718  
      93Ag     4.672170    93Au     4.696600    94Au     4.737745  
      94Ag     4.764844    95Ag     4.858603    95Au     4.908831  
      96Ag     4.941867    96Au     4.944944    97Ag     4.974088  
      97Au     4.987502    98Au     5.015848    99Au     5.058717  
      98Ag     5.102278    99Ag     5.151067   100Au     5.171685  
     100Ag     5.249028   101Au     5.302931   101Ag     5.306436  
     102Au     5.340000   102Ag     5.380085   103Ag     5.430332  
     103Au     5.446665   104Ag     5.449195   105Ag     5.497155  
     104Au     5.547539   105Au     5.696821   106Ag     5.709860  
     107Ag     5.741223   106Au     5.768018   108Ag     5.779700  
     107Au     5.806925   108Au     5.856435   109Ag     5.861801  
     109Au     5.997524   110Ag     6.014003   110Au     6.197750  
     111Ag     6.214677   111Au     6.258200   112Ag     6.268363  
     112Au     6.384422   113Au     6.492922   113Ag     6.511022  
     114Au     6.539978   114Ag     6.736092   115Ag    12.673532  
     115Au    13.878769   116Au    15.216195   116Ag    15.221726  

    Final Occupation by Irrep:
             Ag    Au 
    DOCC [     8,    8 ]
    NA   [     8,    8 ]
    NB   [     8,    8 ]

  @DF-RHF Final Energy:  -156.05747687389285

   => Energetics <=

    Nuclear Repulsion Energy =            118.0903287910445556
    One-Electron Energy =                -442.6996499280219837
    Two-Electron Energy =                 168.5518442630845755
    Total Energy =                       -156.0574768738928526

Computation Completed


Properties will be evaluated at   0.000000,   0.000000,   0.000000 [a0]

Properties computed using the SCF density matrix


 Multipole Moments:

 ------------------------------------------------------------------------------------
     Multipole            Electronic (a.u.)      Nuclear  (a.u.)        Total (a.u.)
 ------------------------------------------------------------------------------------

 L = 1.  Multiply by 2.5417464519 to convert [e a0] to [Debye]
 Dipole X            :          0.0000000           -0.0000000           -0.0000000
 Dipole Y            :          0.0000000            0.0000000            0.0000000
 Dipole Z            :          0.0000000            0.0000000            0.0000000
 Magnitude           :                                                    0.0000000

 ------------------------------------------------------------------------------------

*** tstop() called on flexpad at Mon Aug  3 19:32:53 2026
Module time:
	user time   =      10.46 seconds =       0.17 minutes
	system time =       0.38 seconds =       0.01 minutes
	total time  =          2 seconds =       0.03 minutes
Total time:
	user time   =    6584.43 seconds =     109.74 minutes
	system time =     289.82 seconds =       4.83 minutes
	total time  =       1138 seconds =      18.97 minutes

*** tstart() called on flexpad
*** at Mon Aug  3 19:32:53 2026


  //>>>>>>>>>>>>>>>>>>>>>>>>>>>>>>>>>>>//
  //               DFMP2               //
  //<<<<<<<<<<<<<<<<<<<<<<<<<<<<<<<<<<<//

   => Loading Basis Set <=

    Name: (CC-PVTZ AUX)
    Role: RIFIT
    Keyword: DF_BASIS_MP2
    atoms 1-4  entry C          line   209 file /home/peter/miniconda3/envs/research/share/psi4/basis/cc-pvtz-ri.gbs 
    atoms 5-12 entry H          line    19 file /home/peter/miniconda3/envs/research/share/psi4/basis/cc-pvtz-ri.gbs 

	 --------------------------------------------------------
	                          DF-MP2                         
	      2nd-Order Density-Fitted Moller-Plesset Theory     
	              RMP2 Wavefunction,   7 Threads             
	                                                         
	        Rob Parrish, Justin Turney, Andy Simmonett,      
	           Ed Hohenstein, and C. David Sherrill          
	 --------------------------------------------------------

   => Auxiliary Basis Set <=

  Basis Set: (CC-PVTZ AUX)
    Blend: CC-PVTZ-RI
    Number of shells: 172
    Number of basis functions: 564
    Number of Cartesian functions: 684
    Spherical Harmonics?: true
    Max angular momentum: 4

	 --------------------------------------------------------
	                 NBF =   232, NAUX =   564
	 --------------------------------------------------------
	   CLASS    FOCC     OCC    AOCC    AVIR     VIR    FVIR
	   PAIRS       4      16      12     216     216       0
	 --------------------------------------------------------

  DFHelper Memory: AOs need 0.227 GiB; user supplied 6.286 GiB. 
  Using in-core AOs.


         ------------------------------------------------------------
                                     CPHF                           
                                  Rob Parrish                       
         ------------------------------------------------------------

  ==> Geometry <==

    Molecular point group: ci
    Full point group: Ci

    Geometry (in Angstrom), charge = 0, multiplicity = 1:

       Center              X                  Y                   Z               Mass       
    ------------   -----------------  -----------------  -----------------  -----------------
         C            0.641326503451    -0.227640087974    -0.003497232423    12.000000000000
         C           -0.641326503451     0.227640087974     0.003497232423    12.000000000000
         C            1.925488885608     0.365864457552    -0.021282950305    12.000000000000
         C           -1.925488885608    -0.365864457552     0.021282950305    12.000000000000
         H            0.580472214476    -1.320993322743     0.006241445335     1.007825032230
         H           -0.580472214476     1.320993322743    -0.006241445335     1.007825032230
         H            2.821885034018    -0.251301988214     0.052222683959     1.007825032230
         H            2.055177067771     1.445157249598     0.020415874347     1.007825032230
         H            2.006182912086     0.277853697991    -1.034119640659     1.007825032230
         H           -2.821885034018     0.251301988214    -0.052222683959     1.007825032230
         H           -2.055177067771    -1.445157249598    -0.020415874347     1.007825032230
         H           -2.006182912086    -0.277853697991     1.034119640659     1.007825032230

  Nuclear repulsion =  118.090328791044556
  Reference energy  = -156.057476873892853

  ==> Basis Set <==

  Basis Set: CC-PVTZ
    Blend: CC-PVTZ
    Number of shells: 88
    Number of basis functions: 232
    Number of Cartesian functions: 260
    Spherical Harmonics?: true
    Max angular momentum: 3

  ==> CGRSolver (by Rob Parrish) <==

   Number of roots    =         1
   Preconditioning    =    JACOBI
   Convergence cutoff =     1E-06
   Maximum iterations =       100

  ==> CPHFRHamiltonian (by Rob Parrish) <== 

  ==> MemDFJK: Density-Fitted J/K Matrices <==

    J tasked:                   Yes
    K tasked:                   Yes
    wK tasked:                   No
    OpenMP threads:               7
    Memory [MiB]:              6437
    Algorithm:                 Core
    Schwarz Cutoff:           1E-12
    Mask sparsity (%):       5.5106
    Fitting Condition:        1E-10

   => Auxiliary Basis Set <=

  Basis Set: (CC-PVTZ AUX)
    Blend: CC-PVTZ-JKFIT
    Number of shells: 180
    Number of basis functions: 556
    Number of Cartesian functions: 664
    Spherical Harmonics?: true
    Max angular momentum: 4

  ==> CPHF Iterations <==

  => Iterations <=

             Iter  Converged  Remaining    Residual
  CGR           1          0          1   9.217E-02
  CGR           2          0          1   1.393E-02
  CGR           3          0          1   4.003E-03
  CGR           4          0          1   1.324E-03
  CGR           5          0          1   3.474E-04
  CGR           6          0          1   1.040E-04
  CGR           7          0          1   2.425E-05
  CGR           8          0          1   4.975E-06
  CGR           9          0          1   1.248E-06
  CGR          10          1          0   2.616E-07

    CGRSolver converged.

  ==> DFCorrGrad: Density-Fitted Correlated Gradients <==

    OpenMP threads:              7
    Integrals threads:           7
    Memory [GiB]:            6.286
    Schwarz Cutoff:          0E+00
    Fitting Condition:       1E-10

   => Auxiliary Basis Set <=

  Basis Set: (CC-PVTZ AUX)
    Blend: CC-PVTZ-JKFIT
    Number of shells: 180
    Number of basis functions: 556
    Number of Cartesian functions: 664
    Spherical Harmonics?: true
    Max angular momentum: 4

	-----------------------------------------------------------
	 ==================> DF-MP2 Energies <==================== 
	-----------------------------------------------------------
	 Reference Energy          =    -156.0574768738928526 [Eh]
	 Singles Energy            =      -0.0000000000000000 [Eh]
	 Same-Spin Energy          =      -0.1571094051884575 [Eh]
	 Opposite-Spin Energy      =      -0.5406447997369016 [Eh]
	 Correlation Energy        =      -0.6977542049253591 [Eh]
	 Total Energy              =    -156.7552310788182126 [Eh]
	-----------------------------------------------------------
	 ================> DF-SCS-MP2 Energies <================== 
	-----------------------------------------------------------
	 SCS Same-Spin Scale       =       0.3333333333333333 [-]
	 SCS Opposite-Spin Scale   =       1.2000000000000000 [-]
	 SCS Same-Spin Energy      =      -0.0523698017294858 [Eh]
	 SCS Opposite-Spin Energy  =      -0.6487737596842819 [Eh]
	 SCS Correlation Energy    =      -0.7011435614137677 [Eh]
	 SCS Total Energy          =    -156.7586204353066250 [Eh]
	-----------------------------------------------------------


  -Total Gradient:
     Atom            X                  Y                   Z
    ------   -----------------  -----------------  -----------------
       1        0.094970246417     0.068154195749    -0.031661169867
       2       -0.094970246417    -0.068154195749     0.031661169867
       3       -0.037286282903    -0.024567953302     0.012023092030
       4        0.037286282903     0.024567953302    -0.012023092030
       5       -0.016132504010     0.001570730687     0.003001542521
       6        0.016132504010    -0.001570730687    -0.003001542521
       7        0.003866292469    -0.001612028198    -0.035615597641
       8        0.001022480933     0.001886156520    -0.021118485320
       9       -0.011457793308    -0.006614724365     0.075641210280
      10       -0.003866292469     0.001612028198     0.035615597641
      11       -0.001022480933    -0.001886156520     0.021118485320
      12        0.011457793308     0.006614724365    -0.075641210280


*** tstop() called on flexpad at Mon Aug  3 19:33:00 2026
Module time:
	user time   =      41.47 seconds =       0.69 minutes
	system time =       1.78 seconds =       0.03 minutes
	total time  =          7 seconds =       0.12 minutes
Total time:
	user time   =    6625.91 seconds =     110.43 minutes
	system time =     291.60 seconds =       4.86 minutes
	total time  =       1145 seconds =      19.08 minutes

    			-----------------------------------------

    			 OPTKING 3.0: for geometry optimizations 

    			     By R.A. King, Bethel University     

    			        with contributions from          

    			    A.V. Copan, J. Cayton, A. Heide      

    			-----------------------------------------

    
	                            ===> Fragment 1 <== 

	 Z (Atomic Numbers)          Masses                          Geom                  
	       6.000000            12.000000          1.21193145 -0.43017742 -0.00660881   
	       6.000000            12.000000         -1.21193145  0.43017742  0.00660881   
	       6.000000            12.000000          3.63864665  0.69138362 -0.04021895   
	       6.000000            12.000000         -3.63864665 -0.69138362  0.04021895   
	       1.000000             1.007825          1.09693351 -2.49631559  0.01179462   
	       1.000000             1.007825         -1.09693351  2.49631559 -0.01179462   
	       1.000000             1.007825          5.33258987 -0.47489193  0.09868657   
	       1.000000             1.007825          3.88372180  2.73095141  0.03858041   
	       1.000000             1.007825          3.79113626  0.52506739 -1.95420290   
	       1.000000             1.007825         -5.33258987  0.47489193 -0.09868657   
	       1.000000             1.007825         -3.88372180 -2.73095141 -0.03858041   
	       1.000000             1.007825         -3.79113626 -0.52506739  1.95420290   

	 - Coordinate -           - BOHR/RAD -       - ANG/DEG -
	 R(1,2)           =         2.572061           1.361076
	 R(1,3)           =         2.673570           1.414792
	 R(1,5)           =         2.069418           1.095089
	 R(2,4)           =         2.673570           1.414792
	 R(2,6)           =         2.069418           1.095089
	 R(3,7)           =         2.061295           1.090790
	 R(3,8)           =         2.055750           1.087856
	 R(3,9)           =         1.927239           1.019851
	 R(4,10)          =         2.061295           1.090790
	 R(4,11)          =         2.055750           1.087856
	 R(4,12)          =         1.927239           1.019851
	 B(1,2,4)         =         2.367581         135.652391
	 B(1,2,6)         =         1.856212         106.353097
	 B(1,3,7)         =         2.103321         120.511437
	 B(1,3,8)         =         2.122246         121.595744
	 B(1,3,9)         =         1.618916          92.757034
	 B(2,1,3)         =         2.367581         135.652391
	 B(2,1,5)         =         1.856212         106.353097
	 B(2,4,10)        =         2.103321         120.511437
	 B(2,4,11)        =         2.122246         121.595744
	 B(2,4,12)        =         1.618916          92.757034
	 B(3,1,5)         =         2.059391         117.994430
	 B(4,2,6)         =         2.059391         117.994430
	 B(7,3,8)         =         2.049684         117.438220
	 B(7,3,9)         =         1.523854          87.310382
	 B(8,3,9)         =         1.685300          96.560558
	 B(10,4,11)       =         2.049684         117.438220
	 B(10,4,12)       =         1.523854          87.310382
	 B(11,4,12)       =         1.685300          96.560558
	 D(1,2,4,10)      =         3.221822         184.596794
	 D(1,2,4,11)      =        -0.058273          -3.338790
	 D(1,2,4,12)      =         1.677180          96.095338
	 D(2,1,3,7)       =         3.061363         175.403206
	 D(2,1,3,8)       =         0.058273           3.338790
	 D(2,1,3,9)       =        -1.677180         -96.095338
	 D(3,1,2,4)       =         3.141593         180.000000
	 D(3,1,2,6)       =        -0.001951          -0.111804
	 D(4,2,1,5)       =         0.001951           0.111804
	 D(5,1,2,6)       =         3.141593         180.000000
	 D(5,1,3,7)       =        -0.082350          -4.718292
	 D(5,1,3,8)       =         3.197745         183.217293
	 D(5,1,3,9)       =         1.462292          83.783165
	 D(6,2,4,10)      =         0.082350           4.718292
	 D(6,2,4,11)      =         3.085440         176.782707
	 D(6,2,4,12)      =        -1.462292         -83.783165


	        --- Internal Coordinate Step in ANG or DEG, aJ/ANG or AJ/DEG ---
	-------------------------------------------------------------------------------
	           Coordinate      Previous         Force          Change          New 
	           ----------      --------        ------          ------        ------
	               R(1,2)       1.36108       -0.16454       -0.02201       1.33906
	               R(1,3)       1.41479        0.43798        0.04034       1.45513
	               R(1,5)       1.09509        0.00531       -0.00134       1.09375
	               R(2,4)       1.41479        0.43798        0.04034       1.45513
	               R(2,6)       1.09509        0.00531       -0.00134       1.09375
	               R(3,7)       1.09079       -0.01392       -0.00280       1.08799
	               R(3,8)       1.08786       -0.00975       -0.00188       1.08597
	               R(3,9)       1.01985        0.62167        0.05004       1.06989
	              R(4,10)       1.09079       -0.01392       -0.00280       1.08799
	              R(4,11)       1.08786       -0.00975       -0.00188       1.08597
	              R(4,12)       1.01985        0.62167        0.05004       1.06989
	             B(1,2,4)     135.65239       -0.00230       -6.35999     129.29241
	             B(1,2,6)     106.35310        0.00243        7.49893     113.85203
	             B(1,3,7)     120.51144       -0.00032       -2.77521     117.73623
	             B(1,3,8)     121.59574       -0.00017       -1.79840     119.79734
	             B(1,3,9)      92.75703        0.00200        7.69391     100.45095
	             B(2,1,3)     135.65239       -0.00230       -6.35999     129.29241
	             B(2,1,5)     106.35310        0.00243        7.49893     113.85203
	            B(2,4,10)     120.51144       -0.00032       -2.77521     117.73623
	            B(2,4,11)     121.59574       -0.00017       -1.79840     119.79734
	            B(2,4,12)      92.75703        0.00200        7.69391     100.45095
	             B(3,1,5)     117.99443       -0.00013       -1.13976     116.85467
	             B(4,2,6)     117.99443       -0.00013       -1.13976     116.85467
	             B(7,3,8)     117.43822        0.00009       -0.33779     117.10043
	             B(7,3,9)      87.31038        0.00096        6.60760      93.91799
	             B(8,3,9)      96.56056       -0.00006        2.18394      98.74449
	           B(10,4,11)     117.43822        0.00009       -0.33779     117.10043
	           B(10,4,12)      87.31038        0.00096        6.60760      93.91799
	           B(11,4,12)      96.56056       -0.00006        2.18394      98.74449
	          D(1,2,4,10)     184.59679        0.00199       10.56767     195.16447
	          D(1,2,4,11)      -3.33879       -0.00146       -8.08939     -11.42818
	          D(1,2,4,12)      96.09534       -0.00029       -1.03805      95.05729
	           D(2,1,3,7)     175.40321       -0.00199      -10.56767     164.83553
	           D(2,1,3,8)       3.33879        0.00146        8.08939      11.42818
	           D(2,1,3,9)     -96.09534        0.00029        1.03805     -95.05729
	           D(3,1,2,4)     180.00000       -0.00000        0.00000     180.00000
	           D(3,1,2,6)      -0.11180       -0.00004       -0.24926      -0.36107
	           D(4,2,1,5)       0.11180        0.00004        0.24926       0.36107
	           D(5,1,2,6)     180.00000        0.00000        0.00000     180.00000
	           D(5,1,3,7)      -4.71829       -0.00203      -10.81633     -15.53462
	           D(5,1,3,8)     183.21729        0.00142        7.84074     191.05803
	           D(5,1,3,9)      83.78317        0.00025        0.78940      84.57256
	          D(6,2,4,10)       4.71829        0.00203       10.81633      15.53462
	          D(6,2,4,11)     176.78271       -0.00142       -7.84074     168.94197
	          D(6,2,4,12)     -83.78317       -0.00025       -0.78940     -84.57256
	-------------------------------------------------------------------------------

	                                 ==> Convergence Check <==                                  
    
	Measures of convergence in internal coordinates in au.
    
	Criteria marked as inactive (o), active & met (*), and active & unmet ( ).

	----------------------------------------------------------------------------------------------
	   Step    Total Energy     Delta E     Max Force     RMS Force      Max Disp      RMS Disp   
	----------------------------------------------------------------------------------------------
	  Convergence Criteria     1.00e-06 *    3.00e-04 *             o    1.20e-03 *             o
	----------------------------------------------------------------------------------------------
	     2    -156.75523108   -1.38e-01      7.55e-02      2.46e-02 o    1.89e-01      9.20e-02 o  ~
	----------------------------------------------------------------------------------------------

Next Geometry in Ang 
	Fragment 1 (Ang)

	    C   0.6073859779  -0.2811553414  -0.0175108282
	    C  -0.6073859779   0.2811553414   0.0175108282
	    C   1.9145619351   0.3532504765  -0.0964437857
	    C  -1.9145619351  -0.3532504765   0.0964437857
	    H   0.5897911645  -1.3743265218   0.0133320789
	    H  -0.5897911645   1.3743265218  -0.0133320789
	    H   2.7868314481  -0.2535150055   0.1374567680
	    H   2.0038267233   1.4254667242   0.0509382917
	    H   2.0831538597   0.3196255856  -1.1524341462
	    H  -2.7868314481   0.2535150055  -0.1374567680
	    H  -2.0038267233  -1.4254667242  -0.0509382917
	    H  -2.0831538597  -0.3196255856   1.1524341462


    Structure for next step:
    Molecular point group: ci
    Full point group: Ci

    Geometry (in Angstrom), charge = 0, multiplicity = 1:

    C            0.607385977928    -0.281155341427    -0.017510828195
    C           -0.607385977928     0.281155341427     0.017510828195
    C            1.914561935102     0.353250476456    -0.096443785730
    C           -1.914561935102    -0.353250476456     0.096443785730
    H            0.589791164495    -1.374326521776     0.013332078896
    H           -0.589791164495     1.374326521776    -0.013332078896
    H            2.786831448063    -0.253515005511     0.137456767960
    H            2.003826723277     1.425466724190     0.050938291683
    H            2.083153859658     0.319625585557    -1.152434146203
    H           -2.786831448063     0.253515005511    -0.137456767960
    H           -2.003826723277    -1.425466724190    -0.050938291683
    H           -2.083153859658    -0.319625585557     1.152434146203


Scratch directory: /tmp/
gradient() will perform analytic gradient computation.
   => Libint2 <=

    Primary   basis highest AM E, G, H:  6, 6, 3
    Auxiliary basis highest AM E, G, H:  7, 7, 4
    Onebody   basis highest AM E, G, H:  -, -, -
    Solid Harmonics ordering:            Gaussian

*** tstart() called on flexpad
*** at Mon Aug  3 19:33:00 2026

   => Loading Basis Set <=

    Name: CC-PVTZ
    Role: ORBITAL
    Keyword: BASIS
    atoms 1-4  entry C          line   186 file /home/peter/miniconda3/envs/research/share/psi4/basis/cc-pvtz.gbs 
    atoms 5-12 entry H          line    23 file /home/peter/miniconda3/envs/research/share/psi4/basis/cc-pvtz.gbs 


         ---------------------------------------------------------
                                   SCF
               by Justin Turney, Rob Parrish, Andy Simmonett
                          and Daniel G. A. Smith
                              RHF Reference
                        7 Threads,   8583 MiB Core
         ---------------------------------------------------------

  ==> Geometry <==

    Molecular point group: ci
    Full point group: Ci

    Geometry (in Angstrom), charge = 0, multiplicity = 1:

       Center              X                  Y                   Z               Mass       
    ------------   -----------------  -----------------  -----------------  -----------------
         C            0.607385977928    -0.281155341427    -0.017510828195    12.000000000000
         C           -0.607385977928     0.281155341427     0.017510828195    12.000000000000
         C            1.914561935102     0.353250476456    -0.096443785730    12.000000000000
         C           -1.914561935102    -0.353250476456     0.096443785730    12.000000000000
         H            0.589791164495    -1.374326521776     0.013332078896     1.007825032230
         H           -0.589791164495     1.374326521776    -0.013332078896     1.007825032230
         H            2.786831448063    -0.253515005511     0.137456767960     1.007825032230
         H            2.003826723277     1.425466724190     0.050938291683     1.007825032230
         H            2.083153859658     0.319625585557    -1.152434146203     1.007825032230
         H           -2.786831448063     0.253515005511    -0.137456767960     1.007825032230
         H           -2.003826723277    -1.425466724190    -0.050938291683     1.007825032230
         H           -2.083153859658    -0.319625585557     1.152434146203     1.007825032230

  Running in ci symmetry.

  Rotational constants: A =      1.26660  B =      0.12472  C =      0.11728 [cm^-1]
  Rotational constants: A =  37971.78560  B =   3738.99130  C =   3516.03188 [MHz]
  Nuclear repulsion =  117.018841321001602

  Charge       = 0
  Multiplicity = 1
  Electrons    = 32
  Nalpha       = 16
  Nbeta        = 16

  ==> Algorithm <==

  SCF Algorithm Type is DF.
  DIIS enabled.
  MOM disabled.
  Fractional occupation disabled.
  Guess Type is READ.
  Energy threshold   = 1.00e-09
  Density threshold  = 1.00e-09
  Integral threshold = 1.00e-12

  ==> Primary Basis <==

  Basis Set: CC-PVTZ
    Blend: CC-PVTZ
    Number of shells: 88
    Number of basis functions: 232
    Number of Cartesian functions: 260
    Spherical Harmonics?: true
    Max angular momentum: 3

   => Loading Basis Set <=

    Name: (CC-PVTZ AUX)
    Role: JKFIT
    Keyword: DF_BASIS_SCF
    atoms 1-4  entry C          line   125 file /home/peter/miniconda3/envs/research/share/psi4/basis/cc-pvtz-jkfit.gbs 
    atoms 5-12 entry H          line    51 file /home/peter/miniconda3/envs/research/share/psi4/basis/cc-pvtz-jkfit.gbs 

   => Loading Basis Set <=

    Name: CC-PVTZ
    Role: ORBITAL
    Keyword: BASIS
    atoms 1-4  entry C          line   186 file /home/peter/miniconda3/envs/research/share/psi4/basis/cc-pvtz.gbs 
    atoms 5-12 entry H          line    23 file /home/peter/miniconda3/envs/research/share/psi4/basis/cc-pvtz.gbs 

  Reading orbitals from file /tmp/psi4.default.340379.180.npy, no projection.

  ==> Integral Setup <==

  DFHelper Memory: AOs need 0.227 GiB; user supplied 6.286 GiB. 
  Using in-core AOs.

  ==> MemDFJK: Density-Fitted J/K Matrices <==

    J tasked:                   Yes
    K tasked:                   Yes
    wK tasked:                   No
    OpenMP threads:               7
    Memory [MiB]:              6437
    Algorithm:                 Core
    Schwarz Cutoff:           1E-12
    Mask sparsity (%):       5.5626
    Fitting Condition:        1E-10

   => Auxiliary Basis Set <=

  Basis Set: (CC-PVTZ AUX)
    Blend: CC-PVTZ-JKFIT
    Number of shells: 180
    Number of basis functions: 556
    Number of Cartesian functions: 664
    Spherical Harmonics?: true
    Max angular momentum: 4

  Minimum eigenvalue in the overlap matrix is 4.2799903641E-04.
  Reciprocal condition number of the overlap matrix is 6.0140195895E-05.
    Using symmetric orthogonalization.

  ==> Pre-Iterations <==

  SCF Guess: Orbitals guess was supplied from a previous computation.

   -------------------------------------------------------
    Irrep   Nso     Nmo     Nalpha   Nbeta   Ndocc  Nsocc
   -------------------------------------------------------
     Ag       116     116       8       8       8       0
     Au       116     116       8       8       8       0
   -------------------------------------------------------
    Total     232     232      16      16      16       0
   -------------------------------------------------------

  ==> Iterations <==

                           Total Energy        Delta E     RMS |[F,P]|

   @DF-RHF iter   0:  -156.14087371357604   -1.56141e+02   1.77140e-03 
   @DF-RHF iter   1:  -156.12541529106159    1.54584e-02   2.41243e-04 ADIIS/DIIS
   @DF-RHF iter   2:  -156.12653573274525   -1.12044e-03   9.04042e-05 DIIS
   @DF-RHF iter   3:  -156.12669784945174   -1.62117e-04   3.25698e-05 DIIS
   @DF-RHF iter   4:  -156.12673540934927   -3.75599e-05   8.11798e-06 DIIS
   @DF-RHF iter   5:  -156.12673868509515   -3.27575e-06   2.51847e-06 DIIS
   @DF-RHF iter   6:  -156.12673896506467   -2.79970e-07   7.36672e-07 DIIS
   @DF-RHF iter   7:  -156.12673898458928   -1.95246e-08   2.09502e-07 DIIS
   @DF-RHF iter   8:  -156.12673898629461   -1.70533e-09   4.24159e-08 DIIS
   @DF-RHF iter   9:  -156.12673898637863   -8.40146e-11   1.08145e-08 DIIS
   @DF-RHF iter  10:  -156.12673898638488   -6.25278e-12   3.14413e-09 DIIS
   @DF-RHF iter  11:  -156.12673898638548   -5.96856e-13   6.04285e-10 DIIS
  Energy and wave function converged.


  ==> Post-Iterations <==

    Orbital Energies [Eh]
    ---------------------

    Doubly Occupied:                                                      

       1Ag   -11.218849     1Au   -11.217188     2Ag   -11.211023  
       2Au   -11.211012     3Ag    -1.083586     3Au    -1.002104  
       4Ag    -0.888027     4Au    -0.741059     5Au    -0.624617  
       5Ag    -0.614509     6Au    -0.552391     7Au    -0.540113  
       6Ag    -0.533839     7Ag    -0.523536     8Ag    -0.475929  
       8Au    -0.321399  

    Virtual:                                                              

       9Ag     0.146161     9Au     0.157579    10Au     0.172079  
      10Ag     0.172975    11Ag     0.215196    12Ag     0.217717  
      11Au     0.229418    13Ag     0.241702    12Au     0.250613  
      13Au     0.308874    14Ag     0.352435    15Ag     0.358270  
      14Au     0.362396    16Ag     0.407541    15Au     0.456866  
      16Au     0.484140    17Ag     0.499478    17Au     0.507771  
      18Au     0.550716    18Ag     0.558678    19Ag     0.601576  
      19Au     0.603685    20Au     0.606255    20Ag     0.626317  
      21Au     0.639513    21Ag     0.641651    22Au     0.652536  
      22Ag     0.658564    23Au     0.673526    23Ag     0.676082  
      24Au     0.727593    24Ag     0.733503    25Ag     0.798728  
      25Au     0.823889    26Ag     0.849540    26Au     0.866986  
      27Au     0.885371    28Au     0.910416    27Ag     0.915499  
      28Ag     0.962910    29Au     0.987642    30Au     1.059626  
      29Ag     1.060041    30Ag     1.076387    31Au     1.097119  
      31Ag     1.097142    32Ag     1.172239    32Au     1.174759  
      33Ag     1.203693    33Au     1.243657    34Ag     1.248200  
      35Ag     1.286478    34Au     1.295250    36Ag     1.306556  
      35Au     1.337987    36Au     1.344065    37Ag     1.357033  
      37Au     1.406075    38Ag     1.419854    38Au     1.429313  
      39Ag     1.443789    39Au     1.477755    40Ag     1.528612  
      40Au     1.533654    41Ag     1.562586    41Au     1.565133  
      42Ag     1.605736    42Au     1.620307    43Au     1.639078  
      43Ag     1.643993    44Ag     1.665579    44Au     1.707179  
      45Ag     1.710601    46Ag     1.732458    45Au     1.734509  
      46Au     1.738095    47Au     1.893519    47Ag     1.955594  
      48Au     2.059178    48Ag     2.351560    49Au     2.375581  
      49Ag     2.434490    50Ag     2.495889    50Au     2.548224  
      51Ag     2.569402    51Au     2.611073    52Ag     2.649630  
      52Au     2.665012    53Ag     2.715847    53Au     2.726841  
      54Ag     2.759473    54Au     2.773679    55Ag     2.815655  
      56Ag     2.850566    55Au     2.854029    56Au     2.948204  
      57Au     2.977542    57Ag     3.001385    58Au     3.047267  
      59Au     3.063920    58Ag     3.075497    59Ag     3.100809  
      60Au     3.117476    60Ag     3.143501    61Au     3.150696  
      61Ag     3.161626    62Au     3.199562    62Ag     3.232529  
      63Ag     3.236952    64Ag     3.245192    63Au     3.254418  
      64Au     3.261541    65Ag     3.300311    66Ag     3.310179  
      65Au     3.333282    66Au     3.340346    67Au     3.387892  
      68Au     3.398676    67Ag     3.407411    68Ag     3.439398  
      69Au     3.464737    69Ag     3.510044    70Ag     3.529892  
      70Au     3.535332    71Au     3.569832    71Ag     3.587151  
      72Ag     3.635017    72Au     3.640968    73Au     3.672210  
      73Ag     3.681225    74Ag     3.733203    74Au     3.749948  
      75Au     3.793347    75Ag     3.795812    76Ag     3.808105  
      76Au     3.810966    77Au     3.815417    77Ag     3.860952  
      78Au     3.876075    78Ag     3.878899    79Au     3.885076  
      79Ag     3.891395    80Au     3.951914    80Ag     3.985235  
      81Ag     4.023151    81Au     4.044743    82Ag     4.096826  
      82Au     4.112334    83Ag     4.162797    84Ag     4.176413  
      83Au     4.178952    84Au     4.209938    85Ag     4.225154  
      85Au     4.232385    86Au     4.280869    86Ag     4.283393  
      87Au     4.310079    87Ag     4.335734    88Ag     4.379038  
      88Au     4.395037    89Ag     4.405680    89Au     4.437101  
      90Au     4.448675    90Ag     4.495194    91Au     4.530572  
      91Ag     4.565661    92Au     4.581500    92Ag     4.600229  
      93Au     4.614536    93Ag     4.653671    94Ag     4.690767  
      94Au     4.735847    95Au     4.764541    95Ag     4.823129  
      96Au     4.831740    96Ag     4.872945    97Au     4.885174  
      97Ag     4.922863    98Au     4.947652    99Au     5.013417  
      98Ag     5.021953    99Ag     5.101869   100Au     5.130266  
     100Ag     5.210658   101Ag     5.240415   101Au     5.279646  
     102Au     5.311166   102Ag     5.337626   103Ag     5.383457  
     103Au     5.395742   104Ag     5.402417   105Ag     5.476557  
     104Au     5.510009   106Ag     5.623221   105Au     5.667246  
     106Au     5.669213   107Ag     5.682561   108Ag     5.695490  
     107Au     5.744515   108Au     5.802050   109Ag     5.822570  
     110Ag     5.916837   109Au     5.942114   110Au     5.981471  
     111Au     6.110171   111Ag     6.209749   112Ag     6.272067  
     112Au     6.272305   113Au     6.426461   113Ag     6.438247  
     114Au     6.446684   114Ag     6.644832   115Ag    12.012691  
     115Au    13.824766   116Ag    14.546768   116Au    15.022876  

    Final Occupation by Irrep:
             Ag    Au 
    DOCC [     8,    8 ]
    NA   [     8,    8 ]
    NB   [     8,    8 ]

  @DF-RHF Final Energy:  -156.12673898638548

   => Energetics <=

    Nuclear Repulsion Energy =            117.0188413210016023
    One-Electron Energy =                -440.7727962579207883
    Two-Electron Energy =                 167.6272159505336958
    Total Energy =                       -156.1267389863854760

Computation Completed


Properties will be evaluated at   0.000000,   0.000000,   0.000000 [a0]

Properties computed using the SCF density matrix


 Multipole Moments:

 ------------------------------------------------------------------------------------
     Multipole            Electronic (a.u.)      Nuclear  (a.u.)        Total (a.u.)
 ------------------------------------------------------------------------------------

 L = 1.  Multiply by 2.5417464519 to convert [e a0] to [Debye]
 Dipole X            :          0.0000000            0.0000000            0.0000000
 Dipole Y            :          0.0000000            0.0000000            0.0000000
 Dipole Z            :          0.0000000            0.0000000            0.0000000
 Magnitude           :                                                    0.0000000

 ------------------------------------------------------------------------------------

*** tstop() called on flexpad at Mon Aug  3 19:33:01 2026
Module time:
	user time   =      10.49 seconds =       0.17 minutes
	system time =       0.37 seconds =       0.01 minutes
	total time  =          1 seconds =       0.02 minutes
Total time:
	user time   =    6637.50 seconds =     110.62 minutes
	system time =     291.99 seconds =       4.87 minutes
	total time  =       1146 seconds =      19.10 minutes

*** tstart() called on flexpad
*** at Mon Aug  3 19:33:01 2026


  //>>>>>>>>>>>>>>>>>>>>>>>>>>>>>>>>>>>//
  //               DFMP2               //
  //<<<<<<<<<<<<<<<<<<<<<<<<<<<<<<<<<<<//

   => Loading Basis Set <=

    Name: (CC-PVTZ AUX)
    Role: RIFIT
    Keyword: DF_BASIS_MP2
    atoms 1-4  entry C          line   209 file /home/peter/miniconda3/envs/research/share/psi4/basis/cc-pvtz-ri.gbs 
    atoms 5-12 entry H          line    19 file /home/peter/miniconda3/envs/research/share/psi4/basis/cc-pvtz-ri.gbs 

	 --------------------------------------------------------
	                          DF-MP2                         
	      2nd-Order Density-Fitted Moller-Plesset Theory     
	              RMP2 Wavefunction,   7 Threads             
	                                                         
	        Rob Parrish, Justin Turney, Andy Simmonett,      
	           Ed Hohenstein, and C. David Sherrill          
	 --------------------------------------------------------

   => Auxiliary Basis Set <=

  Basis Set: (CC-PVTZ AUX)
    Blend: CC-PVTZ-RI
    Number of shells: 172
    Number of basis functions: 564
    Number of Cartesian functions: 684
    Spherical Harmonics?: true
    Max angular momentum: 4

	 --------------------------------------------------------
	                 NBF =   232, NAUX =   564
	 --------------------------------------------------------
	   CLASS    FOCC     OCC    AOCC    AVIR     VIR    FVIR
	   PAIRS       4      16      12     216     216       0
	 --------------------------------------------------------

  DFHelper Memory: AOs need 0.227 GiB; user supplied 6.286 GiB. 
  Using in-core AOs.


         ------------------------------------------------------------
                                     CPHF                           
                                  Rob Parrish                       
         ------------------------------------------------------------

  ==> Geometry <==

    Molecular point group: ci
    Full point group: Ci

    Geometry (in Angstrom), charge = 0, multiplicity = 1:

       Center              X                  Y                   Z               Mass       
    ------------   -----------------  -----------------  -----------------  -----------------
         C            0.607385977928    -0.281155341427    -0.017510828195    12.000000000000
         C           -0.607385977928     0.281155341427     0.017510828195    12.000000000000
         C            1.914561935102     0.353250476456    -0.096443785730    12.000000000000
         C           -1.914561935102    -0.353250476456     0.096443785730    12.000000000000
         H            0.589791164495    -1.374326521776     0.013332078896     1.007825032230
         H           -0.589791164495     1.374326521776    -0.013332078896     1.007825032230
         H            2.786831448063    -0.253515005511     0.137456767960     1.007825032230
         H            2.003826723277     1.425466724190     0.050938291683     1.007825032230
         H            2.083153859658     0.319625585557    -1.152434146203     1.007825032230
         H           -2.786831448063     0.253515005511    -0.137456767960     1.007825032230
         H           -2.003826723277    -1.425466724190    -0.050938291683     1.007825032230
         H           -2.083153859658    -0.319625585557     1.152434146203     1.007825032230

  Nuclear repulsion =  117.018841321001602
  Reference energy  = -156.126738986385476

  ==> Basis Set <==

  Basis Set: CC-PVTZ
    Blend: CC-PVTZ
    Number of shells: 88
    Number of basis functions: 232
    Number of Cartesian functions: 260
    Spherical Harmonics?: true
    Max angular momentum: 3

  ==> CGRSolver (by Rob Parrish) <==

   Number of roots    =         1
   Preconditioning    =    JACOBI
   Convergence cutoff =     1E-06
   Maximum iterations =       100

  ==> CPHFRHamiltonian (by Rob Parrish) <== 

  ==> MemDFJK: Density-Fitted J/K Matrices <==

    J tasked:                   Yes
    K tasked:                   Yes
    wK tasked:                   No
    OpenMP threads:               7
    Memory [MiB]:              6437
    Algorithm:                 Core
    Schwarz Cutoff:           1E-12
    Mask sparsity (%):       5.5626
    Fitting Condition:        1E-10

   => Auxiliary Basis Set <=

  Basis Set: (CC-PVTZ AUX)
    Blend: CC-PVTZ-JKFIT
    Number of shells: 180
    Number of basis functions: 556
    Number of Cartesian functions: 664
    Spherical Harmonics?: true
    Max angular momentum: 4

  ==> CPHF Iterations <==

  => Iterations <=

             Iter  Converged  Remaining    Residual
  CGR           1          0          1   8.892E-02
  CGR           2          0          1   1.291E-02
  CGR           3          0          1   3.274E-03
  CGR           4          0          1   9.937E-04
  CGR           5          0          1   2.231E-04
  CGR           6          0          1   6.729E-05
  CGR           7          0          1   1.657E-05
  CGR           8          0          1   3.547E-06
  CGR           9          1          0   7.771E-07

    CGRSolver converged.

  ==> DFCorrGrad: Density-Fitted Correlated Gradients <==

    OpenMP threads:              7
    Integrals threads:           7
    Memory [GiB]:            6.286
    Schwarz Cutoff:          0E+00
    Fitting Condition:       1E-10

   => Auxiliary Basis Set <=

  Basis Set: (CC-PVTZ AUX)
    Blend: CC-PVTZ-JKFIT
    Number of shells: 180
    Number of basis functions: 556
    Number of Cartesian functions: 664
    Spherical Harmonics?: true
    Max angular momentum: 4

	-----------------------------------------------------------
	 ==================> DF-MP2 Energies <==================== 
	-----------------------------------------------------------
	 Reference Energy          =    -156.1267389863854760 [Eh]
	 Singles Energy            =      -0.0000000000000000 [Eh]
	 Same-Spin Energy          =      -0.1530766907626511 [Eh]
	 Opposite-Spin Energy      =      -0.5362845051941991 [Eh]
	 Correlation Energy        =      -0.6893611959568502 [Eh]
	 Total Energy              =    -156.8161001823423248 [Eh]
	-----------------------------------------------------------
	 ================> DF-SCS-MP2 Energies <================== 
	-----------------------------------------------------------
	 SCS Same-Spin Scale       =       0.3333333333333333 [-]
	 SCS Opposite-Spin Scale   =       1.2000000000000000 [-]
	 SCS Same-Spin Energy      =      -0.0510255635875504 [Eh]
	 SCS Opposite-Spin Energy  =      -0.6435414062330389 [Eh]
	 SCS Correlation Energy    =      -0.6945669698205893 [Eh]
	 SCS Total Energy          =    -156.8213059562060607 [Eh]
	-----------------------------------------------------------


  -Total Gradient:
     Atom            X                  Y                   Z
    ------   -----------------  -----------------  -----------------
       1        0.033328271085     0.030640713754    -0.020797626662
       2       -0.033328271085    -0.030640713754     0.020797626662
       3       -0.019606396634    -0.006015031253     0.034988423403
       4        0.019606396634     0.006015031253    -0.034988423403
       5       -0.005356280835    -0.002729414780     0.002612369590
       6        0.005356280835     0.002729414780    -0.002612369590
       7        0.004349236516    -0.004106300236    -0.024335438443
       8        0.001744391006     0.002239922550    -0.017879653237
       9       -0.004594924225    -0.003624043850     0.026387086991
      10       -0.004349236516     0.004106300236     0.024335438443
      11       -0.001744391006    -0.002239922550     0.017879653237
      12        0.004594924225     0.003624043850    -0.026387086991


*** tstop() called on flexpad at Mon Aug  3 19:33:08 2026
Module time:
	user time   =      40.94 seconds =       0.68 minutes
	system time =       1.81 seconds =       0.03 minutes
	total time  =          7 seconds =       0.12 minutes
Total time:
	user time   =    6678.44 seconds =     111.31 minutes
	system time =     293.80 seconds =       4.90 minutes
	total time  =       1153 seconds =      19.22 minutes

    			-----------------------------------------

    			 OPTKING 3.0: for geometry optimizations 

    			     By R.A. King, Bethel University     

    			        with contributions from          

    			    A.V. Copan, J. Cayton, A. Heide      

    			-----------------------------------------

    
	                            ===> Fragment 1 <== 

	 Z (Atomic Numbers)          Masses                          Geom                  
	       6.000000            12.000000          1.14779315 -0.53130659 -0.03309067   
	       6.000000            12.000000         -1.14779315  0.53130659  0.03309067   
	       6.000000            12.000000          3.61799771  0.66754665 -0.18225234   
	       6.000000            12.000000         -3.61799771 -0.66754665  0.18225234   
	       1.000000             1.007825          1.11454377 -2.59710073  0.02519398   
	       1.000000             1.007825         -1.11454377  2.59710073 -0.02519398   
	       1.000000             1.007825          5.26634819 -0.47907393  0.25975565   
	       1.000000             1.007825          3.78668371  2.69374171  0.09625942   
	       1.000000             1.007825          3.93659027  0.60400482 -2.17778491   
	       1.000000             1.007825         -5.26634819  0.47907393 -0.25975565   
	       1.000000             1.007825         -3.78668371 -2.69374171 -0.09625942   
	       1.000000             1.007825         -3.93659027 -0.60400482  2.17778491   

	 - Coordinate -           - BOHR/RAD -       - ANG/DEG -
	 R(1,2)           =         2.530463           1.339063
	 R(1,3)           =         2.749802           1.455132
	 R(1,5)           =         2.066884           1.093748
	 R(2,4)           =         2.749802           1.455132
	 R(2,6)           =         2.066884           1.093748
	 R(3,7)           =         2.056008           1.087993
	 R(3,8)           =         2.052192           1.085973
	 R(3,9)           =         2.021803           1.069892
	 R(4,10)          =         2.056008           1.087993
	 R(4,11)          =         2.052192           1.085973
	 R(4,12)          =         2.021803           1.069892
	 B(1,2,4)         =         2.256578         129.292405
	 B(1,2,6)         =         1.987093         113.852025
	 B(1,3,7)         =         2.054885         117.736231
	 B(1,3,8)         =         2.090858         119.797340
	 B(1,3,9)         =         1.753200         100.450945
	 B(2,1,3)         =         2.256578         129.292405
	 B(2,1,5)         =         1.987093         113.852025
	 B(2,4,10)        =         2.054885         117.736231
	 B(2,4,11)        =         2.090858         119.797340
	 B(2,4,12)        =         1.753200         100.450945
	 B(3,1,5)         =         2.039499         116.854667
	 B(4,2,6)         =         2.039499         116.854667
	 B(7,3,8)         =         2.043788         117.100428
	 B(7,3,9)         =         1.639178          93.917985
	 B(8,3,9)         =         1.723417          98.744495
	 B(10,4,11)       =         2.043788         117.100428
	 B(10,4,12)       =         1.639178          93.917985
	 B(11,4,12)       =         1.723417          98.744495
	 D(1,2,4,10)      =         3.406263         195.164467
	 D(1,2,4,11)      =        -0.199459         -11.428179
	 D(1,2,4,12)      =         1.659063          95.057290
	 D(2,1,3,7)       =         2.876923         164.835533
	 D(2,1,3,8)       =         0.199459          11.428179
	 D(2,1,3,9)       =        -1.659063         -95.057290
	 D(3,1,2,4)       =         3.141593         180.000000
	 D(3,1,2,6)       =        -0.006302          -0.361069
	 D(4,2,1,5)       =         0.006302           0.361069
	 D(5,1,2,6)       =         3.141593         180.000000
	 D(5,1,3,7)       =        -0.271130         -15.534617
	 D(5,1,3,8)       =         3.334592         191.058030
	 D(5,1,3,9)       =         1.476070          84.572560
	 D(6,2,4,10)      =         0.271130          15.534617
	 D(6,2,4,11)      =         2.948594         168.941970
	 D(6,2,4,12)      =        -1.476070         -84.572560


	        --- Internal Coordinate Step in ANG or DEG, aJ/ANG or AJ/DEG ---
	-------------------------------------------------------------------------------
	           Coordinate      Previous         Force          Change          New 
	           ----------      --------        ------          ------        ------
	               R(1,2)       1.33906       -0.01676       -0.00346       1.33560
	               R(1,3)       1.45513        0.18390        0.02215       1.47728
	               R(1,5)       1.09375       -0.02379       -0.00692       1.08682
	               R(2,4)       1.45513        0.18390        0.02215       1.47728
	               R(2,6)       1.09375       -0.02379       -0.00692       1.08682
	               R(3,7)       1.08799       -0.00449       -0.00127       1.08672
	               R(3,8)       1.08597        0.00059        0.00003       1.08600
	               R(3,9)       1.06989        0.21960        0.02226       1.09215
	              R(4,10)       1.08799       -0.00449       -0.00127       1.08672
	              R(4,11)       1.08597        0.00059        0.00003       1.08600
	              R(4,12)       1.06989        0.21960        0.02226       1.09215
	             B(1,2,4)     129.29241       -0.00093       -3.41419     125.87821
	             B(1,2,6)     113.85203        0.00089        3.48743     117.33946
	             B(1,3,7)     117.73623       -0.00040       -4.72706     113.00917
	             B(1,3,8)     119.79734       -0.00056       -5.15414     114.64320
	             B(1,3,9)     100.45095        0.00099        6.91643     107.36738
	             B(2,1,3)     129.29241       -0.00093       -3.41419     125.87821
	             B(2,1,5)     113.85203        0.00089        3.48743     117.33946
	            B(2,4,10)     117.73623       -0.00040       -4.72706     113.00917
	            B(2,4,11)     119.79734       -0.00056       -5.15414     114.64320
	            B(2,4,12)     100.45095        0.00099        6.91643     107.36738
	             B(3,1,5)     116.85467        0.00004       -0.07699     116.77768
	             B(4,2,6)     116.85467        0.00004       -0.07699     116.77768
	             B(7,3,8)     117.10043       -0.00005       -2.64474     114.45569
	             B(7,3,9)      93.91799        0.00085        7.81554     101.73353
	             B(8,3,9)      98.74449        0.00040        5.29518     104.03968
	           B(10,4,11)     117.10043       -0.00005       -2.64474     114.45569
	           B(10,4,12)      93.91799        0.00085        7.81554     101.73353
	           B(11,4,12)      98.74449        0.00040        5.29518     104.03968
	          D(1,2,4,10)     195.16447        0.00133       10.98646     206.15093
	          D(1,2,4,11)     -11.42818       -0.00104       -8.81808     -20.24626
	          D(1,2,4,12)      95.05729       -0.00011       -0.27131      94.78598
	           D(2,1,3,7)     164.83553       -0.00133      -10.98646     153.84907
	           D(2,1,3,8)      11.42818        0.00104        8.81808      20.24626
	           D(2,1,3,9)     -95.05729        0.00011        0.27131     -94.78598
	           D(3,1,2,4)     180.00000        0.00000        0.00000     180.00000
	           D(3,1,2,6)      -0.36107       -0.00004       -0.45187      -0.81294
	           D(4,2,1,5)       0.36107        0.00004        0.45187       0.81294
	           D(5,1,2,6)     180.00000       -0.00000        0.00000     180.00000
	           D(5,1,3,7)     -15.53462       -0.00136      -11.42519     -26.95981
	           D(5,1,3,8)     191.05803        0.00100        8.37935     199.43738
	           D(5,1,3,9)      84.57256        0.00007       -0.16742      84.40514
	          D(6,2,4,10)      15.53462        0.00136       11.42519      26.95981
	          D(6,2,4,11)     168.94197       -0.00100       -8.37935     160.56262
	          D(6,2,4,12)     -84.57256       -0.00007        0.16742     -84.40514
	-------------------------------------------------------------------------------

	                                 ==> Convergence Check <==                                  
    
	Measures of convergence in internal coordinates in au.
    
	Criteria marked as inactive (o), active & met (*), and active & unmet ( ).

	----------------------------------------------------------------------------------------------
	   Step    Total Energy     Delta E     Max Force     RMS Force      Max Disp      RMS Disp   
	----------------------------------------------------------------------------------------------
	  Convergence Criteria     1.00e-06 *    3.00e-04 *             o    1.20e-03 *             o
	----------------------------------------------------------------------------------------------
	     3    -156.81610018   -6.09e-02      2.67e-02      1.13e-02 o    1.99e-01      9.22e-02 o  ~
	----------------------------------------------------------------------------------------------

Next Geometry in Ang 
	Fragment 1 (Ang)

	    C   0.5896785871  -0.3116561326  -0.0332869580
	    C  -0.5896785871   0.3116561326   0.0332869580
	    C   1.9061537840   0.3405650045  -0.1877815658
	    C  -1.9061537840  -0.3405650045   0.1877815658
	    H   0.5840783457  -1.3972536836   0.0180031639
	    H  -0.5840783457   1.3972536836  -0.0180031639
	    H   2.7229699734  -0.2496939317   0.2188692279
	    H   1.9272209858   1.3898376172   0.0914608397
	    H   2.1446109019   0.3451930418  -1.2535705604
	    H  -2.7229699734   0.2496939317  -0.2188692279
	    H  -1.9272209858  -1.3898376172  -0.0914608397
	    H  -2.1446109019  -0.3451930418   1.2535705604


    Structure for next step:
    Molecular point group: ci
    Full point group: Ci

    Geometry (in Angstrom), charge = 0, multiplicity = 1:

    C            0.589678587099    -0.311656132581    -0.033286957985
    C           -0.589678587099     0.311656132581     0.033286957985
    C            1.906153783973     0.340565004450    -0.187781565782
    C           -1.906153783973    -0.340565004450     0.187781565782
    H            0.584078345715    -1.397253683636     0.018003163914
    H           -0.584078345715     1.397253683636    -0.018003163914
    H            2.722969973398    -0.249693931723     0.218869227946
    H            1.927220985831     1.389837617201     0.091460839716
    H            2.144610901880     0.345193041762    -1.253570560365
    H           -2.722969973398     0.249693931723    -0.218869227946
    H           -1.927220985831    -1.389837617201    -0.091460839716
    H           -2.144610901880    -0.345193041762     1.253570560365


Scratch directory: /tmp/
gradient() will perform analytic gradient computation.
   => Libint2 <=

    Primary   basis highest AM E, G, H:  6, 6, 3
    Auxiliary basis highest AM E, G, H:  7, 7, 4
    Onebody   basis highest AM E, G, H:  -, -, -
    Solid Harmonics ordering:            Gaussian

*** tstart() called on flexpad
*** at Mon Aug  3 19:33:08 2026

   => Loading Basis Set <=

    Name: CC-PVTZ
    Role: ORBITAL
    Keyword: BASIS
    atoms 1-4  entry C          line   186 file /home/peter/miniconda3/envs/research/share/psi4/basis/cc-pvtz.gbs 
    atoms 5-12 entry H          line    23 file /home/peter/miniconda3/envs/research/share/psi4/basis/cc-pvtz.gbs 


         ---------------------------------------------------------
                                   SCF
               by Justin Turney, Rob Parrish, Andy Simmonett
                          and Daniel G. A. Smith
                              RHF Reference
                        7 Threads,   8583 MiB Core
         ---------------------------------------------------------

  ==> Geometry <==

    Molecular point group: ci
    Full point group: Ci

    Geometry (in Angstrom), charge = 0, multiplicity = 1:

       Center              X                  Y                   Z               Mass       
    ------------   -----------------  -----------------  -----------------  -----------------
         C            0.589678587099    -0.311656132581    -0.033286957985    12.000000000000
         C           -0.589678587099     0.311656132581     0.033286957985    12.000000000000
         C            1.906153783973     0.340565004450    -0.187781565782    12.000000000000
         C           -1.906153783973    -0.340565004450     0.187781565782    12.000000000000
         H            0.584078345715    -1.397253683636     0.018003163914     1.007825032230
         H           -0.584078345715     1.397253683636    -0.018003163914     1.007825032230
         H            2.722969973398    -0.249693931723     0.218869227946     1.007825032230
         H            1.927220985831     1.389837617201     0.091460839716     1.007825032230
         H            2.144610901880     0.345193041762    -1.253570560365     1.007825032230
         H           -2.722969973398     0.249693931723    -0.218869227946     1.007825032230
         H           -1.927220985831    -1.389837617201    -0.091460839716     1.007825032230
         H           -2.144610901880    -0.345193041762     1.253570560365     1.007825032230

  Running in ci symmetry.

  Rotational constants: A =      1.18888  B =      0.12579  C =      0.11821 [cm^-1]
  Rotational constants: A =  35641.64408  B =   3771.04252  C =   3543.85561 [MHz]
  Nuclear repulsion =  116.572781268802700

  Charge       = 0
  Multiplicity = 1
  Electrons    = 32
  Nalpha       = 16
  Nbeta        = 16

  ==> Algorithm <==

  SCF Algorithm Type is DF.
  DIIS enabled.
  MOM disabled.
  Fractional occupation disabled.
  Guess Type is READ.
  Energy threshold   = 1.00e-09
  Density threshold  = 1.00e-09
  Integral threshold = 1.00e-12

  ==> Primary Basis <==

  Basis Set: CC-PVTZ
    Blend: CC-PVTZ
    Number of shells: 88
    Number of basis functions: 232
    Number of Cartesian functions: 260
    Spherical Harmonics?: true
    Max angular momentum: 3

   => Loading Basis Set <=

    Name: (CC-PVTZ AUX)
    Role: JKFIT
    Keyword: DF_BASIS_SCF
    atoms 1-4  entry C          line   125 file /home/peter/miniconda3/envs/research/share/psi4/basis/cc-pvtz-jkfit.gbs 
    atoms 5-12 entry H          line    51 file /home/peter/miniconda3/envs/research/share/psi4/basis/cc-pvtz-jkfit.gbs 

   => Loading Basis Set <=

    Name: CC-PVTZ
    Role: ORBITAL
    Keyword: BASIS
    atoms 1-4  entry C          line   186 file /home/peter/miniconda3/envs/research/share/psi4/basis/cc-pvtz.gbs 
    atoms 5-12 entry H          line    23 file /home/peter/miniconda3/envs/research/share/psi4/basis/cc-pvtz.gbs 

  Reading orbitals from file /tmp/psi4.default.340379.180.npy, no projection.

  ==> Integral Setup <==

  DFHelper Memory: AOs need 0.227 GiB; user supplied 6.286 GiB. 
  Using in-core AOs.

  ==> MemDFJK: Density-Fitted J/K Matrices <==

    J tasked:                   Yes
    K tasked:                   Yes
    wK tasked:                   No
    OpenMP threads:               7
    Memory [MiB]:              6437
    Algorithm:                 Core
    Schwarz Cutoff:           1E-12
    Mask sparsity (%):       5.3025
    Fitting Condition:        1E-10

   => Auxiliary Basis Set <=

  Basis Set: (CC-PVTZ AUX)
    Blend: CC-PVTZ-JKFIT
    Number of shells: 180
    Number of basis functions: 556
    Number of Cartesian functions: 664
    Spherical Harmonics?: true
    Max angular momentum: 4

  Minimum eigenvalue in the overlap matrix is 6.1598743787E-04.
  Reciprocal condition number of the overlap matrix is 8.1403513935E-05.
    Using symmetric orthogonalization.

  ==> Pre-Iterations <==

  SCF Guess: Orbitals guess was supplied from a previous computation.

   -------------------------------------------------------
    Irrep   Nso     Nmo     Nalpha   Nbeta   Ndocc  Nsocc
   -------------------------------------------------------
     Ag       116     116       8       8       8       0
     Au       116     116       8       8       8       0
   -------------------------------------------------------
    Total     232     232      16      16      16       0
   -------------------------------------------------------

  ==> Iterations <==

                           Total Energy        Delta E     RMS |[F,P]|

   @DF-RHF iter   0:  -156.16658926810010   -1.56167e+02   1.26666e-03 
   @DF-RHF iter   1:  -156.15770655286738    8.88272e-03   1.68543e-04 ADIIS/DIIS
   @DF-RHF iter   2:  -156.15845322407978   -7.46671e-04   5.94389e-05 DIIS
   @DF-RHF iter   3:  -156.15859085770290   -1.37634e-04   2.27062e-05 DIIS
   @DF-RHF iter   4:  -156.15860902194080   -1.81642e-05   7.00153e-06 DIIS
   @DF-RHF iter   5:  -156.15861165114291   -2.62920e-06   1.46132e-06 DIIS
   @DF-RHF iter   6:  -156.15861175897680   -1.07834e-07   3.39982e-07 DIIS
   @DF-RHF iter   7:  -156.15861176384539   -4.86858e-09   1.00317e-07 DIIS
   @DF-RHF iter   8:  -156.15861176418062   -3.35234e-10   3.57990e-08 DIIS
   @DF-RHF iter   9:  -156.15861176423459   -5.39728e-11   1.02292e-08 DIIS
   @DF-RHF iter  10:  -156.15861176424053   -5.94014e-12   1.92556e-09 DIIS
   @DF-RHF iter  11:  -156.15861176424067   -1.42109e-13   3.40013e-10 DIIS
  Energy and wave function converged.


  ==> Post-Iterations <==

    Orbital Energies [Eh]
    ---------------------

    Doubly Occupied:                                                      

       1Ag   -11.218675     1Au   -11.216988     2Ag   -11.213246  
       2Au   -11.213229     3Ag    -1.079185     3Au    -0.989526  
       4Ag    -0.879053     4Au    -0.743222     5Au    -0.612693  
       5Ag    -0.612661     6Au    -0.560362     6Ag    -0.539884  
       7Au    -0.534408     7Ag    -0.514499     8Ag    -0.482606  
       8Au    -0.332738  

    Virtual:                                                              

       9Ag     0.147861     9Au     0.159617    10Ag     0.165879  
      10Au     0.173135    11Ag     0.213706    12Ag     0.223231  
      11Au     0.226359    13Ag     0.247440    12Au     0.253338  
      13Au     0.308476    14Ag     0.344067    15Ag     0.366630  
      14Au     0.375068    16Ag     0.409769    15Au     0.442809  
      17Ag     0.476745    16Au     0.480317    17Au     0.505262  
      18Au     0.519617    18Ag     0.533451    19Au     0.593092  
      19Ag     0.598254    20Au     0.620059    20Ag     0.623543  
      21Au     0.633492    21Ag     0.646841    22Au     0.647724  
      22Ag     0.654633    23Au     0.668289    23Ag     0.677131  
      24Ag     0.717969    24Au     0.733164    25Ag     0.779726  
      25Au     0.824021    26Ag     0.840388    26Au     0.852322  
      27Au     0.879990    28Au     0.892507    27Ag     0.934369  
      28Ag     0.979245    29Au     0.996560    29Ag     1.048110  
      30Ag     1.068604    30Au     1.071899    31Ag     1.114666  
      31Au     1.135069    32Au     1.172756    32Ag     1.188548  
      33Ag     1.205412    33Au     1.236887    34Ag     1.240837  
      35Ag     1.258053    34Au     1.267871    36Ag     1.312931  
      35Au     1.334756    37Ag     1.344568    36Au     1.352674  
      37Au     1.375622    38Ag     1.385747    38Au     1.431143  
      39Ag     1.450181    39Au     1.457412    40Au     1.502359  
      40Ag     1.537575    41Au     1.549853    41Ag     1.556450  
      42Ag     1.573337    42Au     1.604057    43Ag     1.634352  
      43Au     1.640297    44Ag     1.658166    45Ag     1.705137  
      44Au     1.711643    46Ag     1.728722    45Au     1.731340  
      46Au     1.761386    47Au     1.859652    47Ag     1.931135  
      48Au     1.996045    48Ag     2.245522    49Au     2.401819  
      49Ag     2.420203    50Au     2.481484    50Ag     2.511525  
      51Ag     2.532127    51Au     2.595046    52Au     2.628615  
      52Ag     2.668641    53Ag     2.694183    53Au     2.696560  
      54Ag     2.756314    54Au     2.799963    55Ag     2.822289  
      55Au     2.838684    56Ag     2.860097    56Au     2.977515  
      57Ag     3.001817    57Au     3.003237    58Au     3.014367  
      59Au     3.043543    58Ag     3.107837    59Ag     3.125956  
      60Au     3.129215    60Ag     3.144804    61Au     3.149689  
      62Au     3.184100    61Ag     3.190540    62Ag     3.202489  
      63Ag     3.233278    64Ag     3.249240    63Au     3.263440  
      65Ag     3.274301    66Ag     3.297760    64Au     3.306153  
      65Au     3.331646    66Au     3.350521    67Au     3.376714  
      68Au     3.391538    67Ag     3.413449    68Ag     3.443474  
      69Au     3.473457    69Ag     3.480957    70Ag     3.532876  
      70Au     3.555272    71Au     3.571461    71Ag     3.576650  
      72Au     3.600761    72Ag     3.616338    73Au     3.675418  
      73Ag     3.675933    74Au     3.708379    75Au     3.746189  
      74Ag     3.746631    76Au     3.781756    75Ag     3.785255  
      77Au     3.817210    76Ag     3.821083    78Au     3.829694  
      77Ag     3.830482    78Ag     3.852721    79Ag     3.909343  
      79Au     3.921668    80Ag     3.980969    80Au     4.009957  
      81Ag     4.042090    81Au     4.065490    82Ag     4.087916  
      82Au     4.093215    83Au     4.140862    83Ag     4.145140  
      84Au     4.199130    84Ag     4.210734    85Au     4.232435  
      86Au     4.252962    85Ag     4.277292    86Ag     4.283968  
      87Au     4.314328    87Ag     4.321554    88Ag     4.335349  
      89Ag     4.392117    88Au     4.395619    89Au     4.431255  
      90Au     4.455926    90Ag     4.462615    91Au     4.476733  
      91Ag     4.502926    92Au     4.555353    92Ag     4.567788  
      93Au     4.569864    93Ag     4.584929    94Ag     4.653988  
      94Au     4.672865    95Au     4.725401    96Au     4.768619  
      95Ag     4.789542    97Au     4.839236    96Ag     4.854873  
      98Au     4.921531    97Ag     4.929963    98Ag     5.014836  
      99Au     5.060295    99Ag     5.113018   100Au     5.172251  
     100Ag     5.172657   101Ag     5.232201   101Au     5.256267  
     102Ag     5.306198   102Au     5.330515   103Ag     5.335392  
     103Au     5.390060   104Ag     5.421007   104Au     5.432946  
     105Ag     5.482959   106Ag     5.597588   105Au     5.602066  
     106Au     5.651503   107Ag     5.653507   108Ag     5.690700  
     107Au     5.692095   108Au     5.758156   109Ag     5.792025  
     109Au     5.854661   110Ag     5.856718   110Au     5.884232  
     111Au     6.007426   111Ag     6.126786   112Au     6.196342  
     112Ag     6.213436   113Au     6.337331   113Ag     6.363980  
     114Au     6.403644   114Ag     6.476278   115Ag    11.549010  
     115Au    13.920719   116Ag    14.301407   116Au    14.791385  

    Final Occupation by Irrep:
             Ag    Au 
    DOCC [     8,    8 ]
    NA   [     8,    8 ]
    NB   [     8,    8 ]

  @DF-RHF Final Energy:  -156.15861176424067

   => Energetics <=

    Nuclear Repulsion Energy =            116.5727812688027001
    One-Electron Energy =                -439.9768373902594476
    Two-Electron Energy =                 167.2454443572160585
    Total Energy =                       -156.1586117642406748

Computation Completed


Properties will be evaluated at   0.000000,   0.000000,   0.000000 [a0]

Properties computed using the SCF density matrix


 Multipole Moments:

 ------------------------------------------------------------------------------------
     Multipole            Electronic (a.u.)      Nuclear  (a.u.)        Total (a.u.)
 ------------------------------------------------------------------------------------

 L = 1.  Multiply by 2.5417464519 to convert [e a0] to [Debye]
 Dipole X            :          0.0000000           -0.0000000           -0.0000000
 Dipole Y            :          0.0000000            0.0000000            0.0000000
 Dipole Z            :          0.0000000            0.0000000            0.0000000
 Magnitude           :                                                    0.0000000

 ------------------------------------------------------------------------------------

*** tstop() called on flexpad at Mon Aug  3 19:33:10 2026
Module time:
	user time   =      10.12 seconds =       0.17 minutes
	system time =       0.39 seconds =       0.01 minutes
	total time  =          2 seconds =       0.03 minutes
Total time:
	user time   =    6689.89 seconds =     111.50 minutes
	system time =     294.22 seconds =       4.90 minutes
	total time  =       1155 seconds =      19.25 minutes

*** tstart() called on flexpad
*** at Mon Aug  3 19:33:10 2026


  //>>>>>>>>>>>>>>>>>>>>>>>>>>>>>>>>>>>//
  //               DFMP2               //
  //<<<<<<<<<<<<<<<<<<<<<<<<<<<<<<<<<<<//

   => Loading Basis Set <=

    Name: (CC-PVTZ AUX)
    Role: RIFIT
    Keyword: DF_BASIS_MP2
    atoms 1-4  entry C          line   209 file /home/peter/miniconda3/envs/research/share/psi4/basis/cc-pvtz-ri.gbs 
    atoms 5-12 entry H          line    19 file /home/peter/miniconda3/envs/research/share/psi4/basis/cc-pvtz-ri.gbs 

	 --------------------------------------------------------
	                          DF-MP2                         
	      2nd-Order Density-Fitted Moller-Plesset Theory     
	              RMP2 Wavefunction,   7 Threads             
	                                                         
	        Rob Parrish, Justin Turney, Andy Simmonett,      
	           Ed Hohenstein, and C. David Sherrill          
	 --------------------------------------------------------

   => Auxiliary Basis Set <=

  Basis Set: (CC-PVTZ AUX)
    Blend: CC-PVTZ-RI
    Number of shells: 172
    Number of basis functions: 564
    Number of Cartesian functions: 684
    Spherical Harmonics?: true
    Max angular momentum: 4

	 --------------------------------------------------------
	                 NBF =   232, NAUX =   564
	 --------------------------------------------------------
	   CLASS    FOCC     OCC    AOCC    AVIR     VIR    FVIR
	   PAIRS       4      16      12     216     216       0
	 --------------------------------------------------------

  DFHelper Memory: AOs need 0.227 GiB; user supplied 6.286 GiB. 
  Using in-core AOs.


         ------------------------------------------------------------
                                     CPHF                           
                                  Rob Parrish                       
         ------------------------------------------------------------

  ==> Geometry <==

    Molecular point group: ci
    Full point group: Ci

    Geometry (in Angstrom), charge = 0, multiplicity = 1:

       Center              X                  Y                   Z               Mass       
    ------------   -----------------  -----------------  -----------------  -----------------
         C            0.589678587099    -0.311656132581    -0.033286957985    12.000000000000
         C           -0.589678587099     0.311656132581     0.033286957985    12.000000000000
         C            1.906153783973     0.340565004450    -0.187781565782    12.000000000000
         C           -1.906153783973    -0.340565004450     0.187781565782    12.000000000000
         H            0.584078345715    -1.397253683636     0.018003163914     1.007825032230
         H           -0.584078345715     1.397253683636    -0.018003163914     1.007825032230
         H            2.722969973398    -0.249693931723     0.218869227946     1.007825032230
         H            1.927220985831     1.389837617201     0.091460839716     1.007825032230
         H            2.144610901880     0.345193041762    -1.253570560365     1.007825032230
         H           -2.722969973398     0.249693931723    -0.218869227946     1.007825032230
         H           -1.927220985831    -1.389837617201    -0.091460839716     1.007825032230
         H           -2.144610901880    -0.345193041762     1.253570560365     1.007825032230

  Nuclear repulsion =  116.572781268802700
  Reference energy  = -156.158611764240675

  ==> Basis Set <==

  Basis Set: CC-PVTZ
    Blend: CC-PVTZ
    Number of shells: 88
    Number of basis functions: 232
    Number of Cartesian functions: 260
    Spherical Harmonics?: true
    Max angular momentum: 3

  ==> CGRSolver (by Rob Parrish) <==

   Number of roots    =         1
   Preconditioning    =    JACOBI
   Convergence cutoff =     1E-06
   Maximum iterations =       100

  ==> CPHFRHamiltonian (by Rob Parrish) <== 

  ==> MemDFJK: Density-Fitted J/K Matrices <==

    J tasked:                   Yes
    K tasked:                   Yes
    wK tasked:                   No
    OpenMP threads:               7
    Memory [MiB]:              6437
    Algorithm:                 Core
    Schwarz Cutoff:           1E-12
    Mask sparsity (%):       5.3025
    Fitting Condition:        1E-10

   => Auxiliary Basis Set <=

  Basis Set: (CC-PVTZ AUX)
    Blend: CC-PVTZ-JKFIT
    Number of shells: 180
    Number of basis functions: 556
    Number of Cartesian functions: 664
    Spherical Harmonics?: true
    Max angular momentum: 4

  ==> CPHF Iterations <==

  => Iterations <=

             Iter  Converged  Remaining    Residual
  CGR           1          0          1   8.695E-02
  CGR           2          0          1   1.241E-02
  CGR           3          0          1   2.961E-03
  CGR           4          0          1   8.516E-04
  CGR           5          0          1   1.682E-04
  CGR           6          0          1   4.035E-05
  CGR           7          0          1   8.602E-06
  CGR           8          0          1   2.173E-06
  CGR           9          1          0   4.995E-07

    CGRSolver converged.

  ==> DFCorrGrad: Density-Fitted Correlated Gradients <==

    OpenMP threads:              7
    Integrals threads:           7
    Memory [GiB]:            6.286
    Schwarz Cutoff:          0E+00
    Fitting Condition:       1E-10

   => Auxiliary Basis Set <=

  Basis Set: (CC-PVTZ AUX)
    Blend: CC-PVTZ-JKFIT
    Number of shells: 180
    Number of basis functions: 556
    Number of Cartesian functions: 664
    Spherical Harmonics?: true
    Max angular momentum: 4

	-----------------------------------------------------------
	 ==================> DF-MP2 Energies <==================== 
	-----------------------------------------------------------
	 Reference Energy          =    -156.1586117642406748 [Eh]
	 Singles Energy            =      -0.0000000000000000 [Eh]
	 Same-Spin Energy          =      -0.1509453333263667 [Eh]
	 Opposite-Spin Energy      =      -0.5341002179058337 [Eh]
	 Correlation Energy        =      -0.6850455512322005 [Eh]
	 Total Energy              =    -156.8436573154728819 [Eh]
	-----------------------------------------------------------
	 ================> DF-SCS-MP2 Energies <================== 
	-----------------------------------------------------------
	 SCS Same-Spin Scale       =       0.3333333333333333 [-]
	 SCS Opposite-Spin Scale   =       1.2000000000000000 [-]
	 SCS Same-Spin Energy      =      -0.0503151111087889 [Eh]
	 SCS Opposite-Spin Energy  =      -0.6409202614870004 [Eh]
	 SCS Correlation Energy    =      -0.6912353725957894 [Eh]
	 SCS Total Energy          =    -156.8498471368364733 [Eh]
	-----------------------------------------------------------


  -Total Gradient:
     Atom            X                  Y                   Z
    ------   -----------------  -----------------  -----------------
       1        0.011701081965     0.008619151672    -0.007151388164
       2       -0.011701081965    -0.008619151672     0.007151388164
       3       -0.009419212264    -0.000304641255     0.022565074005
       4        0.009419212264     0.000304641255    -0.022565074005
       5       -0.000517612166    -0.000062811727     0.001796302186
       6        0.000517612166     0.000062811727    -0.001796302186
       7        0.000988811835    -0.005188578225    -0.010844441711
       8       -0.000791990334     0.001789759731    -0.008482646380
       9       -0.000533504956    -0.000675740595     0.003830567161
      10       -0.000988811835     0.005188578225     0.010844441711
      11        0.000791990334    -0.001789759731     0.008482646380
      12        0.000533504956     0.000675740595    -0.003830567161


*** tstop() called on flexpad at Mon Aug  3 19:33:16 2026
Module time:
	user time   =      39.94 seconds =       0.67 minutes
	system time =       1.76 seconds =       0.03 minutes
	total time  =          6 seconds =       0.10 minutes
Total time:
	user time   =    6729.83 seconds =     112.16 minutes
	system time =     295.98 seconds =       4.93 minutes
	total time  =       1161 seconds =      19.35 minutes

    			-----------------------------------------

    			 OPTKING 3.0: for geometry optimizations 

    			     By R.A. King, Bethel University     

    			        with contributions from          

    			    A.V. Copan, J. Cayton, A. Heide      

    			-----------------------------------------

    
	                            ===> Fragment 1 <== 

	 Z (Atomic Numbers)          Masses                          Geom                  
	       6.000000            12.000000          1.11433103 -0.58894474 -0.06290323   
	       6.000000            12.000000         -1.11433103  0.58894474  0.06290323   
	       6.000000            12.000000          3.60210860  0.64357459 -0.35485573   
	       6.000000            12.000000         -3.60210860 -0.64357459  0.35485573   
	       1.000000             1.007825          1.10374811 -2.64042679  0.03402105   
	       1.000000             1.007825         -1.10374811  2.64042679 -0.03402105   
	       1.000000             1.007825          5.14566750 -0.47185315  0.41360290   
	       1.000000             1.007825          3.64191985  2.62641246  0.17283594   
	       1.000000             1.007825          4.05272725  0.65232031 -2.36890504   
	       1.000000             1.007825         -5.14566750  0.47185315 -0.41360290   
	       1.000000             1.007825         -3.64191985 -2.62641246 -0.17283594   
	       1.000000             1.007825         -4.05272725 -0.65232031  2.36890504   

	 - Coordinate -           - BOHR/RAD -       - ANG/DEG -
	 R(1,2)           =         2.523923           1.335602
	 R(1,3)           =         2.791662           1.477284
	 R(1,5)           =         2.053798           1.086823
	 R(2,4)           =         2.791662           1.477284
	 R(2,6)           =         2.053798           1.086823
	 R(3,7)           =         2.053602           1.086719
	 R(3,8)           =         2.052240           1.085999
	 R(3,9)           =         2.063862           1.092149
	 R(4,10)          =         2.053602           1.086719
	 R(4,11)          =         2.052240           1.085999
	 R(4,12)          =         2.063862           1.092149
	 B(1,2,4)         =         2.196989         125.878214
	 B(1,2,6)         =         2.047960         117.339459
	 B(1,3,7)         =         1.972382         113.009167
	 B(1,3,8)         =         2.000901         114.643200
	 B(1,3,9)         =         1.873914         107.367379
	 B(2,1,3)         =         2.196989         125.878214
	 B(2,1,5)         =         2.047960         117.339459
	 B(2,4,10)        =         1.972382         113.009167
	 B(2,4,11)        =         2.000901         114.643200
	 B(2,4,12)        =         1.873914         107.367379
	 B(3,1,5)         =         2.038155         116.777678
	 B(4,2,6)         =         2.038155         116.777678
	 B(7,3,8)         =         1.997629         114.455693
	 B(7,3,9)         =         1.775585         101.733526
	 B(8,3,9)         =         1.815835         104.039678
	 B(10,4,11)       =         1.997629         114.455693
	 B(10,4,12)       =         1.775585         101.733526
	 B(11,4,12)       =         1.815835         104.039678
	 D(1,2,4,10)      =         3.598012         206.150929
	 D(1,2,4,11)      =        -0.353364         -20.246259
	 D(1,2,4,12)      =         1.654327          94.785979
	 D(2,1,3,7)       =         2.685173         153.849071
	 D(2,1,3,8)       =         0.353364          20.246259
	 D(2,1,3,9)       =        -1.654327         -94.785979
	 D(3,1,2,4)       =         3.141593         180.000000
	 D(3,1,2,6)       =        -0.014189          -0.812942
	 D(4,2,1,5)       =         0.014189           0.812942
	 D(5,1,2,6)       =         3.141593         180.000000
	 D(5,1,3,7)       =        -0.470537         -26.959809
	 D(5,1,3,8)       =         3.480839         199.437378
	 D(5,1,3,9)       =         1.473148          84.405141
	 D(6,2,4,10)      =         0.470537          26.959809
	 D(6,2,4,11)      =         2.802346         160.562622
	 D(6,2,4,12)      =        -1.473148         -84.405141


	        --- Internal Coordinate Step in ANG or DEG, aJ/ANG or AJ/DEG ---
	-------------------------------------------------------------------------------
	           Coordinate      Previous         Force          Change          New 
	           ----------      --------        ------          ------        ------
	               R(1,2)       1.33560        0.00638        0.00063       1.33623
	               R(1,3)       1.47728        0.09365        0.01385       1.49114
	               R(1,5)       1.08682       -0.00124       -0.00192       1.08491
	               R(2,4)       1.47728        0.09365        0.01385       1.49114
	               R(2,6)       1.08682       -0.00124       -0.00192       1.08491
	               R(3,7)       1.08672        0.00409        0.00070       1.08742
	               R(3,8)       1.08600        0.00385        0.00087       1.08687
	               R(3,9)       1.09215        0.03178        0.00443       1.09658
	              R(4,10)       1.08672        0.00409        0.00070       1.08742
	              R(4,11)       1.08600        0.00385        0.00087       1.08687
	              R(4,12)       1.09215        0.03178        0.00443       1.09658
	             B(1,2,4)     125.87821       -0.00023       -1.22440     124.65382
	             B(1,2,6)     117.33946        0.00017        0.88076     118.22022
	             B(1,3,7)     113.00917       -0.00008       -3.21648     109.79269
	             B(1,3,8)     114.64320       -0.00033       -4.45651     110.18669
	             B(1,3,9)     107.36738        0.00033        4.22772     111.59510
	             B(2,1,3)     125.87821       -0.00023       -1.22440     124.65382
	             B(2,1,5)     117.33946        0.00017        0.88076     118.22022
	            B(2,4,10)     113.00917       -0.00008       -3.21648     109.79269
	            B(2,4,11)     114.64320       -0.00033       -4.45651     110.18669
	            B(2,4,12)     107.36738        0.00033        4.22772     111.59510
	             B(3,1,5)     116.77768        0.00006        0.33870     117.11638
	             B(4,2,6)     116.77768        0.00006        0.33870     117.11638
	             B(7,3,8)     114.45569       -0.00037       -4.58352     109.87217
	             B(7,3,9)     101.73353        0.00037        5.16610     106.89962
	             B(8,3,9)     104.03968        0.00027        4.38677     108.42645
	           B(10,4,11)     114.45569       -0.00037       -4.58352     109.87217
	           B(10,4,12)     101.73353        0.00037        5.16610     106.89962
	           B(11,4,12)     104.03968        0.00027        4.38677     108.42645
	          D(1,2,4,10)     206.15093        0.00058        7.75599     213.90692
	          D(1,2,4,11)     -20.24626       -0.00039       -4.70067     -24.94693
	          D(1,2,4,12)      94.78598       -0.00002        0.77981      95.56579
	           D(2,1,3,7)     153.84907       -0.00058       -7.75599     146.09308
	           D(2,1,3,8)      20.24626        0.00039        4.70067      24.94693
	           D(2,1,3,9)     -94.78598        0.00002       -0.77981     -95.56579
	           D(3,1,2,4)     180.00000        0.00000        0.00000     180.00000
	           D(3,1,2,6)      -0.81294       -0.00002       -0.34872      -1.16166
	           D(4,2,1,5)       0.81294        0.00002        0.34872       1.16166
	           D(5,1,2,6)     180.00000        0.00000        0.00000     180.00000
	           D(5,1,3,7)     -26.95981       -0.00060       -8.09710     -35.05691
	           D(5,1,3,8)     199.43738        0.00037        4.35957     203.79694
	           D(5,1,3,9)      84.40514        0.00000       -1.12092      83.28422
	          D(6,2,4,10)      26.95981        0.00060        8.09710      35.05691
	          D(6,2,4,11)     160.56262       -0.00037       -4.35957     156.20306
	          D(6,2,4,12)     -84.40514       -0.00000        1.12092     -83.28422
	-------------------------------------------------------------------------------

	                                 ==> Convergence Check <==                                  
    
	Measures of convergence in internal coordinates in au.
    
	Criteria marked as inactive (o), active & met (*), and active & unmet ( ).

	----------------------------------------------------------------------------------------------
	   Step    Total Energy     Delta E     Max Force     RMS Force      Max Disp      RMS Disp   
	----------------------------------------------------------------------------------------------
	  Convergence Criteria     1.00e-06 *    3.00e-04 *             o    1.20e-03 *             o
	----------------------------------------------------------------------------------------------
	     4    -156.84365732   -2.76e-02      1.14e-02      4.36e-03 o    1.41e-01      6.25e-02 o  ~
	----------------------------------------------------------------------------------------------

Next Geometry in Ang 
	Fragment 1 (Ang)

	    C   0.5819723478  -0.3247335100  -0.0472626317
	    C  -0.5819723478   0.3247335100   0.0472626317
	    C   1.9051548960   0.3318355868  -0.2512031659
	    C  -1.9051548960  -0.3318355868   0.2512031659
	    H   0.5710144033  -1.4081021117   0.0094210462
	    H  -0.5710144033   1.4081021117  -0.0094210462
	    H   2.6779727306  -0.2271317176   0.2710809348
	    H   1.8769437323   1.3544772948   0.1157973894
	    H   2.1869120774   0.3514822824  -1.3107808668
	    H  -2.6779727306   0.2271317176  -0.2710809348
	    H  -1.8769437323  -1.3544772948  -0.1157973894
	    H  -2.1869120774  -0.3514822824   1.3107808668


    Structure for next step:
    Molecular point group: ci
    Full point group: Ci

    Geometry (in Angstrom), charge = 0, multiplicity = 1:

    C            0.581972347836    -0.324733509995    -0.047262631712
    C           -0.581972347836     0.324733509995     0.047262631712
    C            1.905154895993     0.331835586791    -0.251203165890
    C           -1.905154895993    -0.331835586791     0.251203165890
    H            0.571014403303    -1.408102111672     0.009421046196
    H           -0.571014403303     1.408102111672    -0.009421046196
    H            2.677972730600    -0.227131717584     0.271080934773
    H            1.876943732288     1.354477294783     0.115797389357
    H            2.186912077412     0.351482282388    -1.310780866798
    H           -2.677972730600     0.227131717584    -0.271080934773
    H           -1.876943732288    -1.354477294783    -0.115797389357
    H           -2.186912077412    -0.351482282388     1.310780866798


Scratch directory: /tmp/
gradient() will perform analytic gradient computation.
   => Libint2 <=

    Primary   basis highest AM E, G, H:  6, 6, 3
    Auxiliary basis highest AM E, G, H:  7, 7, 4
    Onebody   basis highest AM E, G, H:  -, -, -
    Solid Harmonics ordering:            Gaussian

*** tstart() called on flexpad
*** at Mon Aug  3 19:33:16 2026

   => Loading Basis Set <=

    Name: CC-PVTZ
    Role: ORBITAL
    Keyword: BASIS
    atoms 1-4  entry C          line   186 file /home/peter/miniconda3/envs/research/share/psi4/basis/cc-pvtz.gbs 
    atoms 5-12 entry H          line    23 file /home/peter/miniconda3/envs/research/share/psi4/basis/cc-pvtz.gbs 


         ---------------------------------------------------------
                                   SCF
               by Justin Turney, Rob Parrish, Andy Simmonett
                          and Daniel G. A. Smith
                              RHF Reference
                        7 Threads,   8583 MiB Core
         ---------------------------------------------------------

  ==> Geometry <==

    Molecular point group: ci
    Full point group: Ci

    Geometry (in Angstrom), charge = 0, multiplicity = 1:

       Center              X                  Y                   Z               Mass       
    ------------   -----------------  -----------------  -----------------  -----------------
         C            0.581972347836    -0.324733509995    -0.047262631712    12.000000000000
         C           -0.581972347836     0.324733509995     0.047262631712    12.000000000000
         C            1.905154895993     0.331835586791    -0.251203165890    12.000000000000
         C           -1.905154895993    -0.331835586791     0.251203165890    12.000000000000
         H            0.571014403303    -1.408102111672     0.009421046196     1.007825032230
         H           -0.571014403303     1.408102111672    -0.009421046196     1.007825032230
         H            2.677972730600    -0.227131717584     0.271080934773     1.007825032230
         H            1.876943732288     1.354477294783     0.115797389357     1.007825032230
         H            2.186912077412     0.351482282388    -1.310780866798     1.007825032230
         H           -2.677972730600     0.227131717584    -0.271080934773     1.007825032230
         H           -1.876943732288    -1.354477294783    -0.115797389357     1.007825032230
         H           -2.186912077412    -0.351482282388     1.310780866798     1.007825032230

  Running in ci symmetry.

  Rotational constants: A =      1.15969  B =      0.12572  C =      0.11837 [cm^-1]
  Rotational constants: A =  34766.59070  B =   3768.95509  C =   3548.64162 [MHz]
  Nuclear repulsion =  116.306913027550124

  Charge       = 0
  Multiplicity = 1
  Electrons    = 32
  Nalpha       = 16
  Nbeta        = 16

  ==> Algorithm <==

  SCF Algorithm Type is DF.
  DIIS enabled.
  MOM disabled.
  Fractional occupation disabled.
  Guess Type is READ.
  Energy threshold   = 1.00e-09
  Density threshold  = 1.00e-09
  Integral threshold = 1.00e-12

  ==> Primary Basis <==

  Basis Set: CC-PVTZ
    Blend: CC-PVTZ
    Number of shells: 88
    Number of basis functions: 232
    Number of Cartesian functions: 260
    Spherical Harmonics?: true
    Max angular momentum: 3

   => Loading Basis Set <=

    Name: (CC-PVTZ AUX)
    Role: JKFIT
    Keyword: DF_BASIS_SCF
    atoms 1-4  entry C          line   125 file /home/peter/miniconda3/envs/research/share/psi4/basis/cc-pvtz-jkfit.gbs 
    atoms 5-12 entry H          line    51 file /home/peter/miniconda3/envs/research/share/psi4/basis/cc-pvtz-jkfit.gbs 

   => Loading Basis Set <=

    Name: CC-PVTZ
    Role: ORBITAL
    Keyword: BASIS
    atoms 1-4  entry C          line   186 file /home/peter/miniconda3/envs/research/share/psi4/basis/cc-pvtz.gbs 
    atoms 5-12 entry H          line    23 file /home/peter/miniconda3/envs/research/share/psi4/basis/cc-pvtz.gbs 

  Reading orbitals from file /tmp/psi4.default.340379.180.npy, no projection.

  ==> Integral Setup <==

  DFHelper Memory: AOs need 0.227 GiB; user supplied 6.286 GiB. 
  Using in-core AOs.

  ==> MemDFJK: Density-Fitted J/K Matrices <==

    J tasked:                   Yes
    K tasked:                   Yes
    wK tasked:                   No
    OpenMP threads:               7
    Memory [MiB]:              6437
    Algorithm:                 Core
    Schwarz Cutoff:           1E-12
    Mask sparsity (%):       5.3025
    Fitting Condition:        1E-10

   => Auxiliary Basis Set <=

  Basis Set: (CC-PVTZ AUX)
    Blend: CC-PVTZ-JKFIT
    Number of shells: 180
    Number of basis functions: 556
    Number of Cartesian functions: 664
    Spherical Harmonics?: true
    Max angular momentum: 4

  Minimum eigenvalue in the overlap matrix is 6.5448357437E-04.
  Reciprocal condition number of the overlap matrix is 8.7206670363E-05.
    Using symmetric orthogonalization.

  ==> Pre-Iterations <==

  SCF Guess: Orbitals guess was supplied from a previous computation.

   -------------------------------------------------------
    Irrep   Nso     Nmo     Nalpha   Nbeta   Ndocc  Nsocc
   -------------------------------------------------------
     Ag       116     116       8       8       8       0
     Au       116     116       8       8       8       0
   -------------------------------------------------------
    Total     232     232      16      16      16       0
   -------------------------------------------------------

  ==> Iterations <==

                           Total Energy        Delta E     RMS |[F,P]|

   @DF-RHF iter   0:  -156.15826115141442   -1.56158e+02   7.75055e-04 
   @DF-RHF iter   1:  -156.16415147339248   -5.89032e-03   1.06213e-04 ADIIS/DIIS
   @DF-RHF iter   2:  -156.16446491098918   -3.13438e-04   3.94788e-05 DIIS
   @DF-RHF iter   3:  -156.16452558298121   -6.06720e-05   1.50678e-05 DIIS
   @DF-RHF iter   4:  -156.16453366807329   -8.08509e-06   5.00710e-06 DIIS
   @DF-RHF iter   5:  -156.16453494222927   -1.27416e-06   1.13916e-06 DIIS
   @DF-RHF iter   6:  -156.16453500439698   -6.21677e-08   3.15277e-07 DIIS
   @DF-RHF iter   7:  -156.16453500844054   -4.04356e-09   9.18434e-08 DIIS
   @DF-RHF iter   8:  -156.16453500874377   -3.03231e-10   2.81520e-08 DIIS
   @DF-RHF iter   9:  -156.16453500878112   -3.73461e-11   7.86326e-09 DIIS
   @DF-RHF iter  10:  -156.16453500878507   -3.95062e-12   1.30664e-09 DIIS
   @DF-RHF iter  11:  -156.16453500878509   -2.84217e-14   2.29381e-10 DIIS
  Energy and wave function converged.


  ==> Post-Iterations <==

    Orbital Energies [Eh]
    ---------------------

    Doubly Occupied:                                                      

       1Ag   -11.219395     1Au   -11.217715     2Ag   -11.214457  
       2Au   -11.214438     3Ag    -1.077142     3Au    -0.985014  
       4Ag    -0.875677     4Au    -0.743123     5Ag    -0.607683  
       5Au    -0.605681     6Au    -0.570330     6Ag    -0.552878  
       7Au    -0.524806     7Ag    -0.506757     8Ag    -0.480223  
       8Au    -0.338140  

    Virtual:                                                              

       9Ag     0.148623     9Au     0.160628    10Ag     0.163698  
      10Au     0.174487    11Ag     0.212244    11Au     0.222012  
      12Ag     0.227021    13Ag     0.249428    12Au     0.254704  
      13Au     0.308604    14Ag     0.338564    15Ag     0.367197  
      14Au     0.380611    16Ag     0.410405    15Au     0.418315  
      17Ag     0.465366    16Au     0.478914    17Au     0.508219  
      18Au     0.524458    18Ag     0.525955    19Au     0.591345  
      19Ag     0.598463    20Ag     0.620808    20Au     0.626779  
      21Au     0.630684    21Ag     0.644052    22Au     0.645590  
      22Ag     0.657242    23Au     0.668165    23Ag     0.681888  
      24Ag     0.708427    24Au     0.733638    25Ag     0.768256  
      25Au     0.824393    26Au     0.832329    26Ag     0.842785  
      27Au     0.878105    28Au     0.881765    27Ag     0.933343  
      28Ag     0.995879    29Au     1.010205    29Ag     1.036328  
      30Ag     1.066510    30Au     1.077048    31Ag     1.128667  
      31Au     1.154562    32Au     1.174837    32Ag     1.187637  
      33Ag     1.197310    33Au     1.219713    34Ag     1.230925  
      35Ag     1.263452    34Au     1.268432    36Ag     1.309196  
      35Au     1.311159    37Ag     1.326689    36Au     1.354119  
      38Ag     1.378663    37Au     1.380912    38Au     1.435043  
      39Au     1.454334    39Ag     1.461608    40Au     1.500110  
      41Au     1.539409    40Ag     1.545839    41Ag     1.553295  
      42Ag     1.574690    42Au     1.601448    43Ag     1.602598  
      43Au     1.624510    44Ag     1.657408    45Ag     1.694041  
      44Au     1.713555    45Au     1.733968    46Ag     1.734390  
      46Au     1.755990    47Au     1.824958    47Ag     1.899176  
      48Au     1.971173    48Ag     2.180342    49Ag     2.413814  
      49Au     2.420646    50Au     2.477677    50Ag     2.517608  
      51Ag     2.563152    51Au     2.585047    52Au     2.628048  
      52Ag     2.680617    53Au     2.691621    53Ag     2.695771  
      54Ag     2.757494    54Au     2.787060    55Ag     2.820288  
      55Au     2.847405    56Ag     2.854484    56Au     2.979824  
      57Ag     3.001233    57Au     3.010690    58Au     3.019122  
      59Au     3.030531    58Ag     3.113713    60Au     3.123671  
      59Ag     3.133667    61Au     3.147763    60Ag     3.154042  
      61Ag     3.166928    62Au     3.167849    62Ag     3.206427  
      63Ag     3.229754    64Ag     3.252437    63Au     3.261889  
      65Ag     3.279532    64Au     3.297203    66Ag     3.305496  
      65Au     3.339198    66Au     3.352266    67Au     3.384033  
      68Au     3.406892    67Ag     3.409706    68Ag     3.442343  
      69Ag     3.461936    69Au     3.478549    70Ag     3.524327  
      70Au     3.554300    71Au     3.563238    71Ag     3.564949  
      72Ag     3.592244    72Au     3.608643    73Ag     3.633977  
      73Au     3.652110    74Au     3.703450    75Au     3.743044  
      74Ag     3.748890    76Au     3.764505    75Ag     3.770894  
      77Au     3.797094    76Ag     3.812324    78Au     3.819403  
      77Ag     3.853565    78Ag     3.858116    79Au     3.944776  
      79Ag     3.947499    80Ag     3.976055    80Au     4.024017  
      81Au     4.054372    81Ag     4.054953    82Au     4.098272  
      82Ag     4.105900    83Ag     4.129281    83Au     4.137435  
      84Au     4.200598    84Ag     4.215343    85Au     4.225742  
      85Ag     4.262338    86Au     4.263222    86Ag     4.269128  
      87Au     4.296952    87Ag     4.306434    88Ag     4.367742  
      89Ag     4.381756    88Au     4.392637    89Au     4.416879  
      90Ag     4.419238    90Au     4.437947    91Au     4.452930  
      91Ag     4.467173    92Au     4.512363    92Ag     4.544768  
      93Au     4.563068    93Ag     4.576120    94Ag     4.642238  
      94Au     4.656195    95Au     4.702236    95Ag     4.751486  
      96Au     4.765203    97Au     4.823115    96Ag     4.866227  
      97Ag     4.937504    98Au     4.939447    98Ag     5.022525  
      99Au     5.122092    99Ag     5.127485   100Au     5.180094  
     100Ag     5.185619   101Ag     5.204943   101Au     5.240302  
     102Ag     5.286062   102Au     5.306330   103Ag     5.323259  
     103Au     5.374639   104Ag     5.461384   104Au     5.503289  
     105Ag     5.513233   105Au     5.559303   106Au     5.584567  
     106Ag     5.603183   107Ag     5.649771   107Au     5.681032  
     108Ag     5.682678   109Ag     5.722509   108Au     5.735301  
     109Au     5.787346   110Ag     5.808858   110Au     5.859972  
     111Au     5.963484   111Ag     6.065480   112Ag     6.172650  
     112Au     6.227151   113Au     6.274436   113Ag     6.302297  
     114Au     6.376435   114Ag     6.435910   115Ag    11.367980  
     115Au    14.027525   116Ag    14.218691   116Au    14.602331  

    Final Occupation by Irrep:
             Ag    Au 
    DOCC [     8,    8 ]
    NA   [     8,    8 ]
    NB   [     8,    8 ]

  @DF-RHF Final Energy:  -156.16453500878509

   => Energetics <=

    Nuclear Repulsion Energy =            116.3069130275501237
    One-Electron Energy =                -439.4759756453966020
    Two-Electron Energy =                 167.0045276090613697
    Total Energy =                       -156.1645350087850943

Computation Completed


Properties will be evaluated at   0.000000,   0.000000,   0.000000 [a0]

Properties computed using the SCF density matrix


 Multipole Moments:

 ------------------------------------------------------------------------------------
     Multipole            Electronic (a.u.)      Nuclear  (a.u.)        Total (a.u.)
 ------------------------------------------------------------------------------------

 L = 1.  Multiply by 2.5417464519 to convert [e a0] to [Debye]
 Dipole X            :          0.0000000            0.0000000            0.0000000
 Dipole Y            :          0.0000000            0.0000000            0.0000000
 Dipole Z            :          0.0000000            0.0000000            0.0000000
 Magnitude           :                                                    0.0000000

 ------------------------------------------------------------------------------------

*** tstop() called on flexpad at Mon Aug  3 19:33:18 2026
Module time:
	user time   =      10.26 seconds =       0.17 minutes
	system time =       0.37 seconds =       0.01 minutes
	total time  =          2 seconds =       0.03 minutes
Total time:
	user time   =    6741.46 seconds =     112.36 minutes
	system time =     296.38 seconds =       4.94 minutes
	total time  =       1163 seconds =      19.38 minutes

*** tstart() called on flexpad
*** at Mon Aug  3 19:33:18 2026


  //>>>>>>>>>>>>>>>>>>>>>>>>>>>>>>>>>>>//
  //               DFMP2               //
  //<<<<<<<<<<<<<<<<<<<<<<<<<<<<<<<<<<<//

   => Loading Basis Set <=

    Name: (CC-PVTZ AUX)
    Role: RIFIT
    Keyword: DF_BASIS_MP2
    atoms 1-4  entry C          line   209 file /home/peter/miniconda3/envs/research/share/psi4/basis/cc-pvtz-ri.gbs 
    atoms 5-12 entry H          line    19 file /home/peter/miniconda3/envs/research/share/psi4/basis/cc-pvtz-ri.gbs 

	 --------------------------------------------------------
	                          DF-MP2                         
	      2nd-Order Density-Fitted Moller-Plesset Theory     
	              RMP2 Wavefunction,   7 Threads             
	                                                         
	        Rob Parrish, Justin Turney, Andy Simmonett,      
	           Ed Hohenstein, and C. David Sherrill          
	 --------------------------------------------------------

   => Auxiliary Basis Set <=

  Basis Set: (CC-PVTZ AUX)
    Blend: CC-PVTZ-RI
    Number of shells: 172
    Number of basis functions: 564
    Number of Cartesian functions: 684
    Spherical Harmonics?: true
    Max angular momentum: 4

	 --------------------------------------------------------
	                 NBF =   232, NAUX =   564
	 --------------------------------------------------------
	   CLASS    FOCC     OCC    AOCC    AVIR     VIR    FVIR
	   PAIRS       4      16      12     216     216       0
	 --------------------------------------------------------

  DFHelper Memory: AOs need 0.227 GiB; user supplied 6.286 GiB. 
  Using in-core AOs.


         ------------------------------------------------------------
                                     CPHF                           
                                  Rob Parrish                       
         ------------------------------------------------------------

  ==> Geometry <==

    Molecular point group: ci
    Full point group: Ci

    Geometry (in Angstrom), charge = 0, multiplicity = 1:

       Center              X                  Y                   Z               Mass       
    ------------   -----------------  -----------------  -----------------  -----------------
         C            0.581972347836    -0.324733509995    -0.047262631712    12.000000000000
         C           -0.581972347836     0.324733509995     0.047262631712    12.000000000000
         C            1.905154895993     0.331835586791    -0.251203165890    12.000000000000
         C           -1.905154895993    -0.331835586791     0.251203165890    12.000000000000
         H            0.571014403303    -1.408102111672     0.009421046196     1.007825032230
         H           -0.571014403303     1.408102111672    -0.009421046196     1.007825032230
         H            2.677972730600    -0.227131717584     0.271080934773     1.007825032230
         H            1.876943732288     1.354477294783     0.115797389357     1.007825032230
         H            2.186912077412     0.351482282388    -1.310780866798     1.007825032230
         H           -2.677972730600     0.227131717584    -0.271080934773     1.007825032230
         H           -1.876943732288    -1.354477294783    -0.115797389357     1.007825032230
         H           -2.186912077412    -0.351482282388     1.310780866798     1.007825032230

  Nuclear repulsion =  116.306913027550124
  Reference energy  = -156.164535008785094

  ==> Basis Set <==

  Basis Set: CC-PVTZ
    Blend: CC-PVTZ
    Number of shells: 88
    Number of basis functions: 232
    Number of Cartesian functions: 260
    Spherical Harmonics?: true
    Max angular momentum: 3

  ==> CGRSolver (by Rob Parrish) <==

   Number of roots    =         1
   Preconditioning    =    JACOBI
   Convergence cutoff =     1E-06
   Maximum iterations =       100

  ==> CPHFRHamiltonian (by Rob Parrish) <== 

  ==> MemDFJK: Density-Fitted J/K Matrices <==

    J tasked:                   Yes
    K tasked:                   Yes
    wK tasked:                   No
    OpenMP threads:               7
    Memory [MiB]:              6437
    Algorithm:                 Core
    Schwarz Cutoff:           1E-12
    Mask sparsity (%):       5.3025
    Fitting Condition:        1E-10

   => Auxiliary Basis Set <=

  Basis Set: (CC-PVTZ AUX)
    Blend: CC-PVTZ-JKFIT
    Number of shells: 180
    Number of basis functions: 556
    Number of Cartesian functions: 664
    Spherical Harmonics?: true
    Max angular momentum: 4

  ==> CPHF Iterations <==

  => Iterations <=

             Iter  Converged  Remaining    Residual
  CGR           1          0          1   8.582E-02
  CGR           2          0          1   1.224E-02
  CGR           3          0          1   2.907E-03
  CGR           4          0          1   8.373E-04
  CGR           5          0          1   1.703E-04
  CGR           6          0          1   4.192E-05
  CGR           7          0          1   9.625E-06
  CGR           8          0          1   2.693E-06
  CGR           9          1          0   6.194E-07

    CGRSolver converged.

  ==> DFCorrGrad: Density-Fitted Correlated Gradients <==

    OpenMP threads:              7
    Integrals threads:           7
    Memory [GiB]:            6.286
    Schwarz Cutoff:          0E+00
    Fitting Condition:       1E-10

   => Auxiliary Basis Set <=

  Basis Set: (CC-PVTZ AUX)
    Blend: CC-PVTZ-JKFIT
    Number of shells: 180
    Number of basis functions: 556
    Number of Cartesian functions: 664
    Spherical Harmonics?: true
    Max angular momentum: 4

	-----------------------------------------------------------
	 ==================> DF-MP2 Energies <==================== 
	-----------------------------------------------------------
	 Reference Energy          =    -156.1645350087850943 [Eh]
	 Singles Energy            =      -0.0000000000000000 [Eh]
	 Same-Spin Energy          =      -0.1504297298813685 [Eh]
	 Opposite-Spin Energy      =      -0.5339080078599920 [Eh]
	 Correlation Energy        =      -0.6843377377413605 [Eh]
	 Total Energy              =    -156.8488727465264674 [Eh]
	-----------------------------------------------------------
	 ================> DF-SCS-MP2 Energies <================== 
	-----------------------------------------------------------
	 SCS Same-Spin Scale       =       0.3333333333333333 [-]
	 SCS Opposite-Spin Scale   =       1.2000000000000000 [-]
	 SCS Same-Spin Energy      =      -0.0501432432937895 [Eh]
	 SCS Opposite-Spin Energy  =      -0.6406896094319904 [Eh]
	 SCS Correlation Energy    =      -0.6908328527257799 [Eh]
	 SCS Total Energy          =    -156.8553678615108709 [Eh]
	-----------------------------------------------------------


  -Total Gradient:
     Atom            X                  Y                   Z
    ------   -----------------  -----------------  -----------------
       1        0.005348619999     0.001904536389     0.002328774085
       2       -0.005348619999    -0.001904536389    -0.002328774085
       3       -0.001644735140     0.000868202589     0.003460266433
       4        0.001644735140    -0.000868202589    -0.003460266433
       5        0.000530457098     0.000774946624     0.001220976560
       6       -0.000530457098    -0.000774946624    -0.001220976560
       7       -0.002291651327    -0.002916209172    -0.001460761516
       8       -0.002574055612    -0.000971501818     0.000393506505
       9        0.001015970097     0.000361028062    -0.003455631897
      10        0.002291651327     0.002916209172     0.001460761516
      11        0.002574055612     0.000971501818    -0.000393506505
      12       -0.001015970097    -0.000361028062     0.003455631897


*** tstop() called on flexpad at Mon Aug  3 19:33:24 2026
Module time:
	user time   =      41.45 seconds =       0.69 minutes
	system time =       1.80 seconds =       0.03 minutes
	total time  =          6 seconds =       0.10 minutes
Total time:
	user time   =    6782.92 seconds =     113.05 minutes
	system time =     298.18 seconds =       4.97 minutes
	total time  =       1169 seconds =      19.48 minutes

    			-----------------------------------------

    			 OPTKING 3.0: for geometry optimizations 

    			     By R.A. King, Bethel University     

    			        with contributions from          

    			    A.V. Copan, J. Cayton, A. Heide      

    			-----------------------------------------

    
	                            ===> Fragment 1 <== 

	 Z (Atomic Numbers)          Masses                          Geom                  
	       6.000000            12.000000          1.09976835 -0.61365740 -0.08931343   
	       6.000000            12.000000         -1.09976835  0.61365740  0.08931343   
	       6.000000            12.000000          3.60022098  0.62707838 -0.47470519   
	       6.000000            12.000000         -3.60022098 -0.62707838  0.47470519   
	       1.000000             1.007825          1.07906084 -2.66092735  0.01780320   
	       1.000000             1.007825         -1.07906084  2.66092735 -0.01780320   
	       1.000000             1.007825          5.06063503 -0.42921674  0.51226872   
	       1.000000             1.007825          3.54690961  2.55959113  0.21882535   
	       1.000000             1.007825          4.13266489  0.66420525 -2.47701685   
	       1.000000             1.007825         -5.06063503  0.42921674 -0.51226872   
	       1.000000             1.007825         -3.54690961 -2.55959113 -0.21882535   
	       1.000000             1.007825         -4.13266489 -0.66420525  2.47701685   

	 - Coordinate -           - BOHR/RAD -       - ANG/DEG -
	 R(1,2)           =         2.525108           1.336230
	 R(1,3)           =         2.817839           1.491136
	 R(1,5)           =         2.050175           1.084906
	 R(2,4)           =         2.817839           1.491136
	 R(2,6)           =         2.050175           1.084906
	 R(3,7)           =         2.054918           1.087416
	 R(3,8)           =         2.053882           1.086868
	 R(3,9)           =         2.072228           1.096576
	 R(4,10)          =         2.054918           1.087416
	 R(4,11)          =         2.053882           1.086868
	 R(4,12)          =         2.072228           1.096576
	 B(1,2,4)         =         2.175620         124.653819
	 B(1,2,6)         =         2.063332         118.220215
	 B(1,3,7)         =         1.916244         109.792685
	 B(1,3,8)         =         1.923120         110.186685
	 B(1,3,9)         =         1.947702         111.595101
	 B(2,1,3)         =         2.175620         124.653819
	 B(2,1,5)         =         2.063332         118.220215
	 B(2,4,10)        =         1.916244         109.792685
	 B(2,4,11)        =         1.923120         110.186685
	 B(2,4,12)        =         1.947702         111.595101
	 B(3,1,5)         =         2.044066         117.116376
	 B(4,2,6)         =         2.044066         117.116376
	 B(7,3,8)         =         1.917631         109.872168
	 B(7,3,9)         =         1.865750         106.899623
	 B(8,3,9)         =         1.892399         108.426447
	 B(10,4,11)       =         1.917631         109.872168
	 B(10,4,12)       =         1.865750         106.899623
	 B(11,4,12)       =         1.892399         108.426447
	 D(1,2,4,10)      =         3.733380         213.906923
	 D(1,2,4,11)      =        -0.435406         -24.946926
	 D(1,2,4,12)      =         1.667938          95.565794
	 D(2,1,3,7)       =         2.549805         146.093077
	 D(2,1,3,8)       =         0.435406          24.946926
	 D(2,1,3,9)       =        -1.667938         -95.565794
	 D(3,1,2,4)       =         3.141593         180.000000
	 D(3,1,2,6)       =        -0.020275          -1.161659
	 D(4,2,1,5)       =         0.020275           1.161659
	 D(5,1,2,6)       =         3.141593         180.000000
	 D(5,1,3,7)       =        -0.611858         -35.056905
	 D(5,1,3,8)       =         3.556928         203.796943
	 D(5,1,3,9)       =         1.453584          83.284224
	 D(6,2,4,10)      =         0.611858          35.056905
	 D(6,2,4,11)      =         2.726258         156.203057
	 D(6,2,4,12)      =        -1.453584         -83.284224


	        --- Internal Coordinate Step in ANG or DEG, aJ/ANG or AJ/DEG ---
	-------------------------------------------------------------------------------
	           Coordinate      Previous         Force          Change          New 
	           ----------      --------        ------          ------        ------
	               R(1,2)       1.33623       -0.00123        0.00008       1.33631
	               R(1,3)       1.49114        0.04862        0.00524       1.49638
	               R(1,5)       1.08491        0.00589        0.00100       1.08590
	               R(2,4)       1.49114        0.04862        0.00524       1.49638
	               R(2,6)       1.08491        0.00589        0.00100       1.08590
	               R(3,7)       1.08742        0.00685        0.00133       1.08875
	               R(3,8)       1.08687        0.00589        0.00114       1.08801
	               R(3,9)       1.09658       -0.02971       -0.00333       1.09324
	              R(4,10)       1.08742        0.00685        0.00133       1.08875
	              R(4,11)       1.08687        0.00589        0.00114       1.08801
	              R(4,12)       1.09658       -0.02971       -0.00333       1.09324
	             B(1,2,4)     124.65382       -0.00001       -0.06089     124.59293
	             B(1,2,6)     118.22022       -0.00002       -0.10434     118.11587
	             B(1,3,7)     109.79269        0.00030        1.52519     111.31788
	             B(1,3,8)     110.18669        0.00022        1.07244     111.25913
	             B(1,3,9)     111.59510       -0.00011       -0.60506     110.99004
	             B(2,1,3)     124.65382       -0.00001       -0.06089     124.59293
	             B(2,1,5)     118.22022       -0.00002       -0.10434     118.11587
	            B(2,4,10)     109.79269        0.00030        1.52519     111.31788
	            B(2,4,11)     110.18669        0.00022        1.07244     111.25913
	            B(2,4,12)     111.59510       -0.00011       -0.60506     110.99004
	             B(3,1,5)     117.11638        0.00003        0.16626     117.28264
	             B(4,2,6)     117.11638        0.00003        0.16626     117.28264
	             B(7,3,8)     109.87217       -0.00028       -1.39525     108.47692
	             B(7,3,9)     106.89962       -0.00005       -0.18110     106.71852
	             B(8,3,9)     108.42645       -0.00009       -0.53012     107.89633
	           B(10,4,11)     109.87217       -0.00028       -1.39525     108.47692
	           B(10,4,12)     106.89962       -0.00005       -0.18110     106.71852
	           B(11,4,12)     108.42645       -0.00009       -0.53012     107.89633
	          D(1,2,4,10)     213.90692        0.00009        1.91538     215.82231
	          D(1,2,4,11)     -24.94693        0.00007        1.89174     -23.05519
	          D(1,2,4,12)      95.56579        0.00003        1.54049      97.10629
	           D(2,1,3,7)     146.09308       -0.00009       -1.91538     144.17769
	           D(2,1,3,8)      24.94693       -0.00007       -1.89174      23.05519
	           D(2,1,3,9)     -95.56579       -0.00003       -1.54049     -97.10629
	           D(3,1,2,4)     180.00000        0.00000        0.00000     180.00000
	           D(3,1,2,6)      -1.16166        0.00000        0.06545      -1.09621
	           D(4,2,1,5)       1.16166       -0.00000       -0.06545       1.09621
	           D(5,1,2,6)     180.00000       -0.00000        0.00000     180.00000
	           D(5,1,3,7)     -35.05691       -0.00009       -1.85327     -36.91018
	           D(5,1,3,8)     203.79694       -0.00007       -1.82962     201.96732
	           D(5,1,3,9)      83.28422       -0.00003       -1.47838      81.80584
	          D(6,2,4,10)      35.05691        0.00009        1.85327      36.91018
	          D(6,2,4,11)     156.20306        0.00007        1.82962     158.03268
	          D(6,2,4,12)     -83.28422        0.00003        1.47838     -81.80584
	-------------------------------------------------------------------------------

	                                 ==> Convergence Check <==                                  
    
	Measures of convergence in internal coordinates in au.
    
	Criteria marked as inactive (o), active & met (*), and active & unmet ( ).

	----------------------------------------------------------------------------------------------
	   Step    Total Energy     Delta E     Max Force     RMS Force      Max Disp      RMS Disp   
	----------------------------------------------------------------------------------------------
	  Convergence Criteria     1.00e-06 *    3.00e-04 *             o    1.20e-03 *             o
	----------------------------------------------------------------------------------------------
	     5    -156.84887275   -5.22e-03      5.90e-03      2.07e-03 o    3.34e-02      1.85e-02 o  ~
	----------------------------------------------------------------------------------------------

Next Geometry in Ang 
	Fragment 1 (Ang)

	    C   0.5802369813  -0.3267871615  -0.0544609685
	    C  -0.5802369813   0.3267871615   0.0544609685
	    C   1.9104458070   0.3304558848  -0.2486876171
	    C  -1.9104458070  -0.3304558848   0.2486876171
	    H   0.5618847598  -1.4118945235  -0.0171844021
	    H  -0.5618847598   1.4118945235   0.0171844021
	    H   2.6972539105  -0.2043902814   0.2806946501
	    H   1.8968021429   1.3600766002   0.1026791259
	    H   2.1921995684   0.3396512756  -1.3049615827
	    H  -2.6972539105   0.2043902814  -0.2806946501
	    H  -1.8968021429  -1.3600766002  -0.1026791259
	    H  -2.1921995684  -0.3396512756   1.3049615827


    Structure for next step:
    Molecular point group: ci
    Full point group: Ci

    Geometry (in Angstrom), charge = 0, multiplicity = 1:

    C            0.580236981253    -0.326787161500    -0.054460968460
    C           -0.580236981253     0.326787161500     0.054460968460
    C            1.910445807040     0.330455884787    -0.248687617077
    C           -1.910445807040    -0.330455884787     0.248687617077
    H            0.561884759786    -1.411894523452    -0.017184402065
    H           -0.561884759786     1.411894523452     0.017184402065
    H            2.697253910473    -0.204390281429     0.280694650069
    H            1.896802142896     1.360076600153     0.102679125913
    H            2.192199568435     0.339651275636    -1.304961582732
    H           -2.697253910473     0.204390281429    -0.280694650069
    H           -1.896802142896    -1.360076600153    -0.102679125913
    H           -2.192199568435    -0.339651275636     1.304961582732


Scratch directory: /tmp/
gradient() will perform analytic gradient computation.
   => Libint2 <=

    Primary   basis highest AM E, G, H:  6, 6, 3
    Auxiliary basis highest AM E, G, H:  7, 7, 4
    Onebody   basis highest AM E, G, H:  -, -, -
    Solid Harmonics ordering:            Gaussian

*** tstart() called on flexpad
*** at Mon Aug  3 19:33:25 2026

   => Loading Basis Set <=

    Name: CC-PVTZ
    Role: ORBITAL
    Keyword: BASIS
    atoms 1-4  entry C          line   186 file /home/peter/miniconda3/envs/research/share/psi4/basis/cc-pvtz.gbs 
    atoms 5-12 entry H          line    23 file /home/peter/miniconda3/envs/research/share/psi4/basis/cc-pvtz.gbs 


         ---------------------------------------------------------
                                   SCF
               by Justin Turney, Rob Parrish, Andy Simmonett
                          and Daniel G. A. Smith
                              RHF Reference
                        7 Threads,   8583 MiB Core
         ---------------------------------------------------------

  ==> Geometry <==

    Molecular point group: ci
    Full point group: Ci

    Geometry (in Angstrom), charge = 0, multiplicity = 1:

       Center              X                  Y                   Z               Mass       
    ------------   -----------------  -----------------  -----------------  -----------------
         C            0.580236981253    -0.326787161500    -0.054460968460    12.000000000000
         C           -0.580236981253     0.326787161500     0.054460968460    12.000000000000
         C            1.910445807040     0.330455884787    -0.248687617077    12.000000000000
         C           -1.910445807040    -0.330455884787     0.248687617077    12.000000000000
         H            0.561884759786    -1.411894523452    -0.017184402065     1.007825032230
         H           -0.561884759786     1.411894523452     0.017184402065     1.007825032230
         H            2.697253910473    -0.204390281429     0.280694650069     1.007825032230
         H            1.896802142896     1.360076600153     0.102679125913     1.007825032230
         H            2.192199568435     0.339651275636    -1.304961582732     1.007825032230
         H           -2.697253910473     0.204390281429    -0.280694650069     1.007825032230
         H           -1.896802142896    -1.360076600153    -0.102679125913     1.007825032230
         H           -2.192199568435    -0.339651275636     1.304961582732     1.007825032230

  Running in ci symmetry.

  Rotational constants: A =      1.16092  B =      0.12496  C =      0.11769 [cm^-1]
  Rotational constants: A =  34803.42907  B =   3746.16802  C =   3528.33009 [MHz]
  Nuclear repulsion =  116.063817964839828

  Charge       = 0
  Multiplicity = 1
  Electrons    = 32
  Nalpha       = 16
  Nbeta        = 16

  ==> Algorithm <==

  SCF Algorithm Type is DF.
  DIIS enabled.
  MOM disabled.
  Fractional occupation disabled.
  Guess Type is READ.
  Energy threshold   = 1.00e-09
  Density threshold  = 1.00e-09
  Integral threshold = 1.00e-12

  ==> Primary Basis <==

  Basis Set: CC-PVTZ
    Blend: CC-PVTZ
    Number of shells: 88
    Number of basis functions: 232
    Number of Cartesian functions: 260
    Spherical Harmonics?: true
    Max angular momentum: 3

   => Loading Basis Set <=

    Name: (CC-PVTZ AUX)
    Role: JKFIT
    Keyword: DF_BASIS_SCF
    atoms 1-4  entry C          line   125 file /home/peter/miniconda3/envs/research/share/psi4/basis/cc-pvtz-jkfit.gbs 
    atoms 5-12 entry H          line    51 file /home/peter/miniconda3/envs/research/share/psi4/basis/cc-pvtz-jkfit.gbs 

   => Loading Basis Set <=

    Name: CC-PVTZ
    Role: ORBITAL
    Keyword: BASIS
    atoms 1-4  entry C          line   186 file /home/peter/miniconda3/envs/research/share/psi4/basis/cc-pvtz.gbs 
    atoms 5-12 entry H          line    23 file /home/peter/miniconda3/envs/research/share/psi4/basis/cc-pvtz.gbs 

  Reading orbitals from file /tmp/psi4.default.340379.180.npy, no projection.

  ==> Integral Setup <==

  DFHelper Memory: AOs need 0.227 GiB; user supplied 6.286 GiB. 
  Using in-core AOs.

  ==> MemDFJK: Density-Fitted J/K Matrices <==

    J tasked:                   Yes
    K tasked:                   Yes
    wK tasked:                   No
    OpenMP threads:               7
    Memory [MiB]:              6437
    Algorithm:                 Core
    Schwarz Cutoff:           1E-12
    Mask sparsity (%):       5.3471
    Fitting Condition:        1E-10

   => Auxiliary Basis Set <=

  Basis Set: (CC-PVTZ AUX)
    Blend: CC-PVTZ-JKFIT
    Number of shells: 180
    Number of basis functions: 556
    Number of Cartesian functions: 664
    Spherical Harmonics?: true
    Max angular momentum: 4

  Minimum eigenvalue in the overlap matrix is 6.5186889345E-04.
  Reciprocal condition number of the overlap matrix is 8.7112123913E-05.
    Using symmetric orthogonalization.

  ==> Pre-Iterations <==

  SCF Guess: Orbitals guess was supplied from a previous computation.

   -------------------------------------------------------
    Irrep   Nso     Nmo     Nalpha   Nbeta   Ndocc  Nsocc
   -------------------------------------------------------
     Ag       116     116       8       8       8       0
     Au       116     116       8       8       8       0
   -------------------------------------------------------
    Total     232     232      16      16      16       0
   -------------------------------------------------------

  ==> Iterations <==

                           Total Energy        Delta E     RMS |[F,P]|

   @DF-RHF iter   0:  -156.16185747561775   -1.56162e+02   2.13921e-04 
   @DF-RHF iter   1:  -156.16530212483892   -3.44465e-03   3.36052e-05 DIIS
   @DF-RHF iter   2:  -156.16533747357968   -3.53487e-05   1.28571e-05 DIIS
   @DF-RHF iter   3:  -156.16534549276383   -8.01918e-06   3.63829e-06 DIIS
   @DF-RHF iter   4:  -156.16534621769424   -7.24930e-07   1.06179e-06 DIIS
   @DF-RHF iter   5:  -156.16534627150179   -5.38076e-08   3.26194e-07 DIIS
   @DF-RHF iter   6:  -156.16534627533829   -3.83650e-09   7.28099e-08 DIIS
   @DF-RHF iter   7:  -156.16534627556007   -2.21775e-10   1.84450e-08 DIIS
   @DF-RHF iter   8:  -156.16534627557277   -1.27045e-11   6.76160e-09 DIIS
   @DF-RHF iter   9:  -156.16534627557456   -1.79057e-12   2.07883e-09 DIIS
   @DF-RHF iter  10:  -156.16534627557496   -3.97904e-13   5.09669e-10 DIIS
  Energy and wave function converged.


  ==> Post-Iterations <==

    Orbital Energies [Eh]
    ---------------------

    Doubly Occupied:                                                      

       1Ag   -11.220742     1Au   -11.219059     2Ag   -11.215027  
       2Au   -11.215013     3Ag    -1.075841     3Au    -0.983507  
       4Ag    -0.877126     4Au    -0.743231     5Au    -0.605852  
       5Ag    -0.605112     6Au    -0.570470     6Ag    -0.553256  
       7Au    -0.523308     7Ag    -0.506757     8Ag    -0.480668  
       8Au    -0.339170  

    Virtual:                                                              

       9Ag     0.148393     9Au     0.160104    10Ag     0.165238  
      10Au     0.174885    11Ag     0.213326    11Au     0.222626  
      12Ag     0.225269    13Ag     0.247363    12Au     0.253577  
      13Au     0.309325    14Ag     0.339384    15Ag     0.367937  
      14Au     0.382081    16Ag     0.408300    15Au     0.422612  
      17Ag     0.464616    16Au     0.476008    17Au     0.507386  
      18Au     0.524751    18Ag     0.527064    19Au     0.591137  
      19Ag     0.599293    20Ag     0.622008    20Au     0.625299  
      21Au     0.631558    21Ag     0.643099    22Au     0.646577  
      22Ag     0.655966    23Au     0.666390    23Ag     0.678352  
      24Ag     0.709432    24Au     0.733624    25Ag     0.766561  
      25Au     0.820441    26Au     0.835179    26Ag     0.844568  
      27Au     0.873975    28Au     0.879244    27Ag     0.933893  
      28Ag     0.987813    29Au     1.008048    29Ag     1.034591  
      30Ag     1.066809    30Au     1.079269    31Ag     1.126192  
      31Au     1.156008    32Au     1.172200    32Ag     1.189139  
      33Ag     1.199752    33Au     1.224686    34Ag     1.232533  
      35Ag     1.264900    34Au     1.268851    36Ag     1.307425  
      35Au     1.310757    37Ag     1.325223    36Au     1.354437  
      37Au     1.371891    38Ag     1.381453    38Au     1.430808  
      39Au     1.448884    39Ag     1.459538    40Au     1.502443  
      41Au     1.541568    40Ag     1.543901    41Ag     1.549307  
      42Ag     1.572941    43Ag     1.598577    42Au     1.602718  
      43Au     1.624227    44Ag     1.659011    45Ag     1.697400  
      44Au     1.713661    46Ag     1.734630    45Au     1.739356  
      46Au     1.759622    47Au     1.826803    47Ag     1.908174  
      48Au     1.977351    48Ag     2.185070    49Au     2.416182  
      49Ag     2.417078    50Au     2.473694    50Ag     2.516529  
      51Ag     2.555585    51Au     2.578867    52Au     2.629383  
      52Ag     2.675001    53Au     2.686826    53Ag     2.691297  
      54Ag     2.751164    54Au     2.787483    55Ag     2.819549  
      55Au     2.844270    56Ag     2.855437    56Au     2.979925  
      57Ag     2.996889    57Au     3.008933    58Au     3.014442  
      59Au     3.023949    58Ag     3.114822    60Au     3.124215  
      59Ag     3.134604    61Au     3.148939    60Ag     3.151863  
      61Ag     3.168908    62Au     3.175368    62Ag     3.207646  
      63Ag     3.228311    64Ag     3.253356    63Au     3.264093  
      65Ag     3.279012    64Au     3.293889    66Ag     3.301981  
      65Au     3.337649    66Au     3.351166    67Au     3.378865  
      68Au     3.402582    67Ag     3.404766    68Ag     3.440769  
      69Ag     3.453737    69Au     3.474976    70Ag     3.522041  
      70Au     3.556459    71Au     3.564404    71Ag     3.570414  
      72Ag     3.592025    72Au     3.606842    73Ag     3.639494  
      73Au     3.658127    74Au     3.706095    75Au     3.738955  
      74Ag     3.746788    76Au     3.764118    75Ag     3.767511  
      77Au     3.796067    78Au     3.813228    76Ag     3.816627  
      77Ag     3.850708    78Ag     3.857105    79Ag     3.937406  
      79Au     3.937868    80Ag     3.979042    80Au     4.020031  
      81Au     4.049862    81Ag     4.057011    82Ag     4.086680  
      82Au     4.098520    83Ag     4.119720    83Au     4.132795  
      84Au     4.187921    84Ag     4.212772    85Au     4.228152  
      86Au     4.258227    85Ag     4.258380    86Ag     4.270387  
      87Au     4.292983    87Ag     4.304796    88Ag     4.359968  
      89Ag     4.385263    88Au     4.395717    89Au     4.421645  
      90Ag     4.431673    90Au     4.439330    91Au     4.449762  
      91Ag     4.473989    92Au     4.511786    92Ag     4.546575  
      93Au     4.567963    93Ag     4.572348    94Au     4.652727  
      94Ag     4.652885    95Au     4.711456    95Ag     4.748878  
      96Au     4.765158    97Au     4.814167    96Ag     4.854888  
      98Au     4.923756    97Ag     4.935506    98Ag     5.019657  
      99Au     5.121607    99Ag     5.123770   100Ag     5.180705  
     100Au     5.181249   101Ag     5.204090   101Au     5.242230  
     102Ag     5.281302   102Au     5.297229   103Ag     5.316341  
     103Au     5.365233   104Ag     5.451644   104Au     5.471491  
     105Ag     5.489309   105Au     5.557754   106Au     5.584574  
     106Ag     5.608320   107Ag     5.645237   108Ag     5.689004  
     107Au     5.694105   109Ag     5.725373   108Au     5.737088  
     109Au     5.779685   110Ag     5.802371   110Au     5.858574  
     111Au     5.942960   111Ag     6.063577   112Ag     6.180956  
     112Au     6.236660   113Au     6.279633   113Ag     6.299286  
     114Au     6.375692   114Ag     6.428318   115Ag    11.350214  
     115Au    13.985744   116Ag    14.164970   116Au    14.557649  

    Final Occupation by Irrep:
             Ag    Au 
    DOCC [     8,    8 ]
    NA   [     8,    8 ]
    NB   [     8,    8 ]

  @DF-RHF Final Energy:  -156.16534627557496

   => Energetics <=

    Nuclear Repulsion Energy =            116.0638179648398278
    One-Electron Energy =                -438.9900510171765973
    Two-Electron Energy =                 166.7608867767618221
    Total Energy =                       -156.1653462755749615

Computation Completed


Properties will be evaluated at   0.000000,   0.000000,   0.000000 [a0]

Properties computed using the SCF density matrix


 Multipole Moments:

 ------------------------------------------------------------------------------------
     Multipole            Electronic (a.u.)      Nuclear  (a.u.)        Total (a.u.)
 ------------------------------------------------------------------------------------

 L = 1.  Multiply by 2.5417464519 to convert [e a0] to [Debye]
 Dipole X            :          0.0000000            0.0000000            0.0000000
 Dipole Y            :          0.0000000           -0.0000000           -0.0000000
 Dipole Z            :          0.0000000            0.0000000            0.0000000
 Magnitude           :                                                    0.0000000

 ------------------------------------------------------------------------------------

*** tstop() called on flexpad at Mon Aug  3 19:33:26 2026
Module time:
	user time   =      10.12 seconds =       0.17 minutes
	system time =       0.37 seconds =       0.01 minutes
	total time  =          1 seconds =       0.02 minutes
Total time:
	user time   =    6794.27 seconds =     113.24 minutes
	system time =     298.59 seconds =       4.98 minutes
	total time  =       1171 seconds =      19.52 minutes

*** tstart() called on flexpad
*** at Mon Aug  3 19:33:26 2026


  //>>>>>>>>>>>>>>>>>>>>>>>>>>>>>>>>>>>//
  //               DFMP2               //
  //<<<<<<<<<<<<<<<<<<<<<<<<<<<<<<<<<<<//

   => Loading Basis Set <=

    Name: (CC-PVTZ AUX)
    Role: RIFIT
    Keyword: DF_BASIS_MP2
    atoms 1-4  entry C          line   209 file /home/peter/miniconda3/envs/research/share/psi4/basis/cc-pvtz-ri.gbs 
    atoms 5-12 entry H          line    19 file /home/peter/miniconda3/envs/research/share/psi4/basis/cc-pvtz-ri.gbs 

	 --------------------------------------------------------
	                          DF-MP2                         
	      2nd-Order Density-Fitted Moller-Plesset Theory     
	              RMP2 Wavefunction,   7 Threads             
	                                                         
	        Rob Parrish, Justin Turney, Andy Simmonett,      
	           Ed Hohenstein, and C. David Sherrill          
	 --------------------------------------------------------

   => Auxiliary Basis Set <=

  Basis Set: (CC-PVTZ AUX)
    Blend: CC-PVTZ-RI
    Number of shells: 172
    Number of basis functions: 564
    Number of Cartesian functions: 684
    Spherical Harmonics?: true
    Max angular momentum: 4

	 --------------------------------------------------------
	                 NBF =   232, NAUX =   564
	 --------------------------------------------------------
	   CLASS    FOCC     OCC    AOCC    AVIR     VIR    FVIR
	   PAIRS       4      16      12     216     216       0
	 --------------------------------------------------------

  DFHelper Memory: AOs need 0.227 GiB; user supplied 6.286 GiB. 
  Using in-core AOs.


         ------------------------------------------------------------
                                     CPHF                           
                                  Rob Parrish                       
         ------------------------------------------------------------

  ==> Geometry <==

    Molecular point group: ci
    Full point group: Ci

    Geometry (in Angstrom), charge = 0, multiplicity = 1:

       Center              X                  Y                   Z               Mass       
    ------------   -----------------  -----------------  -----------------  -----------------
         C            0.580236981253    -0.326787161500    -0.054460968460    12.000000000000
         C           -0.580236981253     0.326787161500     0.054460968460    12.000000000000
         C            1.910445807040     0.330455884787    -0.248687617077    12.000000000000
         C           -1.910445807040    -0.330455884787     0.248687617077    12.000000000000
         H            0.561884759786    -1.411894523452    -0.017184402065     1.007825032230
         H           -0.561884759786     1.411894523452     0.017184402065     1.007825032230
         H            2.697253910473    -0.204390281429     0.280694650069     1.007825032230
         H            1.896802142896     1.360076600153     0.102679125913     1.007825032230
         H            2.192199568435     0.339651275636    -1.304961582732     1.007825032230
         H           -2.697253910473     0.204390281429    -0.280694650069     1.007825032230
         H           -1.896802142896    -1.360076600153    -0.102679125913     1.007825032230
         H           -2.192199568435    -0.339651275636     1.304961582732     1.007825032230

  Nuclear repulsion =  116.063817964839828
  Reference energy  = -156.165346275574962

  ==> Basis Set <==

  Basis Set: CC-PVTZ
    Blend: CC-PVTZ
    Number of shells: 88
    Number of basis functions: 232
    Number of Cartesian functions: 260
    Spherical Harmonics?: true
    Max angular momentum: 3

  ==> CGRSolver (by Rob Parrish) <==

   Number of roots    =         1
   Preconditioning    =    JACOBI
   Convergence cutoff =     1E-06
   Maximum iterations =       100

  ==> CPHFRHamiltonian (by Rob Parrish) <== 

  ==> MemDFJK: Density-Fitted J/K Matrices <==

    J tasked:                   Yes
    K tasked:                   Yes
    wK tasked:                   No
    OpenMP threads:               7
    Memory [MiB]:              6437
    Algorithm:                 Core
    Schwarz Cutoff:           1E-12
    Mask sparsity (%):       5.3471
    Fitting Condition:        1E-10

   => Auxiliary Basis Set <=

  Basis Set: (CC-PVTZ AUX)
    Blend: CC-PVTZ-JKFIT
    Number of shells: 180
    Number of basis functions: 556
    Number of Cartesian functions: 664
    Spherical Harmonics?: true
    Max angular momentum: 4

  ==> CPHF Iterations <==

  => Iterations <=

             Iter  Converged  Remaining    Residual
  CGR           1          0          1   8.562E-02
  CGR           2          0          1   1.218E-02
  CGR           3          0          1   2.870E-03
  CGR           4          0          1   8.301E-04
  CGR           5          0          1   1.675E-04
  CGR           6          0          1   3.984E-05
  CGR           7          0          1   8.506E-06
  CGR           8          0          1   2.377E-06
  CGR           9          1          0   5.817E-07

    CGRSolver converged.

  ==> DFCorrGrad: Density-Fitted Correlated Gradients <==

    OpenMP threads:              7
    Integrals threads:           7
    Memory [GiB]:            6.286
    Schwarz Cutoff:          0E+00
    Fitting Condition:       1E-10

   => Auxiliary Basis Set <=

  Basis Set: (CC-PVTZ AUX)
    Blend: CC-PVTZ-JKFIT
    Number of shells: 180
    Number of basis functions: 556
    Number of Cartesian functions: 664
    Spherical Harmonics?: true
    Max angular momentum: 4

	-----------------------------------------------------------
	 ==================> DF-MP2 Energies <==================== 
	-----------------------------------------------------------
	 Reference Energy          =    -156.1653462755749615 [Eh]
	 Singles Energy            =      -0.0000000000000000 [Eh]
	 Same-Spin Energy          =      -0.1503254130018171 [Eh]
	 Opposite-Spin Energy      =      -0.5338883458143759 [Eh]
	 Correlation Energy        =      -0.6842137588161931 [Eh]
	 Total Energy              =    -156.8495600343911462 [Eh]
	-----------------------------------------------------------
	 ================> DF-SCS-MP2 Energies <================== 
	-----------------------------------------------------------
	 SCS Same-Spin Scale       =       0.3333333333333333 [-]
	 SCS Opposite-Spin Scale   =       1.2000000000000000 [-]
	 SCS Same-Spin Energy      =      -0.0501084710006057 [Eh]
	 SCS Opposite-Spin Energy  =      -0.6406660149772511 [Eh]
	 SCS Correlation Energy    =      -0.6907744859778567 [Eh]
	 SCS Total Energy          =    -156.8561207615528303 [Eh]
	-----------------------------------------------------------


  -Total Gradient:
     Atom            X                  Y                   Z
    ------   -----------------  -----------------  -----------------
       1        0.002036276685     0.000964103895     0.000540631123
       2       -0.002036276685    -0.000964103895    -0.000540631123
       3       -0.001333321509     0.000206110398     0.002085906801
       4        0.001333321509    -0.000206110398    -0.002085906801
       5       -0.000079626529    -0.000043514277     0.001320304647
       6        0.000079626529     0.000043514277    -0.001320304647
       7        0.000154246238    -0.000727992799    -0.001090445178
       8        0.000155865235    -0.000393262152     0.000456329277
       9        0.000084842969     0.000454553729    -0.001274649725
      10       -0.000154246238     0.000727992799     0.001090445178
      11       -0.000155865235     0.000393262152    -0.000456329277
      12       -0.000084842969    -0.000454553729     0.001274649725


*** tstop() called on flexpad at Mon Aug  3 19:33:33 2026
Module time:
	user time   =      40.69 seconds =       0.68 minutes
	system time =       1.80 seconds =       0.03 minutes
	total time  =          7 seconds =       0.12 minutes
Total time:
	user time   =    6834.96 seconds =     113.92 minutes
	system time =     300.39 seconds =       5.01 minutes
	total time  =       1178 seconds =      19.63 minutes

    			-----------------------------------------

    			 OPTKING 3.0: for geometry optimizations 

    			     By R.A. King, Bethel University     

    			        with contributions from          

    			    A.V. Copan, J. Cayton, A. Heide      

    			-----------------------------------------

    
	                            ===> Fragment 1 <== 

	 Z (Atomic Numbers)          Masses                          Geom                  
	       6.000000            12.000000          1.09648898 -0.61753824 -0.10291631   
	       6.000000            12.000000         -1.09648898  0.61753824  0.10291631   
	       6.000000            12.000000          3.61021935  0.62447112 -0.46995149   
	       6.000000            12.000000         -3.61021935 -0.62447112  0.46995149   
	       1.000000             1.007825          1.06180831 -2.66809397 -0.03247381   
	       1.000000             1.007825         -1.06180831  2.66809397  0.03247381   
	       1.000000             1.007825          5.09707118 -0.38624165  0.53043601   
	       1.000000             1.007825          3.58443656  2.57017228  0.19403543   
	       1.000000             1.007825          4.14265680  0.64184789 -2.46602000   
	       1.000000             1.007825         -5.09707118  0.38624165 -0.53043601   
	       1.000000             1.007825         -3.58443656 -2.57017228 -0.19403543   
	       1.000000             1.007825         -4.14265680 -0.64184789  2.46602000   

	 - Coordinate -           - BOHR/RAD -       - ANG/DEG -
	 R(1,2)           =         2.525259           1.336310
	 R(1,3)           =         2.827745           1.496378
	 R(1,5)           =         2.052058           1.085903
	 R(2,4)           =         2.827745           1.496378
	 R(2,6)           =         2.052058           1.085903
	 R(3,7)           =         2.057436           1.088748
	 R(3,8)           =         2.056039           1.088009
	 R(3,9)           =         2.065933           1.093245
	 R(4,10)          =         2.057436           1.088748
	 R(4,11)          =         2.056039           1.088009
	 R(4,12)          =         2.065933           1.093245
	 B(1,2,4)         =         2.174557         124.592926
	 B(1,2,6)         =         2.061511         118.115871
	 B(1,3,7)         =         1.942863         111.317878
	 B(1,3,8)         =         1.941838         111.259129
	 B(1,3,9)         =         1.937142         110.990041
	 B(2,1,3)         =         2.174557         124.592926
	 B(2,1,5)         =         2.061511         118.115871
	 B(2,4,10)        =         1.942863         111.317878
	 B(2,4,11)        =         1.941838         111.259129
	 B(2,4,12)        =         1.937142         110.990041
	 B(3,1,5)         =         2.046968         117.282636
	 B(4,2,6)         =         2.046968         117.282636
	 B(7,3,8)         =         1.893279         108.476916
	 B(7,3,9)         =         1.862590         106.718519
	 B(8,3,9)         =         1.883146         107.896327
	 B(10,4,11)       =         1.893279         108.476916
	 B(10,4,12)       =         1.862590         106.718519
	 B(11,4,12)       =         1.883146         107.896327
	 D(1,2,4,10)      =         3.766810         215.822306
	 D(1,2,4,11)      =        -0.402389         -23.055190
	 D(1,2,4,12)      =         1.694824          97.106287
	 D(2,1,3,7)       =         2.516375         144.177694
	 D(2,1,3,8)       =         0.402389          23.055190
	 D(2,1,3,9)       =        -1.694824         -97.106287
	 D(3,1,2,4)       =         3.141593         180.000000
	 D(3,1,2,6)       =        -0.019132          -1.096209
	 D(4,2,1,5)       =         0.019132           1.096209
	 D(5,1,2,6)       =         3.141593         180.000000
	 D(5,1,3,7)       =        -0.644204         -36.910177
	 D(5,1,3,8)       =         3.524995         201.967319
	 D(5,1,3,9)       =         1.427781          81.805842
	 D(6,2,4,10)      =         0.644204          36.910177
	 D(6,2,4,11)      =         2.758191         158.032681
	 D(6,2,4,12)      =        -1.427781         -81.805842


	        --- Internal Coordinate Step in ANG or DEG, aJ/ANG or AJ/DEG ---
	-------------------------------------------------------------------------------
	           Coordinate      Previous         Force          Change          New 
	           ----------      --------        ------          ------        ------
	               R(1,2)       1.33631       -0.00406       -0.00061       1.33570
	               R(1,3)       1.49638        0.00873        0.00408       1.50045
	               R(1,5)       1.08590       -0.00074        0.00000       1.08591
	               R(2,4)       1.49638        0.00873        0.00408       1.50045
	               R(2,6)       1.08590       -0.00074        0.00000       1.08591
	               R(3,7)       1.08875        0.00050        0.00070       1.08945
	               R(3,8)       1.08801        0.00187        0.00102       1.08903
	               R(3,9)       1.09324       -0.01036       -0.00270       1.09055
	              R(4,10)       1.08875        0.00050        0.00070       1.08945
	              R(4,11)       1.08801        0.00187        0.00102       1.08903
	              R(4,12)       1.09324       -0.01036       -0.00270       1.09055
	             B(1,2,4)     124.59293       -0.00003       -0.22553     124.36739
	             B(1,2,6)     118.11587        0.00003        0.18278     118.29865
	             B(1,3,7)     111.31788        0.00000        0.37216     111.69004
	             B(1,3,8)     111.25913       -0.00001        0.02878     111.28791
	             B(1,3,9)     110.99004        0.00001        0.09486     111.08490
	             B(2,1,3)     124.59293       -0.00003       -0.22553     124.36739
	             B(2,1,5)     118.11587        0.00003        0.18278     118.29865
	            B(2,4,10)     111.31788        0.00000        0.37216     111.69004
	            B(2,4,11)     111.25913       -0.00001        0.02878     111.28791
	            B(2,4,12)     110.99004        0.00001        0.09486     111.08490
	             B(3,1,5)     117.28264       -0.00000        0.04164     117.32428
	             B(4,2,6)     117.28264       -0.00000        0.04164     117.32428
	             B(7,3,8)     108.47692       -0.00002       -1.00003     107.47688
	             B(7,3,9)     106.71852        0.00002        0.43975     107.15827
	             B(8,3,9)     107.89633       -0.00000        0.04194     107.93827
	           B(10,4,11)     108.47692       -0.00002       -1.00003     107.47688
	           B(10,4,12)     106.71852        0.00002        0.43975     107.15827
	           B(11,4,12)     107.89633       -0.00000        0.04194     107.93827
	          D(1,2,4,10)     215.82231        0.00008        3.61472     219.43702
	          D(1,2,4,11)     -23.05519        0.00005        2.61476     -20.44043
	          D(1,2,4,12)      97.10629        0.00005        2.75122      99.85751
	           D(2,1,3,7)     144.17769       -0.00008       -3.61472     140.56298
	           D(2,1,3,8)      23.05519       -0.00005       -2.61476      20.44043
	           D(2,1,3,9)     -97.10629       -0.00005       -2.75122     -99.85751
	           D(3,1,2,4)     180.00000        0.00000        0.00000     180.00000
	           D(3,1,2,6)      -1.09621       -0.00000       -0.06807      -1.16428
	           D(4,2,1,5)       1.09621        0.00000        0.06807       1.16428
	           D(5,1,2,6)     180.00000        0.00000        0.00000     180.00000
	           D(5,1,3,7)     -36.91018       -0.00008       -3.68073     -40.59090
	           D(5,1,3,8)     201.96732       -0.00005       -2.68077     199.28655
	           D(5,1,3,9)      81.80584       -0.00005       -2.81723      78.98861
	          D(6,2,4,10)      36.91018        0.00008        3.68073      40.59090
	          D(6,2,4,11)     158.03268        0.00005        2.68077     160.71345
	          D(6,2,4,12)     -81.80584        0.00005        2.81723     -78.98861
	-------------------------------------------------------------------------------

	                                 ==> Convergence Check <==                                  
    
	Measures of convergence in internal coordinates in au.
    
	Criteria marked as inactive (o), active & met (*), and active & unmet ( ).

	----------------------------------------------------------------------------------------------
	   Step    Total Energy     Delta E     Max Force     RMS Force      Max Disp      RMS Disp   
	----------------------------------------------------------------------------------------------
	  Convergence Criteria     1.00e-06 *    3.00e-04 *             o    1.20e-03 *             o
	----------------------------------------------------------------------------------------------
	     6    -156.84956003   -6.87e-04      1.26e-03      5.67e-04 o    6.42e-02      2.80e-02 o  ~
	----------------------------------------------------------------------------------------------

Next Geometry in Ang 
	Fragment 1 (Ang)

	    C   0.5767348522  -0.3299048354  -0.0675383860
	    C  -0.5767348522   0.3299048354   0.0675383860
	    C   1.9120373444   0.3282187510  -0.2551685374
	    C  -1.9120373444  -0.3282187510   0.2551685374
	    H   0.5527247335  -1.4155212751  -0.0601537129
	    H  -0.5527247335   1.4155212751   0.0601537129
	    H   2.6951671654  -0.1835640836   0.3031142563
	    H   1.8933789271   1.3635969466   0.0819161578
	    H   2.2085139807   0.3219449519  -1.3046230438
	    H  -2.6951671654   0.1835640836  -0.3031142563
	    H  -1.8933789271  -1.3635969466  -0.0819161578
	    H  -2.2085139807  -0.3219449519   1.3046230438


    Structure for next step:
    Molecular point group: ci
    Full point group: Ci

    Geometry (in Angstrom), charge = 0, multiplicity = 1:

    C            0.576734852183    -0.329904835401    -0.067538386008
    C           -0.576734852183     0.329904835401     0.067538386008
    C            1.912037344353     0.328218751042    -0.255168537404
    C           -1.912037344353    -0.328218751042     0.255168537404
    H            0.552724733528    -1.415521275093    -0.060153712943
    H           -0.552724733528     1.415521275093     0.060153712943
    H            2.695167165382    -0.183564083555     0.303114256304
    H            1.893378927092     1.363596946612     0.081916157804
    H            2.208513980734     0.321944951906    -1.304623043837
    H           -2.695167165382     0.183564083555    -0.303114256304
    H           -1.893378927092    -1.363596946612    -0.081916157804
    H           -2.208513980734    -0.321944951906     1.304623043837


Scratch directory: /tmp/
gradient() will perform analytic gradient computation.
   => Libint2 <=

    Primary   basis highest AM E, G, H:  6, 6, 3
    Auxiliary basis highest AM E, G, H:  7, 7, 4
    Onebody   basis highest AM E, G, H:  -, -, -
    Solid Harmonics ordering:            Gaussian

*** tstart() called on flexpad
*** at Mon Aug  3 19:33:33 2026

   => Loading Basis Set <=

    Name: CC-PVTZ
    Role: ORBITAL
    Keyword: BASIS
    atoms 1-4  entry C          line   186 file /home/peter/miniconda3/envs/research/share/psi4/basis/cc-pvtz.gbs 
    atoms 5-12 entry H          line    23 file /home/peter/miniconda3/envs/research/share/psi4/basis/cc-pvtz.gbs 


         ---------------------------------------------------------
                                   SCF
               by Justin Turney, Rob Parrish, Andy Simmonett
                          and Daniel G. A. Smith
                              RHF Reference
                        7 Threads,   8583 MiB Core
         ---------------------------------------------------------

  ==> Geometry <==

    Molecular point group: ci
    Full point group: Ci

    Geometry (in Angstrom), charge = 0, multiplicity = 1:

       Center              X                  Y                   Z               Mass       
    ------------   -----------------  -----------------  -----------------  -----------------
         C            0.576734852183    -0.329904835401    -0.067538386008    12.000000000000
         C           -0.576734852183     0.329904835401     0.067538386008    12.000000000000
         C            1.912037344353     0.328218751042    -0.255168537404    12.000000000000
         C           -1.912037344353    -0.328218751042     0.255168537404    12.000000000000
         H            0.552724733528    -1.415521275093    -0.060153712943     1.007825032230
         H           -0.552724733528     1.415521275093     0.060153712943     1.007825032230
         H            2.695167165382    -0.183564083555     0.303114256304     1.007825032230
         H            1.893378927092     1.363596946612     0.081916157804     1.007825032230
         H            2.208513980734     0.321944951906    -1.304623043837     1.007825032230
         H           -2.695167165382     0.183564083555    -0.303114256304     1.007825032230
         H           -1.893378927092    -1.363596946612    -0.081916157804     1.007825032230
         H           -2.208513980734    -0.321944951906     1.304623043837     1.007825032230

  Running in ci symmetry.

  Rotational constants: A =      1.15813  B =      0.12472  C =      0.11748 [cm^-1]
  Rotational constants: A =  34719.94421  B =   3738.96941  C =   3521.89564 [MHz]
  Nuclear repulsion =  115.959795159533513

  Charge       = 0
  Multiplicity = 1
  Electrons    = 32
  Nalpha       = 16
  Nbeta        = 16

  ==> Algorithm <==

  SCF Algorithm Type is DF.
  DIIS enabled.
  MOM disabled.
  Fractional occupation disabled.
  Guess Type is READ.
  Energy threshold   = 1.00e-09
  Density threshold  = 1.00e-09
  Integral threshold = 1.00e-12

  ==> Primary Basis <==

  Basis Set: CC-PVTZ
    Blend: CC-PVTZ
    Number of shells: 88
    Number of basis functions: 232
    Number of Cartesian functions: 260
    Spherical Harmonics?: true
    Max angular momentum: 3

   => Loading Basis Set <=

    Name: (CC-PVTZ AUX)
    Role: JKFIT
    Keyword: DF_BASIS_SCF
    atoms 1-4  entry C          line   125 file /home/peter/miniconda3/envs/research/share/psi4/basis/cc-pvtz-jkfit.gbs 
    atoms 5-12 entry H          line    51 file /home/peter/miniconda3/envs/research/share/psi4/basis/cc-pvtz-jkfit.gbs 

   => Loading Basis Set <=

    Name: CC-PVTZ
    Role: ORBITAL
    Keyword: BASIS
    atoms 1-4  entry C          line   186 file /home/peter/miniconda3/envs/research/share/psi4/basis/cc-pvtz.gbs 
    atoms 5-12 entry H          line    23 file /home/peter/miniconda3/envs/research/share/psi4/basis/cc-pvtz.gbs 

  Reading orbitals from file /tmp/psi4.default.340379.180.npy, no projection.

  ==> Integral Setup <==

  DFHelper Memory: AOs need 0.227 GiB; user supplied 6.286 GiB. 
  Using in-core AOs.

  ==> MemDFJK: Density-Fitted J/K Matrices <==

    J tasked:                   Yes
    K tasked:                   Yes
    wK tasked:                   No
    OpenMP threads:               7
    Memory [MiB]:              6437
    Algorithm:                 Core
    Schwarz Cutoff:           1E-12
    Mask sparsity (%):       5.3916
    Fitting Condition:        1E-10

   => Auxiliary Basis Set <=

  Basis Set: (CC-PVTZ AUX)
    Blend: CC-PVTZ-JKFIT
    Number of shells: 180
    Number of basis functions: 556
    Number of Cartesian functions: 664
    Spherical Harmonics?: true
    Max angular momentum: 4

  Minimum eigenvalue in the overlap matrix is 6.4000387501E-04.
  Reciprocal condition number of the overlap matrix is 8.5717602799E-05.
    Using symmetric orthogonalization.

  ==> Pre-Iterations <==

  SCF Guess: Orbitals guess was supplied from a previous computation.

   -------------------------------------------------------
    Irrep   Nso     Nmo     Nalpha   Nbeta   Ndocc  Nsocc
   -------------------------------------------------------
     Ag       116     116       8       8       8       0
     Au       116     116       8       8       8       0
   -------------------------------------------------------
    Total     232     232      16      16      16       0
   -------------------------------------------------------

  ==> Iterations <==

                           Total Energy        Delta E     RMS |[F,P]|

   @DF-RHF iter   0:  -156.16280045630720   -1.56163e+02   2.94672e-04 
   @DF-RHF iter   1:  -156.16579981193237   -2.99936e-03   4.97118e-05 DIIS
   @DF-RHF iter   2:  -156.16587461667987   -7.48047e-05   1.90041e-05 DIIS
   @DF-RHF iter   3:  -156.16588998544557   -1.53688e-05   6.66391e-06 DIIS
   @DF-RHF iter   4:  -156.16589163018236   -1.64474e-06   2.14216e-06 DIIS
   @DF-RHF iter   5:  -156.16589185497230   -2.24790e-07   6.22101e-07 DIIS
   @DF-RHF iter   6:  -156.16589187387834   -1.89060e-08   1.54366e-07 DIIS
   @DF-RHF iter   7:  -156.16589187487517   -9.96835e-10   4.79417e-08 DIIS
   @DF-RHF iter   8:  -156.16589187495592   -8.07461e-11   1.27144e-08 DIIS
   @DF-RHF iter   9:  -156.16589187496390   -7.98650e-12   3.33252e-09 DIIS
   @DF-RHF iter  10:  -156.16589187496484   -9.37916e-13   6.95766e-10 DIIS
  Energy and wave function converged.


  ==> Post-Iterations <==

    Orbital Energies [Eh]
    ---------------------

    Doubly Occupied:                                                      

       1Ag   -11.221413     1Au   -11.219723     2Ag   -11.215248  
       2Au   -11.215236     3Ag    -1.075293     3Au    -0.982493  
       4Ag    -0.877586     4Au    -0.743605     5Au    -0.605261  
       5Ag    -0.603683     6Au    -0.571504     6Ag    -0.554772  
       7Au    -0.521431     7Ag    -0.506030     8Ag    -0.480721  
       8Au    -0.340429  

    Virtual:                                                              

       9Ag     0.148305     9Au     0.159936    10Ag     0.167239  
      10Au     0.175027    11Ag     0.214279    11Au     0.222733  
      12Ag     0.223971    13Ag     0.245647    12Au     0.253071  
      13Au     0.309622    14Ag     0.339283    15Ag     0.367679  
      14Au     0.385657    16Ag     0.405650    15Au     0.423496  
      17Ag     0.462066    16Au     0.472989    17Au     0.508761  
      18Au     0.526053    18Ag     0.527834    19Au     0.589748  
      19Ag     0.600803    20Ag     0.622607    20Au     0.624416  
      21Au     0.632549    21Ag     0.642224    22Au     0.647033  
      22Ag     0.654762    23Au     0.666200    23Ag     0.676792  
      24Ag     0.713182    24Au     0.735115    25Ag     0.763941  
      25Au     0.815593    26Au     0.835515    26Ag     0.847497  
      27Au     0.867301    28Au     0.879420    27Ag     0.932537  
      28Ag     0.985591    29Au     1.008022    29Ag     1.030586  
      30Ag     1.066873    30Au     1.079553    31Ag     1.122354  
      31Au     1.161361    32Au     1.176349    32Ag     1.191869  
      33Ag     1.202195    33Au     1.225070    34Ag     1.229159  
      35Ag     1.265034    34Au     1.272909    35Au     1.302724  
      36Ag     1.305005    37Ag     1.327448    36Au     1.351344  
      37Au     1.369431    38Ag     1.384662    38Au     1.425778  
      39Au     1.447268    39Ag     1.461024    40Au     1.503386  
      40Ag     1.537497    41Au     1.541895    41Ag     1.550411  
      42Ag     1.572268    43Ag     1.592341    42Au     1.604711  
      43Au     1.625331    44Ag     1.661515    45Ag     1.698479  
      44Au     1.712401    46Ag     1.736106    45Au     1.741612  
      46Au     1.762422    47Au     1.822452    47Ag     1.913595  
      48Au     1.983977    48Ag     2.178696    49Au     2.410555  
      49Ag     2.419989    50Au     2.471626    50Ag     2.513740  
      51Ag     2.556620    51Au     2.575129    52Au     2.632848  
      52Ag     2.672549    53Au     2.680200    53Ag     2.692507  
      54Ag     2.749202    54Au     2.787903    55Ag     2.820459  
      55Au     2.841753    56Ag     2.854319    56Au     2.982172  
      57Ag     2.995248    57Au     3.006374    58Au     3.012136  
      59Au     3.020098    58Ag     3.111666    60Au     3.120736  
      59Ag     3.135095    61Au     3.148598    60Ag     3.151208  
      61Ag     3.165801    62Au     3.181448    62Ag     3.212068  
      63Ag     3.228560    64Ag     3.254664    63Au     3.269478  
      65Ag     3.282788    64Au     3.293352    66Ag     3.301004  
      65Au     3.335434    66Au     3.351182    67Au     3.377951  
      68Au     3.399514    67Ag     3.399986    68Ag     3.435283  
      69Ag     3.449891    69Au     3.472878    70Ag     3.519977  
      70Au     3.561829    71Au     3.567132    71Ag     3.572389  
      72Ag     3.589433    72Au     3.608388    73Ag     3.642662  
      73Au     3.660216    74Au     3.703733    75Au     3.734708  
      74Ag     3.745626    75Ag     3.761321    76Au     3.763808  
      77Au     3.794877    78Au     3.811412    76Ag     3.816882  
      77Ag     3.847245    78Ag     3.866007    79Au     3.926896  
      79Ag     3.936837    80Ag     3.985195    80Au     4.019944  
      81Au     4.046162    81Ag     4.051120    82Ag     4.081722  
      82Au     4.103108    83Ag     4.115235    83Au     4.129015  
      84Au     4.182637    84Ag     4.211772    85Au     4.226353  
      86Au     4.257559    85Ag     4.257587    86Ag     4.268538  
      87Au     4.289920    87Ag     4.300505    88Ag     4.359295  
      89Ag     4.387245    88Au     4.396620    89Au     4.420217  
      90Ag     4.434821    90Au     4.436872    91Au     4.450648  
      91Ag     4.476871    92Au     4.509681    92Ag     4.548572  
      93Ag     4.576564    93Au     4.581724    94Au     4.649775  
      94Ag     4.658542    95Au     4.713085    95Ag     4.740546  
      96Au     4.766219    97Au     4.806851    96Ag     4.849968  
      98Au     4.914551    97Ag     4.933860    98Ag     5.018873  
      99Ag     5.121198    99Au     5.126851   100Ag     5.184315  
     100Au     5.184485   101Ag     5.200625   101Au     5.239087  
     102Ag     5.278057   102Au     5.292441   103Ag     5.313197  
     103Au     5.362271   104Ag     5.450312   104Au     5.469980  
     105Ag     5.493830   105Au     5.552766   106Au     5.581670  
     106Ag     5.605400   107Ag     5.647005   108Ag     5.697092  
     107Au     5.697687   109Ag     5.724073   108Au     5.736450  
     109Au     5.779015   110Ag     5.797205   110Au     5.857127  
     111Au     5.928527   111Ag     6.064660   112Ag     6.178832  
     112Au     6.247338   113Au     6.277372   113Ag     6.288215  
     114Au     6.376197   114Ag     6.426310   115Ag    11.330967  
     115Au    14.012884   116Ag    14.136179   116Au    14.520526  

    Final Occupation by Irrep:
             Ag    Au 
    DOCC [     8,    8 ]
    NA   [     8,    8 ]
    NB   [     8,    8 ]

  @DF-RHF Final Energy:  -156.16589187496484

   => Energetics <=

    Nuclear Repulsion Energy =            115.9597951595335132
    One-Electron Energy =                -438.7825228435383451
    Two-Electron Energy =                 166.6568358090399613
    Total Energy =                       -156.1658918749648421

Computation Completed


Properties will be evaluated at   0.000000,   0.000000,   0.000000 [a0]

Properties computed using the SCF density matrix


 Multipole Moments:

 ------------------------------------------------------------------------------------
     Multipole            Electronic (a.u.)      Nuclear  (a.u.)        Total (a.u.)
 ------------------------------------------------------------------------------------

 L = 1.  Multiply by 2.5417464519 to convert [e a0] to [Debye]
 Dipole X            :          0.0000000           -0.0000000           -0.0000000
 Dipole Y            :          0.0000000           -0.0000000           -0.0000000
 Dipole Z            :          0.0000000            0.0000000            0.0000000
 Magnitude           :                                                    0.0000000

 ------------------------------------------------------------------------------------

*** tstop() called on flexpad at Mon Aug  3 19:33:34 2026
Module time:
	user time   =      10.01 seconds =       0.17 minutes
	system time =       0.34 seconds =       0.01 minutes
	total time  =          1 seconds =       0.02 minutes
Total time:
	user time   =    6846.47 seconds =     114.11 minutes
	system time =     300.76 seconds =       5.01 minutes
	total time  =       1179 seconds =      19.65 minutes

*** tstart() called on flexpad
*** at Mon Aug  3 19:33:34 2026


  //>>>>>>>>>>>>>>>>>>>>>>>>>>>>>>>>>>>//
  //               DFMP2               //
  //<<<<<<<<<<<<<<<<<<<<<<<<<<<<<<<<<<<//

   => Loading Basis Set <=

    Name: (CC-PVTZ AUX)
    Role: RIFIT
    Keyword: DF_BASIS_MP2
    atoms 1-4  entry C          line   209 file /home/peter/miniconda3/envs/research/share/psi4/basis/cc-pvtz-ri.gbs 
    atoms 5-12 entry H          line    19 file /home/peter/miniconda3/envs/research/share/psi4/basis/cc-pvtz-ri.gbs 

	 --------------------------------------------------------
	                          DF-MP2                         
	      2nd-Order Density-Fitted Moller-Plesset Theory     
	              RMP2 Wavefunction,   7 Threads             
	                                                         
	        Rob Parrish, Justin Turney, Andy Simmonett,      
	           Ed Hohenstein, and C. David Sherrill          
	 --------------------------------------------------------

   => Auxiliary Basis Set <=

  Basis Set: (CC-PVTZ AUX)
    Blend: CC-PVTZ-RI
    Number of shells: 172
    Number of basis functions: 564
    Number of Cartesian functions: 684
    Spherical Harmonics?: true
    Max angular momentum: 4

	 --------------------------------------------------------
	                 NBF =   232, NAUX =   564
	 --------------------------------------------------------
	   CLASS    FOCC     OCC    AOCC    AVIR     VIR    FVIR
	   PAIRS       4      16      12     216     216       0
	 --------------------------------------------------------

  DFHelper Memory: AOs need 0.227 GiB; user supplied 6.286 GiB. 
  Using in-core AOs.


         ------------------------------------------------------------
                                     CPHF                           
                                  Rob Parrish                       
         ------------------------------------------------------------

  ==> Geometry <==

    Molecular point group: ci
    Full point group: Ci

    Geometry (in Angstrom), charge = 0, multiplicity = 1:

       Center              X                  Y                   Z               Mass       
    ------------   -----------------  -----------------  -----------------  -----------------
         C            0.576734852183    -0.329904835401    -0.067538386008    12.000000000000
         C           -0.576734852183     0.329904835401     0.067538386008    12.000000000000
         C            1.912037344353     0.328218751042    -0.255168537404    12.000000000000
         C           -1.912037344353    -0.328218751042     0.255168537404    12.000000000000
         H            0.552724733528    -1.415521275093    -0.060153712943     1.007825032230
         H           -0.552724733528     1.415521275093     0.060153712943     1.007825032230
         H            2.695167165382    -0.183564083555     0.303114256304     1.007825032230
         H            1.893378927092     1.363596946612     0.081916157804     1.007825032230
         H            2.208513980734     0.321944951906    -1.304623043837     1.007825032230
         H           -2.695167165382     0.183564083555    -0.303114256304     1.007825032230
         H           -1.893378927092    -1.363596946612    -0.081916157804     1.007825032230
         H           -2.208513980734    -0.321944951906     1.304623043837     1.007825032230

  Nuclear repulsion =  115.959795159533513
  Reference energy  = -156.165891874964842

  ==> Basis Set <==

  Basis Set: CC-PVTZ
    Blend: CC-PVTZ
    Number of shells: 88
    Number of basis functions: 232
    Number of Cartesian functions: 260
    Spherical Harmonics?: true
    Max angular momentum: 3

  ==> CGRSolver (by Rob Parrish) <==

   Number of roots    =         1
   Preconditioning    =    JACOBI
   Convergence cutoff =     1E-06
   Maximum iterations =       100

  ==> CPHFRHamiltonian (by Rob Parrish) <== 

  ==> MemDFJK: Density-Fitted J/K Matrices <==

    J tasked:                   Yes
    K tasked:                   Yes
    wK tasked:                   No
    OpenMP threads:               7
    Memory [MiB]:              6437
    Algorithm:                 Core
    Schwarz Cutoff:           1E-12
    Mask sparsity (%):       5.3916
    Fitting Condition:        1E-10

   => Auxiliary Basis Set <=

  Basis Set: (CC-PVTZ AUX)
    Blend: CC-PVTZ-JKFIT
    Number of shells: 180
    Number of basis functions: 556
    Number of Cartesian functions: 664
    Spherical Harmonics?: true
    Max angular momentum: 4

  ==> CPHF Iterations <==

  => Iterations <=

             Iter  Converged  Remaining    Residual
  CGR           1          0          1   8.541E-02
  CGR           2          0          1   1.213E-02
  CGR           3          0          1   2.853E-03
  CGR           4          0          1   8.266E-04
  CGR           5          0          1   1.674E-04
  CGR           6          0          1   3.982E-05
  CGR           7          0          1   8.547E-06
  CGR           8          0          1   2.398E-06
  CGR           9          1          0   5.876E-07

    CGRSolver converged.

  ==> DFCorrGrad: Density-Fitted Correlated Gradients <==

    OpenMP threads:              7
    Integrals threads:           7
    Memory [GiB]:            6.286
    Schwarz Cutoff:          0E+00
    Fitting Condition:       1E-10

   => Auxiliary Basis Set <=

  Basis Set: (CC-PVTZ AUX)
    Blend: CC-PVTZ-JKFIT
    Number of shells: 180
    Number of basis functions: 556
    Number of Cartesian functions: 664
    Spherical Harmonics?: true
    Max angular momentum: 4

	-----------------------------------------------------------
	 ==================> DF-MP2 Energies <==================== 
	-----------------------------------------------------------
	 Reference Energy          =    -156.1658918749648421 [Eh]
	 Singles Energy            =      -0.0000000000000000 [Eh]
	 Same-Spin Energy          =      -0.1502582300907626 [Eh]
	 Opposite-Spin Energy      =      -0.5338516525302432 [Eh]
	 Correlation Energy        =      -0.6841098826210058 [Eh]
	 Total Energy              =    -156.8500017575858578 [Eh]
	-----------------------------------------------------------
	 ================> DF-SCS-MP2 Energies <================== 
	-----------------------------------------------------------
	 SCS Same-Spin Scale       =       0.3333333333333333 [-]
	 SCS Opposite-Spin Scale   =       1.2000000000000000 [-]
	 SCS Same-Spin Energy      =      -0.0500860766969209 [Eh]
	 SCS Opposite-Spin Energy  =      -0.6406219830362919 [Eh]
	 SCS Correlation Energy    =      -0.6907080597332128 [Eh]
	 SCS Total Energy          =    -156.8565999346980675 [Eh]
	-----------------------------------------------------------


  -Total Gradient:
     Atom            X                  Y                   Z
    ------   -----------------  -----------------  -----------------
       1       -0.001228986841    -0.000542368834     0.000858401070
       2        0.001228986841     0.000542368834    -0.000858401070
       3        0.000235416901    -0.000287245962    -0.001132716322
       4       -0.000235416901     0.000287245962     0.001132716322
       5       -0.000099639813    -0.000231403340     0.001151333582
       6        0.000099639813     0.000231403340    -0.001151333582
       7        0.000706982870     0.000575835388    -0.000114575797
       8        0.001179857447    -0.000139995413     0.001138740660
       9       -0.000494439583     0.000745602252     0.000077890224
      10       -0.000706982870    -0.000575835388     0.000114575797
      11       -0.001179857447     0.000139995413    -0.001138740660
      12        0.000494439583    -0.000745602252    -0.000077890224


*** tstop() called on flexpad at Mon Aug  3 19:33:41 2026
Module time:
	user time   =      40.93 seconds =       0.68 minutes
	system time =       1.85 seconds =       0.03 minutes
	total time  =          7 seconds =       0.12 minutes
Total time:
	user time   =    6887.40 seconds =     114.79 minutes
	system time =     302.61 seconds =       5.04 minutes
	total time  =       1186 seconds =      19.77 minutes

    			-----------------------------------------

    			 OPTKING 3.0: for geometry optimizations 

    			     By R.A. King, Bethel University     

    			        with contributions from          

    			    A.V. Copan, J. Cayton, A. Heide      

    			-----------------------------------------

    
	                            ===> Fragment 1 <== 

	 Z (Atomic Numbers)          Masses                          Geom                  
	       6.000000            12.000000          1.08987092 -0.62342979 -0.12762905   
	       6.000000            12.000000         -1.08987092  0.62342979  0.12762905   
	       6.000000            12.000000          3.61322692  0.62024355 -0.48219865   
	       6.000000            12.000000         -3.61322692 -0.62024355  0.48219865   
	       1.000000             1.007825          1.04449837 -2.67494753 -0.11367404   
	       1.000000             1.007825         -1.04449837  2.67494753  0.11367404   
	       1.000000             1.007825          5.09312780 -0.34688584  0.57280293   
	       1.000000             1.007825          3.57796762  2.57682477  0.15479910   
	       1.000000             1.007825          4.17348657  0.60838779 -2.46538025   
	       1.000000             1.007825         -5.09312780  0.34688584 -0.57280293   
	       1.000000             1.007825         -3.57796762 -2.57682477 -0.15479910   
	       1.000000             1.007825         -4.17348657 -0.60838779  2.46538025   

	 - Coordinate -           - BOHR/RAD -       - ANG/DEG -
	 R(1,2)           =         2.524102           1.335697
	 R(1,3)           =         2.835449           1.500455
	 R(1,5)           =         2.052067           1.085907
	 R(2,4)           =         2.835449           1.500455
	 R(2,6)           =         2.052067           1.085907
	 R(3,7)           =         2.058756           1.089446
	 R(3,8)           =         2.057965           1.089028
	 R(3,9)           =         2.060835           1.090547
	 R(4,10)          =         2.058756           1.089446
	 R(4,11)          =         2.057965           1.089028
	 R(4,12)          =         2.060835           1.090547
	 B(1,2,4)         =         2.170620         124.367394
	 B(1,2,6)         =         2.064701         118.298649
	 B(1,3,7)         =         1.949359         111.690042
	 B(1,3,8)         =         1.942341         111.287913
	 B(1,3,9)         =         1.938797         111.084903
	 B(2,1,3)         =         2.170620         124.367394
	 B(2,1,5)         =         2.064701         118.298649
	 B(2,4,10)        =         1.949359         111.690042
	 B(2,4,11)        =         1.942341         111.287913
	 B(2,4,12)        =         1.938797         111.084903
	 B(3,1,5)         =         2.047695         117.324280
	 B(4,2,6)         =         2.047695         117.324280
	 B(7,3,8)         =         1.875825         107.476882
	 B(7,3,9)         =         1.870265         107.158274
	 B(8,3,9)         =         1.883878         107.938268
	 B(10,4,11)       =         1.875825         107.476882
	 B(10,4,12)       =         1.870265         107.158274
	 B(11,4,12)       =         1.883878         107.938268
	 D(1,2,4,10)      =         3.829899         219.437022
	 D(1,2,4,11)      =        -0.356753         -20.440427
	 D(1,2,4,12)      =         1.742842          99.857506
	 D(2,1,3,7)       =         2.453287         140.562978
	 D(2,1,3,8)       =         0.356753          20.440427
	 D(2,1,3,9)       =        -1.742842         -99.857506
	 D(3,1,2,4)       =         3.141593         180.000000
	 D(3,1,2,6)       =        -0.020321          -1.164281
	 D(4,2,1,5)       =         0.020321           1.164281
	 D(5,1,2,6)       =         3.141593         180.000000
	 D(5,1,3,7)       =        -0.708445         -40.590903
	 D(5,1,3,8)       =         3.478206         199.286546
	 D(5,1,3,9)       =         1.378611          78.988613
	 D(6,2,4,10)      =         0.708445          40.590903
	 D(6,2,4,11)      =         2.804979         160.713454
	 D(6,2,4,12)      =        -1.378611         -78.988613


	        --- Internal Coordinate Step in ANG or DEG, aJ/ANG or AJ/DEG ---
	-------------------------------------------------------------------------------
	           Coordinate      Previous         Force          Change          New 
	           ----------      --------        ------          ------        ------
	               R(1,2)       1.33570        0.00001       -0.00040       1.33530
	               R(1,3)       1.50045       -0.01520        0.00099       1.50144
	               R(1,5)       1.08591       -0.00199       -0.00031       1.08560
	               R(2,4)       1.50045       -0.01520        0.00099       1.50144
	               R(2,6)       1.08591       -0.00199       -0.00031       1.08560
	               R(3,7)       1.08945       -0.00147        0.00034       1.08979
	               R(3,8)       1.08903       -0.00164        0.00046       1.08949
	               R(3,9)       1.09055        0.00176       -0.00265       1.08790
	              R(4,10)       1.08945       -0.00147        0.00034       1.08979
	              R(4,11)       1.08903       -0.00164        0.00046       1.08949
	              R(4,12)       1.09055        0.00176       -0.00265       1.08790
	             B(1,2,4)     124.36739        0.00001       -0.08378     124.28361
	             B(1,2,6)     118.29865        0.00002        0.21575     118.51440
	             B(1,3,7)     111.69004       -0.00008        0.09508     111.78512
	             B(1,3,8)     111.28791       -0.00006       -0.10463     111.18328
	             B(1,3,9)     111.08490        0.00002       -0.04066     111.04424
	             B(2,1,3)     124.36739        0.00001       -0.08378     124.28361
	             B(2,1,5)     118.29865        0.00002        0.21575     118.51440
	            B(2,4,10)     111.69004       -0.00008        0.09508     111.78512
	            B(2,4,11)     111.28791       -0.00006       -0.10463     111.18328
	            B(2,4,12)     111.08490        0.00002       -0.04066     111.04424
	             B(3,1,5)     117.32428       -0.00002       -0.13197     117.19231
	             B(4,2,6)     117.32428       -0.00002       -0.13197     117.19231
	             B(7,3,8)     107.47688        0.00011        0.05457     107.53145
	             B(7,3,9)     107.15827        0.00001        0.10716     107.26543
	             B(8,3,9)     107.93827        0.00002       -0.10809     107.83018
	           B(10,4,11)     107.47688        0.00011        0.05457     107.53145
	           B(10,4,12)     107.15827        0.00001        0.10716     107.26543
	           B(11,4,12)     107.93827        0.00002       -0.10809     107.83018
	          D(1,2,4,10)     219.43702        0.00003        5.21555     224.65258
	          D(1,2,4,11)     -20.44043        0.00007        5.27795     -15.16247
	          D(1,2,4,12)      99.85751        0.00006        5.04349     104.90100
	           D(2,1,3,7)     140.56298       -0.00003       -5.21555     135.34742
	           D(2,1,3,8)      20.44043       -0.00007       -5.27795      15.16247
	           D(2,1,3,9)     -99.85751       -0.00006       -5.04349    -104.90100
	           D(3,1,2,4)     180.00000        0.00000        0.00000     180.00000
	           D(3,1,2,6)      -1.16428        0.00000       -0.00168      -1.16596
	           D(4,2,1,5)       1.16428       -0.00000        0.00168       1.16596
	           D(5,1,2,6)     180.00000       -0.00000        0.00000     180.00000
	           D(5,1,3,7)     -40.59090       -0.00003       -5.21350     -45.80440
	           D(5,1,3,8)     199.28655       -0.00007       -5.27590     194.01065
	           D(5,1,3,9)      78.98861       -0.00006       -5.04144      73.94718
	          D(6,2,4,10)      40.59090        0.00003        5.21350      45.80440
	          D(6,2,4,11)     160.71345        0.00007        5.27590     165.98935
	          D(6,2,4,12)     -78.98861        0.00006        5.04144     -73.94718
	-------------------------------------------------------------------------------

	                                 ==> Convergence Check <==                                  
    
	Measures of convergence in internal coordinates in au.
    
	Criteria marked as inactive (o), active & met (*), and active & unmet ( ).

	----------------------------------------------------------------------------------------------
	   Step    Total Energy     Delta E     Max Force     RMS Force      Max Disp      RMS Disp   
	----------------------------------------------------------------------------------------------
	  Convergence Criteria     1.00e-06 *    3.00e-04 *             o    1.20e-03 *             o
	----------------------------------------------------------------------------------------------
	     7    -156.85000176   -4.42e-04      1.84e-03      6.90e-04 o    9.21e-02      4.67e-02 o  ~
	----------------------------------------------------------------------------------------------

Next Geometry in Ang 
	Fragment 1 (Ang)

	    C   0.5729148588  -0.3308888537  -0.0896387805
	    C  -0.5729148588   0.3308888537   0.0896387805
	    C   1.9116876375   0.3269560522  -0.2606807339
	    C  -1.9116876375  -0.3269560522   0.2606807339
	    H   0.5436394838  -1.4151729043  -0.1342344829
	    H  -0.5436394838   1.4151729043   0.1342344829
	    H   2.6815870045  -0.1615693221   0.3361779783
	    H   1.8775195639   1.3733859612   0.0406620925
	    H   2.2355610418   0.2895985354  -1.2985801337
	    H  -2.6815870045   0.1615693221  -0.3361779783
	    H  -1.8775195639  -1.3733859612  -0.0406620925
	    H  -2.2355610418  -0.2895985354   1.2985801337


    Structure for next step:
    Molecular point group: ci
    Full point group: Ci

    Geometry (in Angstrom), charge = 0, multiplicity = 1:

    C            0.572914858772    -0.330888853742    -0.089638780535
    C           -0.572914858772     0.330888853742     0.089638780535
    C            1.911687637468     0.326956052209    -0.260680733866
    C           -1.911687637468    -0.326956052209     0.260680733866
    H            0.543639483775    -1.415172904292    -0.134234482919
    H           -0.543639483775     1.415172904292     0.134234482919
    H            2.681587004465    -0.161569322127     0.336177978337
    H            1.877519563950     1.373385961160     0.040662092543
    H            2.235561041813     0.289598535368    -1.298580133695
    H           -2.681587004465     0.161569322127    -0.336177978337
    H           -1.877519563950    -1.373385961160    -0.040662092543
    H           -2.235561041813    -0.289598535368     1.298580133695


Scratch directory: /tmp/
gradient() will perform analytic gradient computation.
   => Libint2 <=

    Primary   basis highest AM E, G, H:  6, 6, 3
    Auxiliary basis highest AM E, G, H:  7, 7, 4
    Onebody   basis highest AM E, G, H:  -, -, -
    Solid Harmonics ordering:            Gaussian

*** tstart() called on flexpad
*** at Mon Aug  3 19:33:41 2026

   => Loading Basis Set <=

    Name: CC-PVTZ
    Role: ORBITAL
    Keyword: BASIS
    atoms 1-4  entry C          line   186 file /home/peter/miniconda3/envs/research/share/psi4/basis/cc-pvtz.gbs 
    atoms 5-12 entry H          line    23 file /home/peter/miniconda3/envs/research/share/psi4/basis/cc-pvtz.gbs 


         ---------------------------------------------------------
                                   SCF
               by Justin Turney, Rob Parrish, Andy Simmonett
                          and Daniel G. A. Smith
                              RHF Reference
                        7 Threads,   8583 MiB Core
         ---------------------------------------------------------

  ==> Geometry <==

    Molecular point group: ci
    Full point group: Ci

    Geometry (in Angstrom), charge = 0, multiplicity = 1:

       Center              X                  Y                   Z               Mass       
    ------------   -----------------  -----------------  -----------------  -----------------
         C            0.572914858772    -0.330888853742    -0.089638780535    12.000000000000
         C           -0.572914858772     0.330888853742     0.089638780535    12.000000000000
         C            1.911687637468     0.326956052209    -0.260680733866    12.000000000000
         C           -1.911687637468    -0.326956052209     0.260680733866    12.000000000000
         H            0.543639483775    -1.415172904292    -0.134234482919     1.007825032230
         H           -0.543639483775     1.415172904292     0.134234482919     1.007825032230
         H            2.681587004465    -0.161569322127     0.336177978337     1.007825032230
         H            1.877519563950     1.373385961160     0.040662092543     1.007825032230
         H            2.235561041813     0.289598535368    -1.298580133695     1.007825032230
         H           -2.681587004465     0.161569322127    -0.336177978337     1.007825032230
         H           -1.877519563950    -1.373385961160    -0.040662092543     1.007825032230
         H           -2.235561041813    -0.289598535368     1.298580133695     1.007825032230

  Running in ci symmetry.

  Rotational constants: A =      1.15736  B =      0.12475  C =      0.11748 [cm^-1]
  Rotational constants: A =  34696.83192  B =   3739.76210  C =   3521.87591 [MHz]
  Nuclear repulsion =  115.966149723168158

  Charge       = 0
  Multiplicity = 1
  Electrons    = 32
  Nalpha       = 16
  Nbeta        = 16

  ==> Algorithm <==

  SCF Algorithm Type is DF.
  DIIS enabled.
  MOM disabled.
  Fractional occupation disabled.
  Guess Type is READ.
  Energy threshold   = 1.00e-09
  Density threshold  = 1.00e-09
  Integral threshold = 1.00e-12

  ==> Primary Basis <==

  Basis Set: CC-PVTZ
    Blend: CC-PVTZ
    Number of shells: 88
    Number of basis functions: 232
    Number of Cartesian functions: 260
    Spherical Harmonics?: true
    Max angular momentum: 3

   => Loading Basis Set <=

    Name: (CC-PVTZ AUX)
    Role: JKFIT
    Keyword: DF_BASIS_SCF
    atoms 1-4  entry C          line   125 file /home/peter/miniconda3/envs/research/share/psi4/basis/cc-pvtz-jkfit.gbs 
    atoms 5-12 entry H          line    51 file /home/peter/miniconda3/envs/research/share/psi4/basis/cc-pvtz-jkfit.gbs 

   => Loading Basis Set <=

    Name: CC-PVTZ
    Role: ORBITAL
    Keyword: BASIS
    atoms 1-4  entry C          line   186 file /home/peter/miniconda3/envs/research/share/psi4/basis/cc-pvtz.gbs 
    atoms 5-12 entry H          line    23 file /home/peter/miniconda3/envs/research/share/psi4/basis/cc-pvtz.gbs 

  Reading orbitals from file /tmp/psi4.default.340379.180.npy, no projection.

  ==> Integral Setup <==

  DFHelper Memory: AOs need 0.227 GiB; user supplied 6.286 GiB. 
  Using in-core AOs.

  ==> MemDFJK: Density-Fitted J/K Matrices <==

    J tasked:                   Yes
    K tasked:                   Yes
    wK tasked:                   No
    OpenMP threads:               7
    Memory [MiB]:              6437
    Algorithm:                 Core
    Schwarz Cutoff:           1E-12
    Mask sparsity (%):       5.3842
    Fitting Condition:        1E-10

   => Auxiliary Basis Set <=

  Basis Set: (CC-PVTZ AUX)
    Blend: CC-PVTZ-JKFIT
    Number of shells: 180
    Number of basis functions: 556
    Number of Cartesian functions: 664
    Spherical Harmonics?: true
    Max angular momentum: 4

  Minimum eigenvalue in the overlap matrix is 6.1307421557E-04.
  Reciprocal condition number of the overlap matrix is 8.2181901108E-05.
    Using symmetric orthogonalization.

  ==> Pre-Iterations <==

  SCF Guess: Orbitals guess was supplied from a previous computation.

   -------------------------------------------------------
    Irrep   Nso     Nmo     Nalpha   Nbeta   Ndocc  Nsocc
   -------------------------------------------------------
     Ag       116     116       8       8       8       0
     Au       116     116       8       8       8       0
   -------------------------------------------------------
    Total     232     232      16      16      16       0
   -------------------------------------------------------

  ==> Iterations <==

                           Total Energy        Delta E     RMS |[F,P]|

   @DF-RHF iter   0:  -156.16270816904861   -1.56163e+02   4.67947e-04 
   @DF-RHF iter   1:  -156.16639587581648   -3.68771e-03   8.38149e-05 DIIS
   @DF-RHF iter   2:  -156.16660972085029   -2.13845e-04   3.26514e-05 DIIS
   @DF-RHF iter   3:  -156.16665371665465   -4.39958e-05   1.25281e-05 DIIS
   @DF-RHF iter   4:  -156.16665905571031   -5.33906e-06   3.56811e-06 DIIS
   @DF-RHF iter   5:  -156.16665972353465   -6.67824e-07   9.31175e-07 DIIS
   @DF-RHF iter   6:  -156.16665976524655   -4.17119e-08   2.57449e-07 DIIS
   @DF-RHF iter   7:  -156.16665976781863   -2.57208e-09   7.71650e-08 DIIS
   @DF-RHF iter   8:  -156.16665976805297   -2.34337e-10   1.99086e-08 DIIS
   @DF-RHF iter   9:  -156.16665976807369   -2.07194e-11   5.36500e-09 DIIS
   @DF-RHF iter  10:  -156.16665976807559   -1.90425e-12   1.09728e-09 DIIS
   @DF-RHF iter  11:  -156.16665976807550    8.52651e-14   1.73806e-10 DIIS
  Energy and wave function converged.


  ==> Post-Iterations <==

    Orbital Energies [Eh]
    ---------------------

    Doubly Occupied:                                                      

       1Ag   -11.221671     1Au   -11.219977     2Ag   -11.215134  
       2Au   -11.215123     3Ag    -1.075374     3Au    -0.982463  
       4Ag    -0.877738     4Au    -0.744125     5Au    -0.605212  
       5Ag    -0.603659     6Au    -0.571713     6Ag    -0.555178  
       7Au    -0.520867     7Ag    -0.506420     8Ag    -0.480941  
       8Au    -0.341123  

    Virtual:                                                              

       9Ag     0.148198     9Au     0.159855    10Ag     0.170644  
      10Au     0.174750    11Ag     0.215625    12Ag     0.222036  
      11Au     0.223370    13Ag     0.243372    12Au     0.252717  
      13Au     0.309668    14Ag     0.339315    15Ag     0.366921  
      14Au     0.392476    16Ag     0.401191    15Au     0.425361  
      17Ag     0.459037    16Au     0.468891    17Au     0.511856  
      18Au     0.526069    18Ag     0.529721    19Au     0.587315  
      19Ag     0.603603    20Ag     0.622980    20Au     0.624254  
      21Au     0.632624    21Ag     0.641360    22Au     0.647655  
      22Ag     0.653461    23Au     0.667061    23Ag     0.675532  
      24Ag     0.722552    24Au     0.738930    25Ag     0.761774  
      25Au     0.806614    26Au     0.839217    26Ag     0.849768  
      27Au     0.859898    28Au     0.879404    27Ag     0.928793  
      28Ag     0.987760    29Au     1.007348    29Ag     1.024822  
      30Ag     1.068235    30Au     1.078426    31Ag     1.112174  
      31Au     1.168928    32Au     1.185037    32Ag     1.195605  
      33Ag     1.208225    34Ag     1.223708    33Au     1.224057  
      35Ag     1.259856    34Au     1.281397    35Au     1.290220  
      36Ag     1.304088    37Ag     1.338066    36Au     1.344223  
      37Au     1.369932    38Ag     1.388964    38Au     1.415990  
      39Au     1.451329    39Ag     1.463358    40Au     1.502941  
      40Ag     1.528823    41Au     1.541202    41Ag     1.551546  
      42Ag     1.569918    43Ag     1.588305    42Au     1.608614  
      43Au     1.629789    44Ag     1.667285    45Ag     1.699494  
      44Au     1.709284    46Ag     1.737685    45Au     1.743807  
      46Au     1.767340    47Au     1.816522    47Ag     1.924344  
      48Au     1.993715    48Ag     2.174077    49Au     2.395559  
      49Ag     2.424611    50Au     2.470536    50Ag     2.508938  
      51Ag     2.555766    51Au     2.574300    52Au     2.637840  
      53Au     2.671035    52Ag     2.671892    53Ag     2.696042  
      54Ag     2.750253    54Au     2.791764    55Ag     2.824521  
      55Au     2.837249    56Ag     2.851040    56Au     2.986789  
      57Ag     2.995342    57Au     3.002907    58Au     3.012462  
      59Au     3.017593    58Ag     3.105610    60Au     3.112151  
      59Ag     3.132279    61Au     3.146974    60Ag     3.151673  
      61Ag     3.160910    62Au     3.192394    62Ag     3.219296  
      63Ag     3.230985    64Ag     3.257587    63Au     3.278886  
      65Ag     3.284142    64Au     3.294930    66Ag     3.303377  
      65Au     3.334549    66Au     3.351999    67Au     3.377092  
      68Au     3.393993    67Ag     3.394181    68Ag     3.426743  
      69Ag     3.447635    69Au     3.471602    70Ag     3.520449  
      70Au     3.568160    71Au     3.575255    71Ag     3.579866  
      72Ag     3.588033    72Au     3.609291    73Ag     3.644762  
      73Au     3.660062    74Au     3.699715    75Au     3.729655  
      74Ag     3.747743    75Ag     3.756941    76Au     3.767350  
      77Au     3.797532    78Au     3.811275    76Ag     3.815724  
      77Ag     3.838976    78Ag     3.882418    79Au     3.911390  
      79Ag     3.938591    80Ag     3.996310    80Au     4.021038  
      81Ag     4.041875    81Au     4.042909    82Ag     4.082221  
      82Au     4.114856    83Ag     4.117912    83Au     4.123953  
      84Au     4.176729    84Ag     4.212161    85Au     4.224136  
      86Au     4.257895    85Ag     4.260302    86Ag     4.267543  
      87Au     4.291780    87Ag     4.294967    88Ag     4.361021  
      89Ag     4.389919    88Au     4.397140    89Au     4.420137  
      90Au     4.433110    90Ag     4.435049    91Au     4.455733  
      91Ag     4.481186    92Au     4.515620    92Ag     4.554060  
      93Ag     4.585282    93Au     4.601907    94Au     4.651257  
      94Ag     4.667925    95Au     4.714258    95Ag     4.729559  
      96Au     4.768370    97Au     4.799584    96Ag     4.847157  
      98Au     4.902937    97Ag     4.933840    98Ag     5.018461  
      99Ag     5.120893    99Au     5.127473   100Ag     5.179869  
     100Au     5.191650   101Ag     5.207556   101Au     5.233078  
     102Ag     5.276330   102Au     5.298488   103Ag     5.309469  
     103Au     5.360384   104Ag     5.460620   104Au     5.482819  
     105Ag     5.510770   105Au     5.549595   106Au     5.581648  
     106Ag     5.602339   107Ag     5.652827   107Au     5.693413  
     108Ag     5.699778   109Ag     5.728828   108Au     5.739200  
     109Au     5.785958   110Ag     5.797984   110Au     5.860639  
     111Au     5.921470   111Ag     6.076614   112Ag     6.172227  
     112Au     6.254159   113Ag     6.274731   113Au     6.276825  
     114Au     6.379315   114Ag     6.428789   115Ag    11.333627  
     115Au    14.086999   116Ag    14.147139   116Au    14.503614  

    Final Occupation by Irrep:
             Ag    Au 
    DOCC [     8,    8 ]
    NA   [     8,    8 ]
    NB   [     8,    8 ]

  @DF-RHF Final Energy:  -156.16665976807550

   => Energetics <=

    Nuclear Repulsion Energy =            115.9661497231681579
    One-Electron Energy =                -438.7921847396586941
    Two-Electron Energy =                 166.6593752484150457
    Total Energy =                       -156.1666597680755046

Computation Completed


Properties will be evaluated at   0.000000,   0.000000,   0.000000 [a0]

Properties computed using the SCF density matrix


 Multipole Moments:

 ------------------------------------------------------------------------------------
     Multipole            Electronic (a.u.)      Nuclear  (a.u.)        Total (a.u.)
 ------------------------------------------------------------------------------------

 L = 1.  Multiply by 2.5417464519 to convert [e a0] to [Debye]
 Dipole X            :          0.0000000            0.0000000            0.0000000
 Dipole Y            :          0.0000000           -0.0000000           -0.0000000
 Dipole Z            :          0.0000000            0.0000000            0.0000000
 Magnitude           :                                                    0.0000000

 ------------------------------------------------------------------------------------

*** tstop() called on flexpad at Mon Aug  3 19:33:43 2026
Module time:
	user time   =      10.10 seconds =       0.17 minutes
	system time =       0.35 seconds =       0.01 minutes
	total time  =          2 seconds =       0.03 minutes
Total time:
	user time   =    6898.79 seconds =     114.98 minutes
	system time =     302.99 seconds =       5.05 minutes
	total time  =       1188 seconds =      19.80 minutes

*** tstart() called on flexpad
*** at Mon Aug  3 19:33:43 2026


  //>>>>>>>>>>>>>>>>>>>>>>>>>>>>>>>>>>>//
  //               DFMP2               //
  //<<<<<<<<<<<<<<<<<<<<<<<<<<<<<<<<<<<//

   => Loading Basis Set <=

    Name: (CC-PVTZ AUX)
    Role: RIFIT
    Keyword: DF_BASIS_MP2
    atoms 1-4  entry C          line   209 file /home/peter/miniconda3/envs/research/share/psi4/basis/cc-pvtz-ri.gbs 
    atoms 5-12 entry H          line    19 file /home/peter/miniconda3/envs/research/share/psi4/basis/cc-pvtz-ri.gbs 

	 --------------------------------------------------------
	                          DF-MP2                         
	      2nd-Order Density-Fitted Moller-Plesset Theory     
	              RMP2 Wavefunction,   7 Threads             
	                                                         
	        Rob Parrish, Justin Turney, Andy Simmonett,      
	           Ed Hohenstein, and C. David Sherrill          
	 --------------------------------------------------------

   => Auxiliary Basis Set <=

  Basis Set: (CC-PVTZ AUX)
    Blend: CC-PVTZ-RI
    Number of shells: 172
    Number of basis functions: 564
    Number of Cartesian functions: 684
    Spherical Harmonics?: true
    Max angular momentum: 4

	 --------------------------------------------------------
	                 NBF =   232, NAUX =   564
	 --------------------------------------------------------
	   CLASS    FOCC     OCC    AOCC    AVIR     VIR    FVIR
	   PAIRS       4      16      12     216     216       0
	 --------------------------------------------------------

  DFHelper Memory: AOs need 0.227 GiB; user supplied 6.286 GiB. 
  Using in-core AOs.


         ------------------------------------------------------------
                                     CPHF                           
                                  Rob Parrish                       
         ------------------------------------------------------------

  ==> Geometry <==

    Molecular point group: ci
    Full point group: Ci

    Geometry (in Angstrom), charge = 0, multiplicity = 1:

       Center              X                  Y                   Z               Mass       
    ------------   -----------------  -----------------  -----------------  -----------------
         C            0.572914858772    -0.330888853742    -0.089638780535    12.000000000000
         C           -0.572914858772     0.330888853742     0.089638780535    12.000000000000
         C            1.911687637468     0.326956052209    -0.260680733866    12.000000000000
         C           -1.911687637468    -0.326956052209     0.260680733866    12.000000000000
         H            0.543639483775    -1.415172904292    -0.134234482919     1.007825032230
         H           -0.543639483775     1.415172904292     0.134234482919     1.007825032230
         H            2.681587004465    -0.161569322127     0.336177978337     1.007825032230
         H            1.877519563950     1.373385961160     0.040662092543     1.007825032230
         H            2.235561041813     0.289598535368    -1.298580133695     1.007825032230
         H           -2.681587004465     0.161569322127    -0.336177978337     1.007825032230
         H           -1.877519563950    -1.373385961160    -0.040662092543     1.007825032230
         H           -2.235561041813    -0.289598535368     1.298580133695     1.007825032230

  Nuclear repulsion =  115.966149723168158
  Reference energy  = -156.166659768075505

  ==> Basis Set <==

  Basis Set: CC-PVTZ
    Blend: CC-PVTZ
    Number of shells: 88
    Number of basis functions: 232
    Number of Cartesian functions: 260
    Spherical Harmonics?: true
    Max angular momentum: 3

  ==> CGRSolver (by Rob Parrish) <==

   Number of roots    =         1
   Preconditioning    =    JACOBI
   Convergence cutoff =     1E-06
   Maximum iterations =       100

  ==> CPHFRHamiltonian (by Rob Parrish) <== 

  ==> MemDFJK: Density-Fitted J/K Matrices <==

    J tasked:                   Yes
    K tasked:                   Yes
    wK tasked:                   No
    OpenMP threads:               7
    Memory [MiB]:              6437
    Algorithm:                 Core
    Schwarz Cutoff:           1E-12
    Mask sparsity (%):       5.3842
    Fitting Condition:        1E-10

   => Auxiliary Basis Set <=

  Basis Set: (CC-PVTZ AUX)
    Blend: CC-PVTZ-JKFIT
    Number of shells: 180
    Number of basis functions: 556
    Number of Cartesian functions: 664
    Spherical Harmonics?: true
    Max angular momentum: 4

  ==> CPHF Iterations <==

  => Iterations <=

             Iter  Converged  Remaining    Residual
  CGR           1          0          1   8.537E-02
  CGR           2          0          1   1.210E-02
  CGR           3          0          1   2.853E-03
  CGR           4          0          1   8.227E-04
  CGR           5          0          1   1.657E-04
  CGR           6          0          1   3.900E-05
  CGR           7          0          1   8.157E-06
  CGR           8          0          1   2.254E-06
  CGR           9          1          0   5.683E-07

    CGRSolver converged.

  ==> DFCorrGrad: Density-Fitted Correlated Gradients <==

    OpenMP threads:              7
    Integrals threads:           7
    Memory [GiB]:            6.286
    Schwarz Cutoff:          0E+00
    Fitting Condition:       1E-10

   => Auxiliary Basis Set <=

  Basis Set: (CC-PVTZ AUX)
    Blend: CC-PVTZ-JKFIT
    Number of shells: 180
    Number of basis functions: 556
    Number of Cartesian functions: 664
    Spherical Harmonics?: true
    Max angular momentum: 4

	-----------------------------------------------------------
	 ==================> DF-MP2 Energies <==================== 
	-----------------------------------------------------------
	 Reference Energy          =    -156.1666597680755046 [Eh]
	 Singles Energy            =      -0.0000000000000000 [Eh]
	 Same-Spin Energy          =      -0.1502388768030656 [Eh]
	 Opposite-Spin Energy      =      -0.5337557349154021 [Eh]
	 Correlation Energy        =      -0.6839946117184676 [Eh]
	 Total Energy              =    -156.8506543797939798 [Eh]
	-----------------------------------------------------------
	 ================> DF-SCS-MP2 Energies <================== 
	-----------------------------------------------------------
	 SCS Same-Spin Scale       =       0.3333333333333333 [-]
	 SCS Opposite-Spin Scale   =       1.2000000000000000 [-]
	 SCS Same-Spin Energy      =      -0.0500796256010219 [Eh]
	 SCS Opposite-Spin Energy  =      -0.6405068818984825 [Eh]
	 SCS Correlation Energy    =      -0.6905865074995043 [Eh]
	 SCS Total Energy          =    -156.8572462755750223 [Eh]
	-----------------------------------------------------------


  -Total Gradient:
     Atom            X                  Y                   Z
    ------   -----------------  -----------------  -----------------
       1       -0.002885548111    -0.001576880157     0.000967514934
       2        0.002885548111     0.001576880157    -0.000967514934
       3        0.001660228772    -0.000641379428    -0.002560634661
       4       -0.001660228772     0.000641379428     0.002560634661
       5        0.000145506128    -0.000126986791     0.000804775670
       6       -0.000145506128     0.000126986791    -0.000804775670
       7        0.000769279711     0.000738619589     0.000025585205
       8        0.001122462887     0.000258921865     0.000845853592
       9       -0.001036694278     0.000957488445     0.001656600670
      10       -0.000769279711    -0.000738619589    -0.000025585205
      11       -0.001122462887    -0.000258921865    -0.000845853592
      12        0.001036694278    -0.000957488445    -0.001656600670


*** tstop() called on flexpad at Mon Aug  3 19:33:49 2026
Module time:
	user time   =      41.10 seconds =       0.69 minutes
	system time =       1.84 seconds =       0.03 minutes
	total time  =          6 seconds =       0.10 minutes
Total time:
	user time   =    6939.90 seconds =     115.67 minutes
	system time =     304.83 seconds =       5.08 minutes
	total time  =       1194 seconds =      19.90 minutes

    			-----------------------------------------

    			 OPTKING 3.0: for geometry optimizations 

    			     By R.A. King, Bethel University     

    			        with contributions from          

    			    A.V. Copan, J. Cayton, A. Heide      

    			-----------------------------------------

    
	                            ===> Fragment 1 <== 

	 Z (Atomic Numbers)          Masses                          Geom                  
	       6.000000            12.000000          1.08265218 -0.62528931 -0.16939275   
	       6.000000            12.000000         -1.08265218  0.62528931  0.16939275   
	       6.000000            12.000000          3.61256607  0.61785739 -0.49261519   
	       6.000000            12.000000         -3.61256607 -0.61785739  0.49261519   
	       1.000000             1.007825          1.02732974 -2.67428921 -0.25366641   
	       1.000000             1.007825         -1.02732974  2.67428921  0.25366641   
	       1.000000             1.007825          5.06746502 -0.30532177  0.63528431   
	       1.000000             1.007825          3.54799777  2.59532333  0.07684022   
	       1.000000             1.007825          4.22459811  0.54726192 -2.45396080   
	       1.000000             1.007825         -5.06746502  0.30532177 -0.63528431   
	       1.000000             1.007825         -3.54799777 -2.59532333 -0.07684022   
	       1.000000             1.007825         -4.22459811 -0.54726192  2.45396080   

	 - Coordinate -           - BOHR/RAD -       - ANG/DEG -
	 R(1,2)           =         2.523344           1.335296
	 R(1,3)           =         2.837314           1.501442
	 R(1,5)           =         2.051478           1.085596
	 R(2,4)           =         2.837314           1.501442
	 R(2,6)           =         2.051478           1.085596
	 R(3,7)           =         2.059405           1.089790
	 R(3,8)           =         2.058839           1.089491
	 R(3,9)           =         2.055832           1.087899
	 R(4,10)          =         2.059405           1.089790
	 R(4,11)          =         2.058839           1.089491
	 R(4,12)          =         2.055832           1.087899
	 B(1,2,4)         =         2.169158         124.283612
	 B(1,2,6)         =         2.068466         118.514397
	 B(1,3,7)         =         1.951018         111.785122
	 B(1,3,8)         =         1.940514         111.183279
	 B(1,3,9)         =         1.938088         111.044241
	 B(2,1,3)         =         2.169158         124.283612
	 B(2,1,5)         =         2.068466         118.514397
	 B(2,4,10)        =         1.951018         111.785122
	 B(2,4,11)        =         1.940514         111.183279
	 B(2,4,12)        =         1.938088         111.044241
	 B(3,1,5)         =         2.045392         117.192307
	 B(4,2,6)         =         2.045392         117.192307
	 B(7,3,8)         =         1.876778         107.531451
	 B(7,3,9)         =         1.872135         107.265434
	 B(8,3,9)         =         1.881992         107.830180
	 B(10,4,11)       =         1.876778         107.531451
	 B(10,4,12)       =         1.872135         107.265434
	 B(11,4,12)       =         1.881992         107.830180
	 D(1,2,4,10)      =         3.920927         224.652577
	 D(1,2,4,11)      =        -0.264635         -15.162474
	 D(1,2,4,12)      =         1.830868         104.901000
	 D(2,1,3,7)       =         2.362258         135.347423
	 D(2,1,3,8)       =         0.264635          15.162474
	 D(2,1,3,9)       =        -1.830868        -104.901000
	 D(3,1,2,4)       =         3.141593         180.000000
	 D(3,1,2,6)       =        -0.020350          -1.165957
	 D(4,2,1,5)       =         0.020350           1.165957
	 D(5,1,2,6)       =         3.141593         180.000000
	 D(5,1,3,7)       =        -0.799438         -45.804401
	 D(5,1,3,8)       =         3.386125         194.010651
	 D(5,1,3,9)       =         1.290622          73.947176
	 D(6,2,4,10)      =         0.799438          45.804401
	 D(6,2,4,11)      =         2.897061         165.989349
	 D(6,2,4,12)      =        -1.290622         -73.947176


	        --- Internal Coordinate Step in ANG or DEG, aJ/ANG or AJ/DEG ---
	-------------------------------------------------------------------------------
	           Coordinate      Previous         Force          Change          New 
	           ----------      --------        ------          ------        ------
	               R(1,2)       1.33530        0.00192       -0.00018       1.33511
	               R(1,3)       1.50144       -0.02325       -0.00264       1.49880
	               R(1,5)       1.08560       -0.00074       -0.00037       1.08522
	               R(2,4)       1.50144       -0.02325       -0.00264       1.49880
	               R(2,6)       1.08560       -0.00074       -0.00037       1.08522
	               R(3,7)       1.08979       -0.00187        0.00008       1.08987
	               R(3,8)       1.08949       -0.00369       -0.00054       1.08895
	               R(3,9)       1.08790        0.01583       -0.00134       1.08656
	              R(4,10)       1.08979       -0.00187        0.00008       1.08987
	              R(4,11)       1.08949       -0.00369       -0.00054       1.08895
	              R(4,12)       1.08790        0.01583       -0.00134       1.08656
	             B(1,2,4)     124.28361        0.00003        0.11008     124.39370
	             B(1,2,6)     118.51440       -0.00002        0.14265     118.65704
	             B(1,3,7)     111.78512       -0.00010       -0.43924     111.34588
	             B(1,3,8)     111.18328       -0.00007       -0.48664     110.69664
	             B(1,3,9)     111.04424        0.00002        0.00207     111.04631
	             B(2,1,3)     124.28361        0.00003        0.11008     124.39370
	             B(2,1,5)     118.51440       -0.00002        0.14265     118.65704
	            B(2,4,10)     111.78512       -0.00010       -0.43924     111.34588
	            B(2,4,11)     111.18328       -0.00007       -0.48664     110.69664
	            B(2,4,12)     111.04424        0.00002        0.00207     111.04631
	             B(3,1,5)     117.19231       -0.00001       -0.24829     116.94402
	             B(4,2,6)     117.19231       -0.00001       -0.24829     116.94402
	             B(7,3,8)     107.53145        0.00011        0.85919     108.39064
	             B(7,3,9)     107.26543        0.00000       -0.02225     107.24318
	             B(8,3,9)     107.83018        0.00004        0.14282     107.97300
	           B(10,4,11)     107.53145        0.00011        0.85919     108.39064
	           B(10,4,12)     107.26543        0.00000       -0.02225     107.24318
	           B(11,4,12)     107.83018        0.00004        0.14282     107.97300
	          D(1,2,4,10)     224.65258        0.00002        9.79766     234.45024
	          D(1,2,4,11)     -15.16247        0.00005       10.25964      -4.90283
	          D(1,2,4,12)     104.90100        0.00006       10.11737     115.01837
	           D(2,1,3,7)     135.34742       -0.00002       -9.79766     125.54976
	           D(2,1,3,8)      15.16247       -0.00005      -10.25964       4.90283
	           D(2,1,3,9)    -104.90100       -0.00006      -10.11737    -115.01837
	           D(3,1,2,4)     180.00000       -0.00000        0.00000     180.00000
	           D(3,1,2,6)      -1.16596        0.00000        0.30613      -0.85983
	           D(4,2,1,5)       1.16596       -0.00000       -0.30613       0.85983
	           D(5,1,2,6)     180.00000        0.00000        0.00000     180.00000
	           D(5,1,3,7)     -45.80440       -0.00002       -9.49221     -55.29662
	           D(5,1,3,8)     194.01065       -0.00004       -9.95420     184.05645
	           D(5,1,3,9)      73.94718       -0.00006       -9.81192      64.13525
	          D(6,2,4,10)      45.80440        0.00002        9.49221      55.29662
	          D(6,2,4,11)     165.98935        0.00004        9.95420     175.94355
	          D(6,2,4,12)     -73.94718        0.00006        9.81192     -64.13525
	-------------------------------------------------------------------------------

	                                 ==> Convergence Check <==                                  
    
	Measures of convergence in internal coordinates in au.
    
	Criteria marked as inactive (o), active & met (*), and active & unmet ( ).

	----------------------------------------------------------------------------------------------
	   Step    Total Energy     Delta E     Max Force     RMS Force      Max Disp      RMS Disp   
	----------------------------------------------------------------------------------------------
	  Convergence Criteria     1.00e-06 *    3.00e-04 *             o    1.20e-03 *             o
	----------------------------------------------------------------------------------------------
	     8    -156.85065438   -6.53e-04      2.82e-03      9.20e-04 o    1.79e-01      8.94e-02 o  ~
	----------------------------------------------------------------------------------------------

Next Geometry in Ang 
	Fragment 1 (Ang)

	    C   0.5668747001  -0.3264985935  -0.1329813107
	    C  -0.5668747001   0.3264985935   0.1329813107
	    C   1.9082302205   0.3277277689  -0.2713499031
	    C  -1.9082302205  -0.3277277689   0.2713499031
	    H   0.5273383467  -1.4017987517  -0.2739719757
	    H  -0.5273383467   1.4017987517   0.2739719757
	    H   2.6412705845  -0.1252495958   0.3959397920
	    H   1.8439289546   1.3900333133  -0.0407119147
	    H   2.2889309641   0.2269459101  -1.2840345260
	    H  -2.6412705845   0.1252495958  -0.3959397920
	    H  -1.8439289546  -1.3900333133   0.0407119147
	    H  -2.2889309641  -0.2269459101   1.2840345260


    Structure for next step:
    Molecular point group: ci
    Full point group: Ci

    Geometry (in Angstrom), charge = 0, multiplicity = 1:

    C            0.566874700069    -0.326498593517    -0.132981310673
    C           -0.566874700069     0.326498593517     0.132981310673
    C            1.908230220536     0.327727768888    -0.271349903116
    C           -1.908230220536    -0.327727768888     0.271349903116
    H            0.527338346672    -1.401798751699    -0.273971975705
    H           -0.527338346672     1.401798751699     0.273971975705
    H            2.641270584485    -0.125249595780     0.395939791986
    H            1.843928954596     1.390033313310    -0.040711914687
    H            2.288930964149     0.226945910147    -1.284034525955
    H           -2.641270584485     0.125249595780    -0.395939791986
    H           -1.843928954596    -1.390033313310     0.040711914687
    H           -2.288930964149    -0.226945910147     1.284034525955


Scratch directory: /tmp/
gradient() will perform analytic gradient computation.
   => Libint2 <=

    Primary   basis highest AM E, G, H:  6, 6, 3
    Auxiliary basis highest AM E, G, H:  7, 7, 4
    Onebody   basis highest AM E, G, H:  -, -, -
    Solid Harmonics ordering:            Gaussian

*** tstart() called on flexpad
*** at Mon Aug  3 19:33:49 2026

   => Loading Basis Set <=

    Name: CC-PVTZ
    Role: ORBITAL
    Keyword: BASIS
    atoms 1-4  entry C          line   186 file /home/peter/miniconda3/envs/research/share/psi4/basis/cc-pvtz.gbs 
    atoms 5-12 entry H          line    23 file /home/peter/miniconda3/envs/research/share/psi4/basis/cc-pvtz.gbs 


         ---------------------------------------------------------
                                   SCF
               by Justin Turney, Rob Parrish, Andy Simmonett
                          and Daniel G. A. Smith
                              RHF Reference
                        7 Threads,   8583 MiB Core
         ---------------------------------------------------------

  ==> Geometry <==

    Molecular point group: ci
    Full point group: Ci

    Geometry (in Angstrom), charge = 0, multiplicity = 1:

       Center              X                  Y                   Z               Mass       
    ------------   -----------------  -----------------  -----------------  -----------------
         C            0.566874700069    -0.326498593517    -0.132981310673    12.000000000000
         C           -0.566874700069     0.326498593517     0.132981310673    12.000000000000
         C            1.908230220536     0.327727768888    -0.271349903116    12.000000000000
         C           -1.908230220536    -0.327727768888     0.271349903116    12.000000000000
         H            0.527338346672    -1.401798751699    -0.273971975705     1.007825032230
         H           -0.527338346672     1.401798751699     0.273971975705     1.007825032230
         H            2.641270584485    -0.125249595780     0.395939791986     1.007825032230
         H            1.843928954596     1.390033313310    -0.040711914687     1.007825032230
         H            2.288930964149     0.226945910147    -1.284034525955     1.007825032230
         H           -2.641270584485     0.125249595780    -0.395939791986     1.007825032230
         H           -1.843928954596    -1.390033313310     0.040711914687     1.007825032230
         H           -2.288930964149    -0.226945910147     1.284034525955     1.007825032230

  Running in ci symmetry.

  Rotational constants: A =      1.15882  B =      0.12506  C =      0.11775 [cm^-1]
  Rotational constants: A =  34740.64043  B =   3749.14440  C =   3530.15332 [MHz]
  Nuclear repulsion =  116.096657232558996

  Charge       = 0
  Multiplicity = 1
  Electrons    = 32
  Nalpha       = 16
  Nbeta        = 16

  ==> Algorithm <==

  SCF Algorithm Type is DF.
  DIIS enabled.
  MOM disabled.
  Fractional occupation disabled.
  Guess Type is READ.
  Energy threshold   = 1.00e-09
  Density threshold  = 1.00e-09
  Integral threshold = 1.00e-12

  ==> Primary Basis <==

  Basis Set: CC-PVTZ
    Blend: CC-PVTZ
    Number of shells: 88
    Number of basis functions: 232
    Number of Cartesian functions: 260
    Spherical Harmonics?: true
    Max angular momentum: 3

   => Loading Basis Set <=

    Name: (CC-PVTZ AUX)
    Role: JKFIT
    Keyword: DF_BASIS_SCF
    atoms 1-4  entry C          line   125 file /home/peter/miniconda3/envs/research/share/psi4/basis/cc-pvtz-jkfit.gbs 
    atoms 5-12 entry H          line    51 file /home/peter/miniconda3/envs/research/share/psi4/basis/cc-pvtz-jkfit.gbs 

   => Loading Basis Set <=

    Name: CC-PVTZ
    Role: ORBITAL
    Keyword: BASIS
    atoms 1-4  entry C          line   186 file /home/peter/miniconda3/envs/research/share/psi4/basis/cc-pvtz.gbs 
    atoms 5-12 entry H          line    23 file /home/peter/miniconda3/envs/research/share/psi4/basis/cc-pvtz.gbs 

  Reading orbitals from file /tmp/psi4.default.340379.180.npy, no projection.

  ==> Integral Setup <==

  DFHelper Memory: AOs need 0.227 GiB; user supplied 6.286 GiB. 
  Using in-core AOs.

  ==> MemDFJK: Density-Fitted J/K Matrices <==

    J tasked:                   Yes
    K tasked:                   Yes
    wK tasked:                   No
    OpenMP threads:               7
    Memory [MiB]:              6437
    Algorithm:                 Core
    Schwarz Cutoff:           1E-12
    Mask sparsity (%):       5.2504
    Fitting Condition:        1E-10

   => Auxiliary Basis Set <=

  Basis Set: (CC-PVTZ AUX)
    Blend: CC-PVTZ-JKFIT
    Number of shells: 180
    Number of basis functions: 556
    Number of Cartesian functions: 664
    Spherical Harmonics?: true
    Max angular momentum: 4

  Minimum eigenvalue in the overlap matrix is 5.7585907022E-04.
  Reciprocal condition number of the overlap matrix is 7.7190472559E-05.
    Using symmetric orthogonalization.

  ==> Pre-Iterations <==

  SCF Guess: Orbitals guess was supplied from a previous computation.

   -------------------------------------------------------
    Irrep   Nso     Nmo     Nalpha   Nbeta   Ndocc  Nsocc
   -------------------------------------------------------
     Ag       116     116       8       8       8       0
     Au       116     116       8       8       8       0
   -------------------------------------------------------
    Total     232     232      16      16      16       0
   -------------------------------------------------------

  ==> Iterations <==

                           Total Energy        Delta E     RMS |[F,P]|

   @DF-RHF iter   0:  -156.15178158433500   -1.56152e+02   9.09088e-04 
   @DF-RHF iter   1:  -156.16661337295943   -1.48318e-02   1.66517e-04 ADIIS/DIIS
   @DF-RHF iter   2:  -156.16741013394264   -7.96761e-04   6.57938e-05 DIIS
   @DF-RHF iter   3:  -156.16756114329507   -1.51009e-04   2.87108e-05 DIIS
   @DF-RHF iter   4:  -156.16759012467350   -2.89814e-05   6.85399e-06 DIIS
   @DF-RHF iter   5:  -156.16759266902642   -2.54435e-06   1.89156e-06 DIIS
   @DF-RHF iter   6:  -156.16759282751491   -1.58488e-07   5.94939e-07 DIIS
   @DF-RHF iter   7:  -156.16759284026563   -1.27507e-08   1.50889e-07 DIIS
   @DF-RHF iter   8:  -156.16759284133187   -1.06624e-09   3.55760e-08 DIIS
   @DF-RHF iter   9:  -156.16759284139860   -6.67342e-11   9.79668e-09 DIIS
   @DF-RHF iter  10:  -156.16759284140400   -5.40012e-12   2.11940e-09 DIIS
   @DF-RHF iter  11:  -156.16759284140451   -5.11591e-13   3.32800e-10 DIIS
  Energy and wave function converged.


  ==> Post-Iterations <==

    Orbital Energies [Eh]
    ---------------------

    Doubly Occupied:                                                      

       1Ag   -11.221365     1Au   -11.219670     2Ag   -11.214780  
       2Au   -11.214768     3Ag    -1.076185     3Au    -0.983501  
       4Ag    -0.877379     4Au    -0.744459     5Au    -0.605672  
       5Ag    -0.604644     6Au    -0.571801     6Ag    -0.555232  
       7Au    -0.521000     7Ag    -0.507711     8Ag    -0.480993  
       8Au    -0.341279  

    Virtual:                                                              

       9Ag     0.148080     9Au     0.159932    10Au     0.174145  
      10Ag     0.175514    11Ag     0.216154    12Ag     0.220335  
      11Au     0.224162    13Ag     0.240920    12Au     0.252584  
      13Au     0.309467    14Ag     0.339083    15Ag     0.365444  
      16Ag     0.396106    14Au     0.405323    15Au     0.423781  
      17Ag     0.456089    16Au     0.464645    17Au     0.516001  
      18Au     0.524720    18Ag     0.532337    19Au     0.584599  
      19Ag     0.608216    20Ag     0.622250    20Au     0.625464  
      21Au     0.631230    21Ag     0.639695    22Au     0.648239  
      22Ag     0.652157    23Au     0.669470    23Ag     0.675349  
      24Ag     0.736741    24Au     0.746901    25Ag     0.759490  
      25Au     0.790904    26Au     0.841143    26Ag     0.849970  
      27Au     0.863894    28Au     0.873159    27Ag     0.924581  
      28Ag     1.000950    29Au     1.006452    29Ag     1.014180  
      30Ag     1.074438    30Au     1.075976    31Ag     1.090965  
      31Au     1.177105    32Au     1.194052    32Ag     1.200787  
      33Ag     1.210918    34Ag     1.221209    33Au     1.228762  
      35Ag     1.251533    34Au     1.266658    35Au     1.297979  
      36Ag     1.304170    36Au     1.334342    37Ag     1.363022  
      37Au     1.374630    38Ag     1.388321    38Au     1.400337  
      39Au     1.465112    39Ag     1.467854    40Au     1.501608  
      40Ag     1.517494    41Au     1.537212    41Ag     1.552104  
      42Ag     1.568878    43Ag     1.580964    42Au     1.611341  
      43Au     1.636227    44Ag     1.677867    45Ag     1.697014  
      44Au     1.704063    46Ag     1.740142    45Au     1.748874  
      46Au     1.768545    47Au     1.809252    47Ag     1.938169  
      48Au     2.004080    48Ag     2.171709    49Au     2.371546  
      49Ag     2.430472    50Au     2.472411    50Ag     2.510237  
      51Ag     2.548741    51Au     2.575318    52Au     2.643886  
      53Au     2.662415    52Ag     2.678379    53Ag     2.696410  
      54Ag     2.756021    54Au     2.798489    55Au     2.831629  
      55Ag     2.834332    56Ag     2.844409    56Au     2.991750  
      57Au     2.996242    57Ag     2.997659    58Au     3.016472  
      59Au     3.024976    60Au     3.094646    58Ag     3.100483  
      59Ag     3.117035    61Au     3.143930    60Ag     3.153310  
      61Ag     3.157999    62Au     3.207493    62Ag     3.224171  
      63Ag     3.243587    64Ag     3.258534    65Ag     3.281734  
      63Au     3.289751    64Au     3.295094    66Ag     3.313348  
      65Au     3.347279    66Au     3.356491    67Au     3.369069  
      68Au     3.389084    67Ag     3.390484    68Ag     3.409173  
      69Ag     3.447989    69Au     3.471396    70Ag     3.524219  
      70Au     3.576363    71Ag     3.577614    71Au     3.588957  
      72Au     3.601529    72Ag     3.603088    73Ag     3.645085  
      73Au     3.656656    74Au     3.697129    75Au     3.725380  
      74Ag     3.747620    75Ag     3.760152    76Au     3.773353  
      77Au     3.802605    78Au     3.811124    76Ag     3.811735  
      77Ag     3.825446    79Au     3.890477    78Ag     3.901975  
      79Ag     3.947796    80Ag     4.011876    80Au     4.021575  
      81Ag     4.030082    81Au     4.045643    82Ag     4.091211  
      82Au     4.116684    83Ag     4.135041    83Au     4.140429  
      84Au     4.166871    84Ag     4.212850    85Au     4.220359  
      85Ag     4.245600    86Au     4.258971    86Ag     4.274723  
      87Ag     4.297490    87Au     4.298812    88Ag     4.367296  
      89Ag     4.394203    88Au     4.398238    89Au     4.415247  
      90Ag     4.428444    90Au     4.431716    91Au     4.465012  
      91Ag     4.486235    92Au     4.529483    92Ag     4.560197  
      93Ag     4.593676    93Au     4.613071    94Au     4.663816  
      94Ag     4.688163    95Ag     4.710117    95Au     4.719349  
      96Au     4.775626    97Au     4.788679    96Ag     4.849606  
      98Au     4.892302    97Ag     4.934632    98Ag     5.024791  
      99Ag     5.120759    99Au     5.126676   100Ag     5.167795  
     100Au     5.202164   101Ag     5.218201   101Au     5.218396  
     102Ag     5.279564   103Ag     5.306325   102Au     5.310717  
     103Au     5.362613   104Ag     5.480476   104Au     5.498498  
     105Ag     5.551688   105Au     5.564204   106Au     5.583189  
     106Ag     5.597309   107Ag     5.663490   107Au     5.676351  
     108Ag     5.695895   109Ag     5.728806   108Au     5.743801  
     109Au     5.797001   110Ag     5.806278   110Au     5.870510  
     111Au     5.926403   111Ag     6.098779   112Ag     6.159022  
     113Ag     6.255959   112Au     6.258592   113Au     6.271071  
     114Au     6.382674   114Ag     6.432975   115Ag    11.359473  
     116Ag    14.204346   115Au    14.211200   116Au    14.509864  

    Final Occupation by Irrep:
             Ag    Au 
    DOCC [     8,    8 ]
    NA   [     8,    8 ]
    NB   [     8,    8 ]

  @DF-RHF Final Energy:  -156.16759284140451

   => Energetics <=

    Nuclear Repulsion Energy =            116.0966572325589965
    One-Electron Energy =                -439.0476180122188907
    Two-Electron Energy =                 166.7833679382553953
    Total Energy =                       -156.1675928414045131

Computation Completed


Properties will be evaluated at   0.000000,   0.000000,   0.000000 [a0]

Properties computed using the SCF density matrix


 Multipole Moments:

 ------------------------------------------------------------------------------------
     Multipole            Electronic (a.u.)      Nuclear  (a.u.)        Total (a.u.)
 ------------------------------------------------------------------------------------

 L = 1.  Multiply by 2.5417464519 to convert [e a0] to [Debye]
 Dipole X            :          0.0000000            0.0000000            0.0000000
 Dipole Y            :          0.0000000            0.0000000            0.0000000
 Dipole Z            :          0.0000000            0.0000000            0.0000000
 Magnitude           :                                                    0.0000000

 ------------------------------------------------------------------------------------

*** tstop() called on flexpad at Mon Aug  3 19:33:51 2026
Module time:
	user time   =       9.89 seconds =       0.16 minutes
	system time =       0.36 seconds =       0.01 minutes
	total time  =          2 seconds =       0.03 minutes
Total time:
	user time   =    6951.30 seconds =     115.86 minutes
	system time =     305.22 seconds =       5.09 minutes
	total time  =       1196 seconds =      19.93 minutes

*** tstart() called on flexpad
*** at Mon Aug  3 19:33:51 2026


  //>>>>>>>>>>>>>>>>>>>>>>>>>>>>>>>>>>>//
  //               DFMP2               //
  //<<<<<<<<<<<<<<<<<<<<<<<<<<<<<<<<<<<//

   => Loading Basis Set <=

    Name: (CC-PVTZ AUX)
    Role: RIFIT
    Keyword: DF_BASIS_MP2
    atoms 1-4  entry C          line   209 file /home/peter/miniconda3/envs/research/share/psi4/basis/cc-pvtz-ri.gbs 
    atoms 5-12 entry H          line    19 file /home/peter/miniconda3/envs/research/share/psi4/basis/cc-pvtz-ri.gbs 

	 --------------------------------------------------------
	                          DF-MP2                         
	      2nd-Order Density-Fitted Moller-Plesset Theory     
	              RMP2 Wavefunction,   7 Threads             
	                                                         
	        Rob Parrish, Justin Turney, Andy Simmonett,      
	           Ed Hohenstein, and C. David Sherrill          
	 --------------------------------------------------------

   => Auxiliary Basis Set <=

  Basis Set: (CC-PVTZ AUX)
    Blend: CC-PVTZ-RI
    Number of shells: 172
    Number of basis functions: 564
    Number of Cartesian functions: 684
    Spherical Harmonics?: true
    Max angular momentum: 4

	 --------------------------------------------------------
	                 NBF =   232, NAUX =   564
	 --------------------------------------------------------
	   CLASS    FOCC     OCC    AOCC    AVIR     VIR    FVIR
	   PAIRS       4      16      12     216     216       0
	 --------------------------------------------------------

  DFHelper Memory: AOs need 0.227 GiB; user supplied 6.286 GiB. 
  Using in-core AOs.


         ------------------------------------------------------------
                                     CPHF                           
                                  Rob Parrish                       
         ------------------------------------------------------------

  ==> Geometry <==

    Molecular point group: ci
    Full point group: Ci

    Geometry (in Angstrom), charge = 0, multiplicity = 1:

       Center              X                  Y                   Z               Mass       
    ------------   -----------------  -----------------  -----------------  -----------------
         C            0.566874700069    -0.326498593517    -0.132981310673    12.000000000000
         C           -0.566874700069     0.326498593517     0.132981310673    12.000000000000
         C            1.908230220536     0.327727768888    -0.271349903116    12.000000000000
         C           -1.908230220536    -0.327727768888     0.271349903116    12.000000000000
         H            0.527338346672    -1.401798751699    -0.273971975705     1.007825032230
         H           -0.527338346672     1.401798751699     0.273971975705     1.007825032230
         H            2.641270584485    -0.125249595780     0.395939791986     1.007825032230
         H            1.843928954596     1.390033313310    -0.040711914687     1.007825032230
         H            2.288930964149     0.226945910147    -1.284034525955     1.007825032230
         H           -2.641270584485     0.125249595780    -0.395939791986     1.007825032230
         H           -1.843928954596    -1.390033313310     0.040711914687     1.007825032230
         H           -2.288930964149    -0.226945910147     1.284034525955     1.007825032230

  Nuclear repulsion =  116.096657232558996
  Reference energy  = -156.167592841404513

  ==> Basis Set <==

  Basis Set: CC-PVTZ
    Blend: CC-PVTZ
    Number of shells: 88
    Number of basis functions: 232
    Number of Cartesian functions: 260
    Spherical Harmonics?: true
    Max angular momentum: 3

  ==> CGRSolver (by Rob Parrish) <==

   Number of roots    =         1
   Preconditioning    =    JACOBI
   Convergence cutoff =     1E-06
   Maximum iterations =       100

  ==> CPHFRHamiltonian (by Rob Parrish) <== 

  ==> MemDFJK: Density-Fitted J/K Matrices <==

    J tasked:                   Yes
    K tasked:                   Yes
    wK tasked:                   No
    OpenMP threads:               7
    Memory [MiB]:              6437
    Algorithm:                 Core
    Schwarz Cutoff:           1E-12
    Mask sparsity (%):       5.2504
    Fitting Condition:        1E-10

   => Auxiliary Basis Set <=

  Basis Set: (CC-PVTZ AUX)
    Blend: CC-PVTZ-JKFIT
    Number of shells: 180
    Number of basis functions: 556
    Number of Cartesian functions: 664
    Spherical Harmonics?: true
    Max angular momentum: 4

  ==> CPHF Iterations <==

  => Iterations <=

             Iter  Converged  Remaining    Residual
  CGR           1          0          1   8.550E-02
  CGR           2          0          1   1.209E-02
  CGR           3          0          1   2.869E-03
  CGR           4          0          1   8.168E-04
  CGR           5          0          1   1.618E-04
  CGR           6          0          1   3.690E-05
  CGR           7          0          1   7.016E-06
  CGR           8          0          1   1.758E-06
  CGR           9          1          0   4.797E-07

    CGRSolver converged.

  ==> DFCorrGrad: Density-Fitted Correlated Gradients <==

    OpenMP threads:              7
    Integrals threads:           7
    Memory [GiB]:            6.286
    Schwarz Cutoff:          0E+00
    Fitting Condition:       1E-10

   => Auxiliary Basis Set <=

  Basis Set: (CC-PVTZ AUX)
    Blend: CC-PVTZ-JKFIT
    Number of shells: 180
    Number of basis functions: 556
    Number of Cartesian functions: 664
    Spherical Harmonics?: true
    Max angular momentum: 4

	-----------------------------------------------------------
	 ==================> DF-MP2 Energies <==================== 
	-----------------------------------------------------------
	 Reference Energy          =    -156.1675928414045131 [Eh]
	 Singles Energy            =      -0.0000000000000000 [Eh]
	 Same-Spin Energy          =      -0.1502752469867889 [Eh]
	 Opposite-Spin Energy      =      -0.5336190388924251 [Eh]
	 Correlation Energy        =      -0.6838942858792141 [Eh]
	 Total Energy              =    -156.8514871272837183 [Eh]
	-----------------------------------------------------------
	 ================> DF-SCS-MP2 Energies <================== 
	-----------------------------------------------------------
	 SCS Same-Spin Scale       =       0.3333333333333333 [-]
	 SCS Opposite-Spin Scale   =       1.2000000000000000 [-]
	 SCS Same-Spin Energy      =      -0.0500917489955963 [Eh]
	 SCS Opposite-Spin Energy  =      -0.6403428466709101 [Eh]
	 SCS Correlation Energy    =      -0.6904345956665064 [Eh]
	 SCS Total Energy          =    -156.8580274370710299 [Eh]
	-----------------------------------------------------------


  -Total Gradient:
     Atom            X                  Y                   Z
    ------   -----------------  -----------------  -----------------
       1       -0.002318852664    -0.001352903603     0.001005668102
       2        0.002318852664     0.001352903603    -0.001005668102
       3        0.002760298145    -0.000543616729    -0.002271403852
       4       -0.002760298145     0.000543616729     0.002271403852
       5        0.000502015534     0.000239348015     0.000073622862
       6       -0.000502015534    -0.000239348015    -0.000073622862
       7        0.000034920568    -0.000067294555    -0.000132851674
       8       -0.000230580662     0.000224852995    -0.000105544980
       9       -0.001243317063     0.000782956102     0.002320935239
      10       -0.000034920568     0.000067294555     0.000132851674
      11        0.000230580662    -0.000224852995     0.000105544980
      12        0.001243317063    -0.000782956102    -0.002320935239


*** tstop() called on flexpad at Mon Aug  3 19:33:58 2026
Module time:
	user time   =      41.14 seconds =       0.69 minutes
	system time =       1.85 seconds =       0.03 minutes
	total time  =          7 seconds =       0.12 minutes
Total time:
	user time   =    6992.44 seconds =     116.54 minutes
	system time =     307.07 seconds =       5.12 minutes
	total time  =       1203 seconds =      20.05 minutes

    			-----------------------------------------

    			 OPTKING 3.0: for geometry optimizations 

    			     By R.A. King, Bethel University     

    			        with contributions from          

    			    A.V. Copan, J. Cayton, A. Heide      

    			-----------------------------------------

    
	                            ===> Fragment 1 <== 

	 Z (Atomic Numbers)          Masses                          Geom                  
	       6.000000            12.000000          1.07123793 -0.61699292 -0.25129826   
	       6.000000            12.000000         -1.07123793  0.61699292  0.25129826   
	       6.000000            12.000000          3.60603250  0.61931573 -0.51277700   
	       6.000000            12.000000         -3.60603250 -0.61931573  0.51277700   
	       1.000000             1.007825          0.99652505 -2.64901572 -0.51773200   
	       1.000000             1.007825         -0.99652505  2.64901572  0.51773200   
	       1.000000             1.007825          4.99127803 -0.23668743  0.74821777   
	       1.000000             1.007825          3.48452072  2.62678227 -0.07693437   
	       1.000000             1.007825          4.32545264  0.42886562 -2.42647359   
	       1.000000             1.007825         -4.99127803  0.23668743 -0.74821777   
	       1.000000             1.007825         -3.48452072 -2.62678227  0.07693437   
	       1.000000             1.007825         -4.32545264 -0.42886562  2.42647359   

	 - Coordinate -           - BOHR/RAD -       - ANG/DEG -
	 R(1,2)           =         2.523000           1.335114
	 R(1,3)           =         2.832316           1.498797
	 R(1,5)           =         2.050777           1.085224
	 R(2,4)           =         2.832316           1.498797
	 R(2,6)           =         2.050777           1.085224
	 R(3,7)           =         2.059552           1.089868
	 R(3,8)           =         2.057826           1.088954
	 R(3,9)           =         2.053307           1.086563
	 R(4,10)          =         2.059552           1.089868
	 R(4,11)          =         2.057826           1.088954
	 R(4,12)          =         2.053307           1.086563
	 B(1,2,4)         =         2.171080         124.393696
	 B(1,2,6)         =         2.070956         118.657044
	 B(1,3,7)         =         1.943352         111.345880
	 B(1,3,8)         =         1.932021         110.696640
	 B(1,3,9)         =         1.938124         111.046314
	 B(2,1,3)         =         2.171080         124.393696
	 B(2,1,5)         =         2.070956         118.657044
	 B(2,4,10)        =         1.943352         111.345880
	 B(2,4,11)        =         1.932021         110.696640
	 B(2,4,12)        =         1.938124         111.046314
	 B(3,1,5)         =         2.041058         116.944020
	 B(4,2,6)         =         2.041058         116.944020
	 B(7,3,8)         =         1.891773         108.390636
	 B(7,3,9)         =         1.871747         107.243180
	 B(8,3,9)         =         1.884484         107.973003
	 B(10,4,11)       =         1.891773         108.390636
	 B(10,4,12)       =         1.871747         107.243180
	 B(11,4,12)       =         1.884484         107.973003
	 D(1,2,4,10)      =         4.091929         234.450238
	 D(1,2,4,11)      =        -0.085571          -4.902830
	 D(1,2,4,12)      =         2.007449         115.018371
	 D(2,1,3,7)       =         2.191257         125.549762
	 D(2,1,3,8)       =         0.085571           4.902830
	 D(2,1,3,9)       =        -2.007449        -115.018371
	 D(3,1,2,4)       =         3.141593         180.000000
	 D(3,1,2,6)       =        -0.015007          -0.859827
	 D(4,2,1,5)       =         0.015007           0.859827
	 D(5,1,2,6)       =         3.141593         180.000000
	 D(5,1,3,7)       =        -0.965108         -55.296615
	 D(5,1,3,8)       =         3.212391         184.056453
	 D(5,1,3,9)       =         1.119371          64.135252
	 D(6,2,4,10)      =         0.965108          55.296615
	 D(6,2,4,11)      =         3.070794         175.943547
	 D(6,2,4,12)      =        -1.119371         -64.135252


	        --- Internal Coordinate Step in ANG or DEG, aJ/ANG or AJ/DEG ---
	-------------------------------------------------------------------------------
	           Coordinate      Previous         Force          Change          New 
	           ----------      --------        ------          ------        ------
	               R(1,2)       1.33511        0.00204        0.00006       1.33517
	               R(1,3)       1.49880       -0.01131       -0.00189       1.49691
	               R(1,5)       1.08522        0.00218        0.00032       1.08555
	               R(2,4)       1.49880       -0.01131       -0.00189       1.49691
	               R(2,6)       1.08522        0.00218        0.00032       1.08555
	               R(3,7)       1.08987        0.00025        0.00022       1.09009
	               R(3,8)       1.08895       -0.00174       -0.00038       1.08857
	               R(3,9)       1.08656        0.02201        0.00116       1.08772
	              R(4,10)       1.08987        0.00025        0.00022       1.09009
	              R(4,11)       1.08895       -0.00174       -0.00038       1.08857
	              R(4,12)       1.08656        0.02201        0.00116       1.08772
	             B(1,2,4)     124.39370        0.00003        0.11528     124.50898
	             B(1,2,6)     118.65704       -0.00005       -0.16280     118.49424
	             B(1,3,7)     111.34588       -0.00002       -0.21582     111.13006
	             B(1,3,8)     110.69664        0.00003        0.00036     110.69700
	             B(1,3,9)     111.04631        0.00000        0.02383     111.07015
	             B(2,1,3)     124.39370        0.00003        0.11528     124.50898
	             B(2,1,5)     118.65704       -0.00005       -0.16280     118.49424
	            B(2,4,10)     111.34588       -0.00002       -0.21582     111.13006
	            B(2,4,11)     110.69664        0.00003        0.00036     110.69700
	            B(2,4,12)     111.04631        0.00000        0.02383     111.07015
	             B(3,1,5)     116.94402        0.00002        0.05190     116.99592
	             B(4,2,6)     116.94402        0.00002        0.05190     116.99592
	             B(7,3,8)     108.39064       -0.00001        0.08029     108.47092
	             B(7,3,9)     107.24318       -0.00001       -0.07426     107.16892
	             B(8,3,9)     107.97300        0.00001        0.19624     108.16924
	           B(10,4,11)     108.39064       -0.00001        0.08029     108.47092
	           B(10,4,12)     107.24318       -0.00001       -0.07426     107.16892
	           B(11,4,12)     107.97300        0.00001        0.19624     108.16924
	          D(1,2,4,10)     234.45024        0.00002        5.23913     239.68937
	          D(1,2,4,11)      -4.90283        0.00000        5.19647       0.29364
	          D(1,2,4,12)     115.01837        0.00004        5.45931     120.47768
	           D(2,1,3,7)     125.54976       -0.00002       -5.23913     120.31063
	           D(2,1,3,8)       4.90283       -0.00000       -5.19647      -0.29364
	           D(2,1,3,9)    -115.01837       -0.00004       -5.45931    -120.47768
	           D(3,1,2,4)     180.00000        0.00000        0.00000     180.00000
	           D(3,1,2,6)      -0.85983        0.00001        0.51120      -0.34863
	           D(4,2,1,5)       0.85983       -0.00001       -0.51120       0.34863
	           D(5,1,2,6)     180.00000        0.00000        0.00000     180.00000
	           D(5,1,3,7)     -55.29662       -0.00000       -4.73661     -60.03323
	           D(5,1,3,8)     184.05645        0.00001       -4.69396     179.36249
	           D(5,1,3,9)      64.13525       -0.00003       -4.95680      59.17845
	          D(6,2,4,10)      55.29662        0.00000        4.73661      60.03323
	          D(6,2,4,11)     175.94355       -0.00001        4.69396     180.63751
	          D(6,2,4,12)     -64.13525        0.00003        4.95680     -59.17845
	-------------------------------------------------------------------------------

	                                 ==> Convergence Check <==                                  
    
	Measures of convergence in internal coordinates in au.
    
	Criteria marked as inactive (o), active & met (*), and active & unmet ( ).

	----------------------------------------------------------------------------------------------
	   Step    Total Energy     Delta E     Max Force     RMS Force      Max Disp      RMS Disp   
	----------------------------------------------------------------------------------------------
	  Convergence Criteria     1.00e-06 *    3.00e-04 *             o    1.20e-03 *             o
	----------------------------------------------------------------------------------------------
	     9    -156.85148713   -8.33e-04      2.67e-03      6.90e-04 o    9.53e-02      4.56e-02 o  ~
	----------------------------------------------------------------------------------------------

Next Geometry in Ang 
	Fragment 1 (Ang)

	    C   0.5637269799  -0.3216109761  -0.1563580222
	    C  -0.5637269799   0.3216109761   0.1563580222
	    C   1.9059981841   0.3297881590  -0.2776717467
	    C  -1.9059981841  -0.3297881590   0.2776717467
	    H   0.5157615433  -1.3899045280  -0.3430812232
	    H  -0.5157615433   1.3899045280   0.3430812232
	    H   2.6180299126  -0.1035693102   0.4248295929
	    H   1.8343633678   1.3980872260  -0.0812219018
	    H   2.3171829806   0.1952644772  -1.2756547202
	    H  -2.6180299126   0.1035693102  -0.4248295929
	    H  -1.8343633678  -1.3980872260   0.0812219018
	    H  -2.3171829806  -0.1952644772   1.2756547202


    Structure for next step:
    Molecular point group: ci
    Full point group: Ci

    Geometry (in Angstrom), charge = 0, multiplicity = 1:

    C            0.563726979880    -0.321610976143    -0.156358022192
    C           -0.563726979880     0.321610976143     0.156358022192
    C            1.905998184052     0.329788158970    -0.277671746741
    C           -1.905998184052    -0.329788158970     0.277671746741
    H            0.515761543294    -1.389904528030    -0.343081223225
    H           -0.515761543294     1.389904528030     0.343081223225
    H            2.618029912552    -0.103569310163     0.424829592879
    H            1.834363367785     1.398087226025    -0.081221901809
    H            2.317182980572     0.195264477167    -1.275654720164
    H           -2.618029912552     0.103569310163    -0.424829592879
    H           -1.834363367785    -1.398087226025     0.081221901809
    H           -2.317182980572    -0.195264477167     1.275654720164


Scratch directory: /tmp/
gradient() will perform analytic gradient computation.
   => Libint2 <=

    Primary   basis highest AM E, G, H:  6, 6, 3
    Auxiliary basis highest AM E, G, H:  7, 7, 4
    Onebody   basis highest AM E, G, H:  -, -, -
    Solid Harmonics ordering:            Gaussian

*** tstart() called on flexpad
*** at Mon Aug  3 19:33:58 2026

   => Loading Basis Set <=

    Name: CC-PVTZ
    Role: ORBITAL
    Keyword: BASIS
    atoms 1-4  entry C          line   186 file /home/peter/miniconda3/envs/research/share/psi4/basis/cc-pvtz.gbs 
    atoms 5-12 entry H          line    23 file /home/peter/miniconda3/envs/research/share/psi4/basis/cc-pvtz.gbs 


         ---------------------------------------------------------
                                   SCF
               by Justin Turney, Rob Parrish, Andy Simmonett
                          and Daniel G. A. Smith
                              RHF Reference
                        7 Threads,   8583 MiB Core
         ---------------------------------------------------------

  ==> Geometry <==

    Molecular point group: ci
    Full point group: Ci

    Geometry (in Angstrom), charge = 0, multiplicity = 1:

       Center              X                  Y                   Z               Mass       
    ------------   -----------------  -----------------  -----------------  -----------------
         C            0.563726979880    -0.321610976143    -0.156358022192    12.000000000000
         C           -0.563726979880     0.321610976143     0.156358022192    12.000000000000
         C            1.905998184052     0.329788158970    -0.277671746741    12.000000000000
         C           -1.905998184052    -0.329788158970     0.277671746741    12.000000000000
         H            0.515761543294    -1.389904528030    -0.343081223225     1.007825032230
         H           -0.515761543294     1.389904528030     0.343081223225     1.007825032230
         H            2.618029912552    -0.103569310163     0.424829592879     1.007825032230
         H            1.834363367785     1.398087226025    -0.081221901809     1.007825032230
         H            2.317182980572     0.195264477167    -1.275654720164     1.007825032230
         H           -2.618029912552     0.103569310163    -0.424829592879     1.007825032230
         H           -1.834363367785    -1.398087226025     0.081221901809     1.007825032230
         H           -2.317182980572    -0.195264477167     1.275654720164     1.007825032230

  Running in ci symmetry.

  Rotational constants: A =      1.16017  B =      0.12516  C =      0.11786 [cm^-1]
  Rotational constants: A =  34780.89062  B =   3752.07220  C =   3533.31720 [MHz]
  Nuclear repulsion =  116.142187801407871

  Charge       = 0
  Multiplicity = 1
  Electrons    = 32
  Nalpha       = 16
  Nbeta        = 16

  ==> Algorithm <==

  SCF Algorithm Type is DF.
  DIIS enabled.
  MOM disabled.
  Fractional occupation disabled.
  Guess Type is READ.
  Energy threshold   = 1.00e-09
  Density threshold  = 1.00e-09
  Integral threshold = 1.00e-12

  ==> Primary Basis <==

  Basis Set: CC-PVTZ
    Blend: CC-PVTZ
    Number of shells: 88
    Number of basis functions: 232
    Number of Cartesian functions: 260
    Spherical Harmonics?: true
    Max angular momentum: 3

   => Loading Basis Set <=

    Name: (CC-PVTZ AUX)
    Role: JKFIT
    Keyword: DF_BASIS_SCF
    atoms 1-4  entry C          line   125 file /home/peter/miniconda3/envs/research/share/psi4/basis/cc-pvtz-jkfit.gbs 
    atoms 5-12 entry H          line    51 file /home/peter/miniconda3/envs/research/share/psi4/basis/cc-pvtz-jkfit.gbs 

   => Loading Basis Set <=

    Name: CC-PVTZ
    Role: ORBITAL
    Keyword: BASIS
    atoms 1-4  entry C          line   186 file /home/peter/miniconda3/envs/research/share/psi4/basis/cc-pvtz.gbs 
    atoms 5-12 entry H          line    23 file /home/peter/miniconda3/envs/research/share/psi4/basis/cc-pvtz.gbs 

  Reading orbitals from file /tmp/psi4.default.340379.180.npy, no projection.

  ==> Integral Setup <==

  DFHelper Memory: AOs need 0.227 GiB; user supplied 6.286 GiB. 
  Using in-core AOs.

  ==> MemDFJK: Density-Fitted J/K Matrices <==

    J tasked:                   Yes
    K tasked:                   Yes
    wK tasked:                   No
    OpenMP threads:               7
    Memory [MiB]:              6437
    Algorithm:                 Core
    Schwarz Cutoff:           1E-12
    Mask sparsity (%):       5.2282
    Fitting Condition:        1E-10

   => Auxiliary Basis Set <=

  Basis Set: (CC-PVTZ AUX)
    Blend: CC-PVTZ-JKFIT
    Number of shells: 180
    Number of basis functions: 556
    Number of Cartesian functions: 664
    Spherical Harmonics?: true
    Max angular momentum: 4

  Minimum eigenvalue in the overlap matrix is 5.7091240642E-04.
  Reciprocal condition number of the overlap matrix is 7.6556475241E-05.
    Using symmetric orthogonalization.

  ==> Pre-Iterations <==

  SCF Guess: Orbitals guess was supplied from a previous computation.

   -------------------------------------------------------
    Irrep   Nso     Nmo     Nalpha   Nbeta   Ndocc  Nsocc
   -------------------------------------------------------
     Ag       116     116       8       8       8       0
     Au       116     116       8       8       8       0
   -------------------------------------------------------
    Total     232     232      16      16      16       0
   -------------------------------------------------------

  ==> Iterations <==

                           Total Energy        Delta E     RMS |[F,P]|

   @DF-RHF iter   0:  -156.16269467203193   -1.56163e+02   4.87310e-04 
   @DF-RHF iter   1:  -156.16745290540263   -4.75823e-03   8.13852e-05 DIIS
   @DF-RHF iter   2:  -156.16765227261084   -1.99367e-04   3.09916e-05 DIIS
   @DF-RHF iter   3:  -156.16769274879101   -4.04762e-05   1.08365e-05 DIIS
   @DF-RHF iter   4:  -156.16769663524488   -3.88645e-06   3.42812e-06 DIIS
   @DF-RHF iter   5:  -156.16769724075033   -6.05505e-07   8.71522e-07 DIIS
   @DF-RHF iter   6:  -156.16769727767087   -3.69205e-08   2.41905e-07 DIIS
   @DF-RHF iter   7:  -156.16769727988753   -2.21667e-09   7.24006e-08 DIIS
   @DF-RHF iter   8:  -156.16769728010172   -2.14186e-10   1.75901e-08 DIIS
   @DF-RHF iter   9:  -156.16769728011786   -1.61435e-11   4.77543e-09 DIIS
   @DF-RHF iter  10:  -156.16769728011911   -1.25056e-12   1.07851e-09 DIIS
   @DF-RHF iter  11:  -156.16769728011928   -1.70530e-13   1.70047e-10 DIIS
  Energy and wave function converged.


  ==> Post-Iterations <==

    Orbital Energies [Eh]
    ---------------------

    Doubly Occupied:                                                      

       1Ag   -11.221158     1Au   -11.219464     2Ag   -11.214843  
       2Au   -11.214830     3Ag    -1.076529     3Au    -0.983940  
       4Ag    -0.877227     4Au    -0.744259     5Au    -0.605974  
       5Ag    -0.604797     6Au    -0.571734     6Ag    -0.555058  
       7Au    -0.521282     7Ag    -0.507787     8Ag    -0.481217  
       8Au    -0.341060  

    Virtual:                                                              

       9Ag     0.148045     9Au     0.159937    10Au     0.174033  
      10Ag     0.176308    11Ag     0.216007    12Ag     0.220283  
      11Au     0.224206    13Ag     0.240454    12Au     0.252688  
      13Au     0.309370    14Ag     0.339103    15Ag     0.365062  
      16Ag     0.395665    14Au     0.408318    15Au     0.421825  
      17Ag     0.455641    16Au     0.464900    17Au     0.516553  
      18Au     0.523953    18Ag     0.532973    19Au     0.584488  
      19Ag     0.609171    20Ag     0.621933    20Au     0.626114  
      21Au     0.630488    21Ag     0.639346    22Au     0.648105  
      22Ag     0.651482    23Au     0.669927    23Ag     0.675372  
      24Ag     0.738496    24Au     0.748743    25Ag     0.759931  
      25Au     0.788336    26Au     0.840756    26Ag     0.849642  
      27Au     0.867316    28Au     0.870629    27Ag     0.924918  
      29Au     1.005782    28Ag     1.007733    29Ag     1.008544  
      30Au     1.075426    30Ag     1.077117    31Ag     1.085597  
      31Au     1.177534    32Au     1.194369    32Ag     1.201981  
      33Ag     1.209059    34Ag     1.222563    33Au     1.232196  
      35Ag     1.250169    34Au     1.261457    35Au     1.300162  
      36Ag     1.304518    36Au     1.333533    37Ag     1.368900  
      37Au     1.375171    38Ag     1.386594    38Au     1.398208  
      39Au     1.467933    39Ag     1.469426    40Au     1.501569  
      40Ag     1.516484    41Au     1.535823    41Ag     1.551764  
      42Ag     1.569217    43Ag     1.578951    42Au     1.611024  
      43Au     1.636642    44Ag     1.679464    45Ag     1.695136  
      44Au     1.703001    46Ag     1.740288    45Au     1.750560  
      46Au     1.767267    47Au     1.808945    47Ag     1.940131  
      48Au     2.005055    48Ag     2.173532    49Au     2.367942  
      49Ag     2.429652    50Au     2.473390    50Ag     2.514214  
      51Ag     2.545056    51Au     2.576278    52Au     2.645037  
      53Au     2.661901    52Ag     2.680662    53Ag     2.695531  
      54Ag     2.757319    54Au     2.800515    55Au     2.831476  
      55Ag     2.837947    56Ag     2.841685    56Au     2.992856  
      57Au     2.995510    57Ag     2.998334    58Au     3.017961  
      59Au     3.026111    60Au     3.090909    58Ag     3.101186  
      59Ag     3.113704    61Au     3.143170    60Ag     3.152897  
      61Ag     3.158509    62Au     3.209647    62Ag     3.224749  
      63Ag     3.246409    64Ag     3.257804    65Ag     3.281553  
      63Au     3.292744    64Au     3.293283    66Ag     3.314950  
      65Au     3.352883    66Au     3.359288    67Au     3.363670  
      68Au     3.389057    67Ag     3.391354    68Ag     3.404759  
      69Ag     3.448623    69Au     3.471329    70Ag     3.523947  
      71Ag     3.577570    70Au     3.578243    71Au     3.593503  
      72Au     3.595813    72Ag     3.606635    73Ag     3.644803  
      73Au     3.656366    74Au     3.697807    75Au     3.724300  
      74Ag     3.746576    75Ag     3.761921    76Au     3.772262  
      77Au     3.803768    76Ag     3.809904    78Au     3.810839  
      77Ag     3.824720    79Au     3.888857    78Ag     3.903309  
      79Ag     3.951399    80Ag     4.013503    80Au     4.021933  
      81Ag     4.029280    81Au     4.047025    82Ag     4.093217  
      82Au     4.114861    83Ag     4.138064    83Au     4.144271  
      84Au     4.165377    84Ag     4.214079    85Au     4.219786  
      85Ag     4.241168    86Au     4.259582    86Ag     4.274983  
      87Ag     4.298899    87Au     4.299796    88Ag     4.368692  
      89Ag     4.394797    88Au     4.399005    89Au     4.412837  
      90Ag     4.426208    90Au     4.432780    91Au     4.466602  
      91Ag     4.486324    92Au     4.531024    92Ag     4.560158  
      93Ag     4.594693    93Au     4.613102    94Au     4.665272  
      94Ag     4.693274    95Ag     4.705088    95Au     4.720739  
      96Au     4.780728    97Au     4.784107    96Ag     4.851137  
      98Au     4.890821    97Ag     4.934419    98Ag     5.028342  
      99Ag     5.119520    99Au     5.126337   100Ag     5.164051  
     100Au     5.202875   101Au     5.212903   101Ag     5.218939  
     102Ag     5.279812   103Ag     5.305691   102Au     5.313253  
     103Au     5.362333   104Ag     5.482907   104Au     5.498213  
     105Ag     5.560092   105Au     5.570355   106Au     5.581720  
     106Ag     5.593492   107Ag     5.665815   107Au     5.671714  
     108Ag     5.695515   109Ag     5.725141   108Au     5.743325  
     109Au     5.797856   110Ag     5.807575   110Au     5.875886  
     111Au     5.928944   111Ag     6.103347   112Ag     6.156169  
     113Ag     6.252725   112Au     6.261048   113Au     6.266563  
     114Au     6.382283   114Ag     6.432453   115Ag    11.369417  
     116Ag    14.217649   115Au    14.222821   116Au    14.519980  

    Final Occupation by Irrep:
             Ag    Au 
    DOCC [     8,    8 ]
    NA   [     8,    8 ]
    NB   [     8,    8 ]

  @DF-RHF Final Energy:  -156.16769728011928

   => Energetics <=

    Nuclear Repulsion Energy =            116.1421878014078715
    One-Electron Energy =                -439.1374517275770586
    Two-Electron Energy =                 166.8275666460498883
    Total Energy =                       -156.1676972801192846

Computation Completed


Properties will be evaluated at   0.000000,   0.000000,   0.000000 [a0]

Properties computed using the SCF density matrix


 Multipole Moments:

 ------------------------------------------------------------------------------------
     Multipole            Electronic (a.u.)      Nuclear  (a.u.)        Total (a.u.)
 ------------------------------------------------------------------------------------

 L = 1.  Multiply by 2.5417464519 to convert [e a0] to [Debye]
 Dipole X            :          0.0000000           -0.0000000           -0.0000000
 Dipole Y            :          0.0000000            0.0000000            0.0000000
 Dipole Z            :          0.0000000            0.0000000            0.0000000
 Magnitude           :                                                    0.0000000

 ------------------------------------------------------------------------------------

*** tstop() called on flexpad at Mon Aug  3 19:33:59 2026
Module time:
	user time   =      10.15 seconds =       0.17 minutes
	system time =       0.39 seconds =       0.01 minutes
	total time  =          1 seconds =       0.02 minutes
Total time:
	user time   =    7004.11 seconds =     116.74 minutes
	system time =     307.49 seconds =       5.12 minutes
	total time  =       1204 seconds =      20.07 minutes

*** tstart() called on flexpad
*** at Mon Aug  3 19:33:59 2026


  //>>>>>>>>>>>>>>>>>>>>>>>>>>>>>>>>>>>//
  //               DFMP2               //
  //<<<<<<<<<<<<<<<<<<<<<<<<<<<<<<<<<<<//

   => Loading Basis Set <=

    Name: (CC-PVTZ AUX)
    Role: RIFIT
    Keyword: DF_BASIS_MP2
    atoms 1-4  entry C          line   209 file /home/peter/miniconda3/envs/research/share/psi4/basis/cc-pvtz-ri.gbs 
    atoms 5-12 entry H          line    19 file /home/peter/miniconda3/envs/research/share/psi4/basis/cc-pvtz-ri.gbs 

	 --------------------------------------------------------
	                          DF-MP2                         
	      2nd-Order Density-Fitted Moller-Plesset Theory     
	              RMP2 Wavefunction,   7 Threads             
	                                                         
	        Rob Parrish, Justin Turney, Andy Simmonett,      
	           Ed Hohenstein, and C. David Sherrill          
	 --------------------------------------------------------

   => Auxiliary Basis Set <=

  Basis Set: (CC-PVTZ AUX)
    Blend: CC-PVTZ-RI
    Number of shells: 172
    Number of basis functions: 564
    Number of Cartesian functions: 684
    Spherical Harmonics?: true
    Max angular momentum: 4

	 --------------------------------------------------------
	                 NBF =   232, NAUX =   564
	 --------------------------------------------------------
	   CLASS    FOCC     OCC    AOCC    AVIR     VIR    FVIR
	   PAIRS       4      16      12     216     216       0
	 --------------------------------------------------------

  DFHelper Memory: AOs need 0.227 GiB; user supplied 6.286 GiB. 
  Using in-core AOs.


         ------------------------------------------------------------
                                     CPHF                           
                                  Rob Parrish                       
         ------------------------------------------------------------

  ==> Geometry <==

    Molecular point group: ci
    Full point group: Ci

    Geometry (in Angstrom), charge = 0, multiplicity = 1:

       Center              X                  Y                   Z               Mass       
    ------------   -----------------  -----------------  -----------------  -----------------
         C            0.563726979880    -0.321610976143    -0.156358022192    12.000000000000
         C           -0.563726979880     0.321610976143     0.156358022192    12.000000000000
         C            1.905998184052     0.329788158970    -0.277671746741    12.000000000000
         C           -1.905998184052    -0.329788158970     0.277671746741    12.000000000000
         H            0.515761543294    -1.389904528030    -0.343081223225     1.007825032230
         H           -0.515761543294     1.389904528030     0.343081223225     1.007825032230
         H            2.618029912552    -0.103569310163     0.424829592879     1.007825032230
         H            1.834363367785     1.398087226025    -0.081221901809     1.007825032230
         H            2.317182980572     0.195264477167    -1.275654720164     1.007825032230
         H           -2.618029912552     0.103569310163    -0.424829592879     1.007825032230
         H           -1.834363367785    -1.398087226025     0.081221901809     1.007825032230
         H           -2.317182980572    -0.195264477167     1.275654720164     1.007825032230

  Nuclear repulsion =  116.142187801407871
  Reference energy  = -156.167697280119285

  ==> Basis Set <==

  Basis Set: CC-PVTZ
    Blend: CC-PVTZ
    Number of shells: 88
    Number of basis functions: 232
    Number of Cartesian functions: 260
    Spherical Harmonics?: true
    Max angular momentum: 3

  ==> CGRSolver (by Rob Parrish) <==

   Number of roots    =         1
   Preconditioning    =    JACOBI
   Convergence cutoff =     1E-06
   Maximum iterations =       100

  ==> CPHFRHamiltonian (by Rob Parrish) <== 

  ==> MemDFJK: Density-Fitted J/K Matrices <==

    J tasked:                   Yes
    K tasked:                   Yes
    wK tasked:                   No
    OpenMP threads:               7
    Memory [MiB]:              6437
    Algorithm:                 Core
    Schwarz Cutoff:           1E-12
    Mask sparsity (%):       5.2282
    Fitting Condition:        1E-10

   => Auxiliary Basis Set <=

  Basis Set: (CC-PVTZ AUX)
    Blend: CC-PVTZ-JKFIT
    Number of shells: 180
    Number of basis functions: 556
    Number of Cartesian functions: 664
    Spherical Harmonics?: true
    Max angular momentum: 4

  ==> CPHF Iterations <==

  => Iterations <=

             Iter  Converged  Remaining    Residual
  CGR           1          0          1   8.561E-02
  CGR           2          0          1   1.210E-02
  CGR           3          0          1   2.870E-03
  CGR           4          0          1   8.140E-04
  CGR           5          0          1   1.597E-04
  CGR           6          0          1   3.558E-05
  CGR           7          0          1   6.128E-06
  CGR           8          0          1   1.189E-06
  CGR           9          1          0   2.574E-07

    CGRSolver converged.

  ==> DFCorrGrad: Density-Fitted Correlated Gradients <==

    OpenMP threads:              7
    Integrals threads:           7
    Memory [GiB]:            6.286
    Schwarz Cutoff:          0E+00
    Fitting Condition:       1E-10

   => Auxiliary Basis Set <=

  Basis Set: (CC-PVTZ AUX)
    Blend: CC-PVTZ-JKFIT
    Number of shells: 180
    Number of basis functions: 556
    Number of Cartesian functions: 664
    Spherical Harmonics?: true
    Max angular momentum: 4

	-----------------------------------------------------------
	 ==================> DF-MP2 Energies <==================== 
	-----------------------------------------------------------
	 Reference Energy          =    -156.1676972801192846 [Eh]
	 Singles Energy            =      -0.0000000000000000 [Eh]
	 Same-Spin Energy          =      -0.1503045628408392 [Eh]
	 Opposite-Spin Energy      =      -0.5336087812827041 [Eh]
	 Correlation Energy        =      -0.6839133441235432 [Eh]
	 Total Energy              =    -156.8516106242428236 [Eh]
	-----------------------------------------------------------
	 ================> DF-SCS-MP2 Energies <================== 
	-----------------------------------------------------------
	 SCS Same-Spin Scale       =       0.3333333333333333 [-]
	 SCS Opposite-Spin Scale   =       1.2000000000000000 [-]
	 SCS Same-Spin Energy      =      -0.0501015209469464 [Eh]
	 SCS Opposite-Spin Energy  =      -0.6403305375392448 [Eh]
	 SCS Correlation Energy    =      -0.6904320584861913 [Eh]
	 SCS Total Energy          =    -156.8581293386054654 [Eh]
	-----------------------------------------------------------


  -Total Gradient:
     Atom            X                  Y                   Z
    ------   -----------------  -----------------  -----------------
       1       -0.001088392529    -0.000385625224     0.000550215453
       2        0.001088392529     0.000385625224    -0.000550215453
       3        0.001931444456    -0.000195786118    -0.001305315533
       4       -0.001931444456     0.000195786118     0.001305315533
       5        0.000239487513     0.000155925416    -0.000183595900
       6       -0.000239487513    -0.000155925416     0.000183595900
       7       -0.000241479544    -0.000163191257    -0.000045899325
       8       -0.000426286837     0.000042056338    -0.000274672932
       9       -0.000862485218     0.000334448933     0.001502014881
      10        0.000241479544     0.000163191257     0.000045899325
      11        0.000426286837    -0.000042056338     0.000274672932
      12        0.000862485218    -0.000334448933    -0.001502014881


*** tstop() called on flexpad at Mon Aug  3 19:34:06 2026
Module time:
	user time   =      40.11 seconds =       0.67 minutes
	system time =       1.77 seconds =       0.03 minutes
	total time  =          7 seconds =       0.12 minutes
Total time:
	user time   =    7044.23 seconds =     117.40 minutes
	system time =     309.26 seconds =       5.15 minutes
	total time  =       1211 seconds =      20.18 minutes

    			-----------------------------------------

    			 OPTKING 3.0: for geometry optimizations 

    			     By R.A. King, Bethel University     

    			        with contributions from          

    			    A.V. Copan, J. Cayton, A. Heide      

    			-----------------------------------------

    
	                            ===> Fragment 1 <== 

	 Z (Atomic Numbers)          Masses                          Geom                  
	       6.000000            12.000000          1.06528960 -0.60775666 -0.29547384   
	       6.000000            12.000000         -1.06528960  0.60775666  0.29547384   
	       6.000000            12.000000          3.60181456  0.62320930 -0.52472355   
	       6.000000            12.000000         -3.60181456 -0.62320930  0.52472355   
	       1.000000             1.007825          0.97464806 -2.62653890 -0.64832955   
	       1.000000             1.007825         -0.97464806  2.62653890  0.64832955   
	       1.000000             1.007825          4.94735952 -0.19571763  0.80281158   
	       1.000000             1.007825          3.46644438  2.64200196 -0.15348715   
	       1.000000             1.007825          4.37884122  0.36899638 -2.41063805   
	       1.000000             1.007825         -4.94735952  0.19571763 -0.80281158   
	       1.000000             1.007825         -3.46644438 -2.64200196  0.15348715   
	       1.000000             1.007825         -4.37884122 -0.36899638  2.41063805   

	 - Coordinate -           - BOHR/RAD -       - ANG/DEG -
	 R(1,2)           =         2.523105           1.335170
	 R(1,3)           =         2.828744           1.496907
	 R(1,5)           =         2.051391           1.085549
	 R(2,4)           =         2.828744           1.496907
	 R(2,6)           =         2.051391           1.085549
	 R(3,7)           =         2.059971           1.090090
	 R(3,8)           =         2.057101           1.088571
	 R(3,9)           =         2.055497           1.087722
	 R(4,10)          =         2.059971           1.090090
	 R(4,11)          =         2.057101           1.088571
	 R(4,12)          =         2.055497           1.087722
	 B(1,2,4)         =         2.173092         124.508977
	 B(1,2,6)         =         2.068115         118.494242
	 B(1,3,7)         =         1.939585         111.130055
	 B(1,3,8)         =         1.932027         110.696999
	 B(1,3,9)         =         1.938540         111.070145
	 B(2,1,3)         =         2.173092         124.508977
	 B(2,1,5)         =         2.068115         118.494242
	 B(2,4,10)        =         1.939585         111.130055
	 B(2,4,11)        =         1.932027         110.696999
	 B(2,4,12)        =         1.938540         111.070145
	 B(3,1,5)         =         2.041964         116.995918
	 B(4,2,6)         =         2.041964         116.995918
	 B(7,3,8)         =         1.893175         108.470923
	 B(7,3,9)         =         1.870450         107.168916
	 B(8,3,9)         =         1.887909         108.169240
	 B(10,4,11)       =         1.893175         108.470923
	 B(10,4,12)       =         1.870450         107.168916
	 B(11,4,12)       =         1.887909         108.169240
	 D(1,2,4,10)      =         4.183369         239.689366
	 D(1,2,4,11)      =         0.005125           0.293644
	 D(1,2,4,12)      =         2.102732         120.477685
	 D(2,1,3,7)       =         2.099817         120.310634
	 D(2,1,3,8)       =        -0.005125          -0.293644
	 D(2,1,3,9)       =        -2.102732        -120.477685
	 D(3,1,2,4)       =         3.141593         180.000000
	 D(3,1,2,6)       =        -0.006085          -0.348627
	 D(4,2,1,5)       =         0.006085           0.348627
	 D(5,1,2,6)       =         3.141593         180.000000
	 D(5,1,3,7)       =        -1.047778         -60.033230
	 D(5,1,3,8)       =         3.130466         179.362492
	 D(5,1,3,9)       =         1.032859          59.178452
	 D(6,2,4,10)      =         1.047778          60.033230
	 D(6,2,4,11)      =         3.152719         180.637508
	 D(6,2,4,12)      =        -1.032859         -59.178452


	        --- Internal Coordinate Step in ANG or DEG, aJ/ANG or AJ/DEG ---
	-------------------------------------------------------------------------------
	           Coordinate      Previous         Force          Change          New 
	           ----------      --------        ------          ------        ------
	               R(1,2)       1.33517        0.00274        0.00035       1.33552
	               R(1,3)       1.49691       -0.00311       -0.00059       1.49632
	               R(1,5)       1.08555        0.00109        0.00020       1.08575
	               R(2,4)       1.49691       -0.00311       -0.00059       1.49632
	               R(2,6)       1.08555        0.00109        0.00020       1.08575
	               R(3,7)       1.09009        0.00101        0.00014       1.09023
	               R(3,8)       1.08857       -0.00016       -0.00007       1.08850
	               R(3,9)       1.08772        0.01438        0.00158       1.08930
	              R(4,10)       1.09009        0.00101        0.00014       1.09023
	              R(4,11)       1.08857       -0.00016       -0.00007       1.08850
	              R(4,12)       1.08772        0.01438        0.00158       1.08930
	             B(1,2,4)     124.50898        0.00001        0.03893     124.54791
	             B(1,2,6)     118.49424       -0.00003       -0.13205     118.36219
	             B(1,3,7)     111.13006        0.00001        0.01374     111.14379
	             B(1,3,8)     110.69700        0.00004        0.18292     110.87992
	             B(1,3,9)     111.07015        0.00001        0.04607     111.11621
	             B(2,1,3)     124.50898        0.00001        0.03893     124.54791
	             B(2,1,5)     118.49424       -0.00003       -0.13205     118.36219
	            B(2,4,10)     111.13006        0.00001        0.01374     111.14379
	            B(2,4,11)     110.69700        0.00004        0.18292     110.87992
	            B(2,4,12)     111.07015        0.00001        0.04607     111.11621
	             B(3,1,5)     116.99592        0.00002        0.09391     117.08983
	             B(4,2,6)     116.99592        0.00002        0.09391     117.08983
	             B(7,3,8)     108.47092       -0.00004       -0.17680     108.29412
	             B(7,3,9)     107.16892       -0.00002       -0.11857     107.05035
	             B(8,3,9)     108.16924       -0.00000        0.03806     108.20730
	           B(10,4,11)     108.47092       -0.00004       -0.17680     108.29412
	           B(10,4,12)     107.16892       -0.00002       -0.11857     107.05035
	           B(11,4,12)     108.16924       -0.00000        0.03806     108.20730
	          D(1,2,4,10)     239.68937        0.00000       -0.42440     239.26497
	          D(1,2,4,11)       0.29364       -0.00001       -0.51552      -0.22187
	          D(1,2,4,12)     120.47768        0.00001       -0.31462     120.16307
	           D(2,1,3,7)     120.31063       -0.00000        0.42440     120.73503
	           D(2,1,3,8)      -0.29364        0.00001        0.51552       0.22187
	           D(2,1,3,9)    -120.47768       -0.00001        0.31462    -120.16307
	           D(3,1,2,4)     180.00000       -0.00000        0.00000     180.00000
	           D(3,1,2,6)      -0.34863        0.00001        0.25011      -0.09851
	           D(4,2,1,5)       0.34863       -0.00001       -0.25011       0.09851
	           D(5,1,2,6)     180.00000        0.00000        0.00000     180.00000
	           D(5,1,3,7)     -60.03323        0.00000        0.67089     -59.36234
	           D(5,1,3,8)     179.36249        0.00002        0.76201     180.12450
	           D(5,1,3,9)      59.17845       -0.00001        0.56111      59.73957
	          D(6,2,4,10)      60.03323       -0.00000       -0.67089      59.36234
	          D(6,2,4,11)     180.63751       -0.00002       -0.76201     179.87550
	          D(6,2,4,12)     -59.17845        0.00001       -0.56111     -59.73957
	-------------------------------------------------------------------------------

	                                 ==> Convergence Check <==                                  
    
	Measures of convergence in internal coordinates in au.
    
	Criteria marked as inactive (o), active & met (*), and active & unmet ( ).

	----------------------------------------------------------------------------------------------
	   Step    Total Energy     Delta E     Max Force     RMS Force      Max Disp      RMS Disp   
	----------------------------------------------------------------------------------------------
	  Convergence Criteria     1.00e-06 *    3.00e-04 *             o    1.20e-03 *             o
	----------------------------------------------------------------------------------------------
	    10    -156.85161062   -1.23e-04      1.75e-03      4.29e-04 o    1.33e-02      5.33e-03 o  ~
	----------------------------------------------------------------------------------------------

Next Geometry in Ang 
	Fragment 1 (Ang)

	    C   0.5644376519  -0.3213114260  -0.1551593826
	    C  -0.5644376519   0.3213114260   0.1551593826
	    C   1.9057458316   0.3305219616  -0.2775459914
	    C  -1.9057458316  -0.3305219616   0.2775459914
	    H   0.5163518831  -1.3910594910  -0.3345719819
	    H  -0.5163518831   1.3910594910   0.3345719819
	    H   2.6200123617  -0.1052832768   0.4213853171
	    H   1.8381647279   1.3980276046  -0.0758222725
	    H   2.3164330517   0.1984819159  -1.2777888604
	    H  -2.6200123617   0.1052832768  -0.4213853171
	    H  -1.8381647279  -1.3980276046   0.0758222725
	    H  -2.3164330517  -0.1984819159   1.2777888604


    Structure for next step:
    Molecular point group: ci
    Full point group: Ci

    Geometry (in Angstrom), charge = 0, multiplicity = 1:

    C            0.564437651929    -0.321311426002    -0.155159382626
    C           -0.564437651929     0.321311426002     0.155159382626
    C            1.905745831593     0.330521961634    -0.277545991434
    C           -1.905745831593    -0.330521961634     0.277545991434
    H            0.516351883094    -1.391059490990    -0.334571981851
    H           -0.516351883094     1.391059490990     0.334571981851
    H            2.620012361688    -0.105283276776     0.421385317101
    H            1.838164727944     1.398027604614    -0.075822272536
    H            2.316433051654     0.198481915911    -1.277788860404
    H           -2.620012361688     0.105283276776    -0.421385317101
    H           -1.838164727944    -1.398027604614     0.075822272536
    H           -2.316433051654    -0.198481915911     1.277788860404


Scratch directory: /tmp/
gradient() will perform analytic gradient computation.
   => Libint2 <=

    Primary   basis highest AM E, G, H:  6, 6, 3
    Auxiliary basis highest AM E, G, H:  7, 7, 4
    Onebody   basis highest AM E, G, H:  -, -, -
    Solid Harmonics ordering:            Gaussian

*** tstart() called on flexpad
*** at Mon Aug  3 19:34:06 2026

   => Loading Basis Set <=

    Name: CC-PVTZ
    Role: ORBITAL
    Keyword: BASIS
    atoms 1-4  entry C          line   186 file /home/peter/miniconda3/envs/research/share/psi4/basis/cc-pvtz.gbs 
    atoms 5-12 entry H          line    23 file /home/peter/miniconda3/envs/research/share/psi4/basis/cc-pvtz.gbs 


         ---------------------------------------------------------
                                   SCF
               by Justin Turney, Rob Parrish, Andy Simmonett
                          and Daniel G. A. Smith
                              RHF Reference
                        7 Threads,   8583 MiB Core
         ---------------------------------------------------------

  ==> Geometry <==

    Molecular point group: ci
    Full point group: Ci

    Geometry (in Angstrom), charge = 0, multiplicity = 1:

       Center              X                  Y                   Z               Mass       
    ------------   -----------------  -----------------  -----------------  -----------------
         C            0.564437651929    -0.321311426002    -0.155159382626    12.000000000000
         C           -0.564437651929     0.321311426002     0.155159382626    12.000000000000
         C            1.905745831593     0.330521961634    -0.277545991434    12.000000000000
         C           -1.905745831593    -0.330521961634     0.277545991434    12.000000000000
         H            0.516351883094    -1.391059490990    -0.334571981851     1.007825032230
         H           -0.516351883094     1.391059490990     0.334571981851     1.007825032230
         H            2.620012361688    -0.105283276776     0.421385317101     1.007825032230
         H            1.838164727944     1.398027604614    -0.075822272536     1.007825032230
         H            2.316433051654     0.198481915911    -1.277788860404     1.007825032230
         H           -2.620012361688     0.105283276776    -0.421385317101     1.007825032230
         H           -1.838164727944    -1.398027604614     0.075822272536     1.007825032230
         H           -2.316433051654    -0.198481915911     1.277788860404     1.007825032230

  Running in ci symmetry.

  Rotational constants: A =      1.16058  B =      0.12512  C =      0.11783 [cm^-1]
  Rotational constants: A =  34793.37128  B =   3750.89572  C =   3532.40376 [MHz]
  Nuclear repulsion =  116.127049058790377

  Charge       = 0
  Multiplicity = 1
  Electrons    = 32
  Nalpha       = 16
  Nbeta        = 16

  ==> Algorithm <==

  SCF Algorithm Type is DF.
  DIIS enabled.
  MOM disabled.
  Fractional occupation disabled.
  Guess Type is READ.
  Energy threshold   = 1.00e-09
  Density threshold  = 1.00e-09
  Integral threshold = 1.00e-12

  ==> Primary Basis <==

  Basis Set: CC-PVTZ
    Blend: CC-PVTZ
    Number of shells: 88
    Number of basis functions: 232
    Number of Cartesian functions: 260
    Spherical Harmonics?: true
    Max angular momentum: 3

   => Loading Basis Set <=

    Name: (CC-PVTZ AUX)
    Role: JKFIT
    Keyword: DF_BASIS_SCF
    atoms 1-4  entry C          line   125 file /home/peter/miniconda3/envs/research/share/psi4/basis/cc-pvtz-jkfit.gbs 
    atoms 5-12 entry H          line    51 file /home/peter/miniconda3/envs/research/share/psi4/basis/cc-pvtz-jkfit.gbs 

   => Loading Basis Set <=

    Name: CC-PVTZ
    Role: ORBITAL
    Keyword: BASIS
    atoms 1-4  entry C          line   186 file /home/peter/miniconda3/envs/research/share/psi4/basis/cc-pvtz.gbs 
    atoms 5-12 entry H          line    23 file /home/peter/miniconda3/envs/research/share/psi4/basis/cc-pvtz.gbs 

  Reading orbitals from file /tmp/psi4.default.340379.180.npy, no projection.

  ==> Integral Setup <==

  DFHelper Memory: AOs need 0.227 GiB; user supplied 6.286 GiB. 
  Using in-core AOs.

  ==> MemDFJK: Density-Fitted J/K Matrices <==

    J tasked:                   Yes
    K tasked:                   Yes
    wK tasked:                   No
    OpenMP threads:               7
    Memory [MiB]:              6437
    Algorithm:                 Core
    Schwarz Cutoff:           1E-12
    Mask sparsity (%):       5.2282
    Fitting Condition:        1E-10

   => Auxiliary Basis Set <=

  Basis Set: (CC-PVTZ AUX)
    Blend: CC-PVTZ-JKFIT
    Number of shells: 180
    Number of basis functions: 556
    Number of Cartesian functions: 664
    Spherical Harmonics?: true
    Max angular momentum: 4

  Minimum eigenvalue in the overlap matrix is 5.7239765732E-04.
  Reciprocal condition number of the overlap matrix is 7.6763661979E-05.
    Using symmetric orthogonalization.

  ==> Pre-Iterations <==

  SCF Guess: Orbitals guess was supplied from a previous computation.

   -------------------------------------------------------
    Irrep   Nso     Nmo     Nalpha   Nbeta   Ndocc  Nsocc
   -------------------------------------------------------
     Ag       116     116       8       8       8       0
     Au       116     116       8       8       8       0
   -------------------------------------------------------
    Total     232     232      16      16      16       0
   -------------------------------------------------------

  ==> Iterations <==

                           Total Energy        Delta E     RMS |[F,P]|

   @DF-RHF iter   0:  -156.16643852734683   -1.56166e+02   4.91577e-05 
   @DF-RHF iter   1:  -156.16767353537119   -1.23501e-03   8.85047e-06 DIIS
   @DF-RHF iter   2:  -156.16767592494040   -2.38957e-06   3.31373e-06 DIIS
   @DF-RHF iter   3:  -156.16767643598760   -5.11047e-07   8.48879e-07 DIIS
   @DF-RHF iter   4:  -156.16767647390230   -3.79147e-08   2.60867e-07 DIIS
   @DF-RHF iter   5:  -156.16767647742168   -3.51938e-09   7.84242e-08 DIIS
   @DF-RHF iter   6:  -156.16767647765320   -2.31523e-10   2.13569e-08 DIIS
   @DF-RHF iter   7:  -156.16767647767273   -1.95257e-11   4.46850e-09 DIIS
   @DF-RHF iter   8:  -156.16767647767392   -1.19371e-12   1.24361e-09 DIIS
   @DF-RHF iter   9:  -156.16767647767404   -1.13687e-13   4.17893e-10 DIIS
  Energy and wave function converged.


  ==> Post-Iterations <==

    Orbital Energies [Eh]
    ---------------------

    Doubly Occupied:                                                      

       1Ag   -11.221236     1Au   -11.219546     2Ag   -11.215074  
       2Au   -11.215061     3Ag    -1.076517     3Au    -0.983928  
       4Ag    -0.877203     4Au    -0.744206     5Au    -0.606142  
       5Ag    -0.604689     6Au    -0.571369     6Ag    -0.554626  
       7Au    -0.521489     7Ag    -0.507568     8Ag    -0.481620  
       8Au    -0.340908  

    Virtual:                                                              

       9Ag     0.148003     9Au     0.159846    10Au     0.174039  
      10Ag     0.176180    11Ag     0.216034    12Ag     0.220260  
      11Au     0.224233    13Ag     0.240244    12Au     0.252683  
      13Au     0.309381    14Ag     0.339280    15Ag     0.365070  
      16Ag     0.395841    14Au     0.408587    15Au     0.421765  
      17Ag     0.455468    16Au     0.465014    17Au     0.516574  
      18Au     0.523733    18Ag     0.533103    19Au     0.584565  
      19Ag     0.609100    20Ag     0.621917    20Au     0.626252  
      21Au     0.629992    21Ag     0.639185    22Au     0.647931  
      22Ag     0.651117    23Au     0.669724    23Ag     0.674945  
      24Ag     0.738240    24Au     0.748798    25Ag     0.760190  
      25Au     0.788248    26Au     0.840956    26Ag     0.849623  
      27Au     0.867697    28Au     0.870079    27Ag     0.925101  
      29Au     1.004970    28Ag     1.007410    29Ag     1.008675  
      30Au     1.075559    30Ag     1.077292    31Ag     1.085282  
      31Au     1.177211    32Au     1.194498    32Ag     1.202220  
      33Ag     1.209269    34Ag     1.222602    33Au     1.232021  
      35Ag     1.249848    34Au     1.261084    35Au     1.299755  
      36Ag     1.304139    36Au     1.333936    37Ag     1.368875  
      37Au     1.373937    38Ag     1.385986    38Au     1.398443  
      39Au     1.467687    39Ag     1.469960    40Au     1.501563  
      40Ag     1.516052    41Au     1.535613    41Ag     1.551638  
      42Ag     1.569288    43Ag     1.578639    42Au     1.610850  
      43Au     1.636157    44Ag     1.679445    45Ag     1.694996  
      44Au     1.702964    46Ag     1.739728    45Au     1.751280  
      46Au     1.767871    47Au     1.808971    47Ag     1.940949  
      48Au     2.004381    48Ag     2.175025    49Au     2.368340  
      49Ag     2.429039    50Au     2.473263    50Ag     2.514620  
      51Ag     2.544512    51Au     2.576498    52Au     2.645622  
      53Au     2.661862    52Ag     2.680460    53Ag     2.695151  
      54Ag     2.756739    54Au     2.801388    55Au     2.831699  
      55Ag     2.837349    56Ag     2.841758    56Au     2.993314  
      57Au     2.995411    57Ag     2.998079    58Au     3.017777  
      59Au     3.024975    60Au     3.090826    58Ag     3.100837  
      59Ag     3.114539    61Au     3.143041    60Ag     3.152825  
      61Ag     3.158135    62Au     3.210360    62Ag     3.224583  
      63Ag     3.246356    64Ag     3.257389    65Ag     3.281542  
      63Au     3.292567    64Au     3.293106    66Ag     3.314561  
      65Au     3.352428    66Au     3.358918    67Au     3.363172  
      68Au     3.389013    67Ag     3.390710    68Ag     3.404215  
      69Ag     3.448665    69Au     3.470774    70Ag     3.523489  
      71Ag     3.577800    70Au     3.578405    71Au     3.592612  
      72Au     3.596582    72Ag     3.607186    73Ag     3.645361  
      73Au     3.656126    74Au     3.698116    75Au     3.723168  
      74Ag     3.746521    75Ag     3.761641    76Au     3.770763  
      77Au     3.803480    76Ag     3.809901    78Au     3.810406  
      77Ag     3.824495    79Au     3.890064    78Ag     3.902289  
      79Ag     3.951218    80Ag     4.013496    80Au     4.022107  
      81Ag     4.030143    81Au     4.046007    82Ag     4.091352  
      82Au     4.114862    83Ag     4.135791    83Au     4.142341  
      84Au     4.164219    84Ag     4.213931    85Au     4.219479  
      85Ag     4.239809    86Au     4.259858    86Ag     4.274945  
      87Ag     4.298077    87Au     4.299098    88Ag     4.367968  
      89Ag     4.394243    88Au     4.398904    89Au     4.413289  
      90Ag     4.426857    90Au     4.432716    91Au     4.466230  
      91Ag     4.485800    92Au     4.529980    92Ag     4.559383  
      93Ag     4.595206    93Au     4.612471    94Au     4.664710  
      94Ag     4.693876    95Ag     4.703342    95Au     4.720253  
      96Au     4.781738    97Au     4.783107    96Ag     4.849846  
      98Au     4.888721    97Ag     4.933152    98Ag     5.029322  
      99Ag     5.118418    99Au     5.124473   100Ag     5.161496  
     100Au     5.199459   101Au     5.211764   101Ag     5.217968  
     102Ag     5.278745   103Ag     5.305058   102Au     5.313101  
     103Au     5.361461   104Ag     5.480484   104Au     5.496676  
     105Ag     5.555558   105Au     5.570207   106Au     5.576722  
     106Ag     5.590632   107Ag     5.665550   107Au     5.671829  
     108Ag     5.696046   109Ag     5.725063   108Au     5.742212  
     109Au     5.796086   110Ag     5.806609   110Au     5.878260  
     111Au     5.928091   111Ag     6.103309   112Ag     6.156124  
     113Ag     6.252881   112Au     6.261312   113Au     6.266432  
     114Au     6.381527   114Ag     6.431357   115Ag    11.371927  
     115Au    14.208974   116Ag    14.209710   116Au    14.518007  

    Final Occupation by Irrep:
             Ag    Au 
    DOCC [     8,    8 ]
    NA   [     8,    8 ]
    NB   [     8,    8 ]

  @DF-RHF Final Energy:  -156.16767647767404

   => Energetics <=

    Nuclear Repulsion Energy =            116.1270490587903765
    One-Electron Energy =                -439.1070867486877205
    Two-Electron Energy =                 166.8123612122233226
    Total Energy =                       -156.1676764776740356

Computation Completed


Properties will be evaluated at   0.000000,   0.000000,   0.000000 [a0]

Properties computed using the SCF density matrix


 Multipole Moments:

 ------------------------------------------------------------------------------------
     Multipole            Electronic (a.u.)      Nuclear  (a.u.)        Total (a.u.)
 ------------------------------------------------------------------------------------

 L = 1.  Multiply by 2.5417464519 to convert [e a0] to [Debye]
 Dipole X            :          0.0000000            0.0000000            0.0000000
 Dipole Y            :          0.0000000            0.0000000            0.0000000
 Dipole Z            :          0.0000000            0.0000000            0.0000000
 Magnitude           :                                                    0.0000000

 ------------------------------------------------------------------------------------

*** tstop() called on flexpad at Mon Aug  3 19:34:07 2026
Module time:
	user time   =       9.27 seconds =       0.15 minutes
	system time =       0.33 seconds =       0.01 minutes
	total time  =          1 seconds =       0.02 minutes
Total time:
	user time   =    7054.88 seconds =     117.58 minutes
	system time =     309.61 seconds =       5.16 minutes
	total time  =       1212 seconds =      20.20 minutes

*** tstart() called on flexpad
*** at Mon Aug  3 19:34:07 2026


  //>>>>>>>>>>>>>>>>>>>>>>>>>>>>>>>>>>>//
  //               DFMP2               //
  //<<<<<<<<<<<<<<<<<<<<<<<<<<<<<<<<<<<//

   => Loading Basis Set <=

    Name: (CC-PVTZ AUX)
    Role: RIFIT
    Keyword: DF_BASIS_MP2
    atoms 1-4  entry C          line   209 file /home/peter/miniconda3/envs/research/share/psi4/basis/cc-pvtz-ri.gbs 
    atoms 5-12 entry H          line    19 file /home/peter/miniconda3/envs/research/share/psi4/basis/cc-pvtz-ri.gbs 

	 --------------------------------------------------------
	                          DF-MP2                         
	      2nd-Order Density-Fitted Moller-Plesset Theory     
	              RMP2 Wavefunction,   7 Threads             
	                                                         
	        Rob Parrish, Justin Turney, Andy Simmonett,      
	           Ed Hohenstein, and C. David Sherrill          
	 --------------------------------------------------------

   => Auxiliary Basis Set <=

  Basis Set: (CC-PVTZ AUX)
    Blend: CC-PVTZ-RI
    Number of shells: 172
    Number of basis functions: 564
    Number of Cartesian functions: 684
    Spherical Harmonics?: true
    Max angular momentum: 4

	 --------------------------------------------------------
	                 NBF =   232, NAUX =   564
	 --------------------------------------------------------
	   CLASS    FOCC     OCC    AOCC    AVIR     VIR    FVIR
	   PAIRS       4      16      12     216     216       0
	 --------------------------------------------------------

  DFHelper Memory: AOs need 0.227 GiB; user supplied 6.286 GiB. 
  Using in-core AOs.


         ------------------------------------------------------------
                                     CPHF                           
                                  Rob Parrish                       
         ------------------------------------------------------------

  ==> Geometry <==

    Molecular point group: ci
    Full point group: Ci

    Geometry (in Angstrom), charge = 0, multiplicity = 1:

       Center              X                  Y                   Z               Mass       
    ------------   -----------------  -----------------  -----------------  -----------------
         C            0.564437651929    -0.321311426002    -0.155159382626    12.000000000000
         C           -0.564437651929     0.321311426002     0.155159382626    12.000000000000
         C            1.905745831593     0.330521961634    -0.277545991434    12.000000000000
         C           -1.905745831593    -0.330521961634     0.277545991434    12.000000000000
         H            0.516351883094    -1.391059490990    -0.334571981851     1.007825032230
         H           -0.516351883094     1.391059490990     0.334571981851     1.007825032230
         H            2.620012361688    -0.105283276776     0.421385317101     1.007825032230
         H            1.838164727944     1.398027604614    -0.075822272536     1.007825032230
         H            2.316433051654     0.198481915911    -1.277788860404     1.007825032230
         H           -2.620012361688     0.105283276776    -0.421385317101     1.007825032230
         H           -1.838164727944    -1.398027604614     0.075822272536     1.007825032230
         H           -2.316433051654    -0.198481915911     1.277788860404     1.007825032230

  Nuclear repulsion =  116.127049058790377
  Reference energy  = -156.167676477674036

  ==> Basis Set <==

  Basis Set: CC-PVTZ
    Blend: CC-PVTZ
    Number of shells: 88
    Number of basis functions: 232
    Number of Cartesian functions: 260
    Spherical Harmonics?: true
    Max angular momentum: 3

  ==> CGRSolver (by Rob Parrish) <==

   Number of roots    =         1
   Preconditioning    =    JACOBI
   Convergence cutoff =     1E-06
   Maximum iterations =       100

  ==> CPHFRHamiltonian (by Rob Parrish) <== 

  ==> MemDFJK: Density-Fitted J/K Matrices <==

    J tasked:                   Yes
    K tasked:                   Yes
    wK tasked:                   No
    OpenMP threads:               7
    Memory [MiB]:              6437
    Algorithm:                 Core
    Schwarz Cutoff:           1E-12
    Mask sparsity (%):       5.2282
    Fitting Condition:        1E-10

   => Auxiliary Basis Set <=

  Basis Set: (CC-PVTZ AUX)
    Blend: CC-PVTZ-JKFIT
    Number of shells: 180
    Number of basis functions: 556
    Number of Cartesian functions: 664
    Spherical Harmonics?: true
    Max angular momentum: 4

  ==> CPHF Iterations <==

  => Iterations <=

             Iter  Converged  Remaining    Residual
  CGR           1          0          1   8.567E-02
  CGR           2          0          1   1.210E-02
  CGR           3          0          1   2.863E-03
  CGR           4          0          1   8.126E-04
  CGR           5          0          1   1.592E-04
  CGR           6          0          1   3.531E-05
  CGR           7          0          1   5.975E-06
  CGR           8          0          1   1.072E-06
  CGR           9          1          0   1.666E-07

    CGRSolver converged.

  ==> DFCorrGrad: Density-Fitted Correlated Gradients <==

    OpenMP threads:              7
    Integrals threads:           7
    Memory [GiB]:            6.286
    Schwarz Cutoff:          0E+00
    Fitting Condition:       1E-10

   => Auxiliary Basis Set <=

  Basis Set: (CC-PVTZ AUX)
    Blend: CC-PVTZ-JKFIT
    Number of shells: 180
    Number of basis functions: 556
    Number of Cartesian functions: 664
    Spherical Harmonics?: true
    Max angular momentum: 4

	-----------------------------------------------------------
	 ==================> DF-MP2 Energies <==================== 
	-----------------------------------------------------------
	 Reference Energy          =    -156.1676764776740356 [Eh]
	 Singles Energy            =      -0.0000000000000000 [Eh]
	 Same-Spin Energy          =      -0.1503147185471211 [Eh]
	 Opposite-Spin Energy      =      -0.5336368818326734 [Eh]
	 Correlation Energy        =      -0.6839516003797945 [Eh]
	 Total Energy              =    -156.8516280780538352 [Eh]
	-----------------------------------------------------------
	 ================> DF-SCS-MP2 Energies <================== 
	-----------------------------------------------------------
	 SCS Same-Spin Scale       =       0.3333333333333333 [-]
	 SCS Opposite-Spin Scale   =       1.2000000000000000 [-]
	 SCS Same-Spin Energy      =      -0.0501049061823737 [Eh]
	 SCS Opposite-Spin Energy  =      -0.6403642581992081 [Eh]
	 SCS Correlation Energy    =      -0.6904691643815818 [Eh]
	 SCS Total Energy          =    -156.8581456420556037 [Eh]
	-----------------------------------------------------------


  -Total Gradient:
     Atom            X                  Y                   Z
    ------   -----------------  -----------------  -----------------
       1       -0.000353012230    -0.000163921784     0.000133349291
       2        0.000353012230     0.000163921784    -0.000133349291
       3        0.000866704003     0.000057581473    -0.000544915775
       4       -0.000866704003    -0.000057581473     0.000544915775
       5        0.000004035830     0.000011486356    -0.000015368888
       6       -0.000004035830    -0.000011486356     0.000015368888
       7       -0.000125232208    -0.000036668229    -0.000041309099
       8       -0.000095196599    -0.000015599762    -0.000073659582
       9       -0.000381000583     0.000129662453     0.000634133759
      10        0.000125232208     0.000036668229     0.000041309099
      11        0.000095196599     0.000015599762     0.000073659582
      12        0.000381000583    -0.000129662453    -0.000634133759


*** tstop() called on flexpad at Mon Aug  3 19:34:14 2026
Module time:
	user time   =      39.66 seconds =       0.66 minutes
	system time =       1.77 seconds =       0.03 minutes
	total time  =          7 seconds =       0.12 minutes
Total time:
	user time   =    7094.54 seconds =     118.24 minutes
	system time =     311.38 seconds =       5.19 minutes
	total time  =       1219 seconds =      20.32 minutes

    			-----------------------------------------

    			 OPTKING 3.0: for geometry optimizations 

    			     By R.A. King, Bethel University     

    			        with contributions from          

    			    A.V. Copan, J. Cayton, A. Heide      

    			-----------------------------------------

    
	                            ===> Fragment 1 <== 

	 Z (Atomic Numbers)          Masses                          Geom                  
	       6.000000            12.000000          1.06663258 -0.60719060 -0.29320874   
	       6.000000            12.000000         -1.06663258  0.60719060  0.29320874   
	       6.000000            12.000000          3.60133769  0.62459599 -0.52448591   
	       6.000000            12.000000         -3.60133769 -0.62459599  0.52448591   
	       1.000000             1.007825          0.97576364 -2.62872146 -0.63224941   
	       1.000000             1.007825         -0.97576364  2.62872146  0.63224941   
	       1.000000             1.007825          4.95110581 -0.19895656  0.79630284   
	       1.000000             1.007825          3.47362791  2.64188929 -0.14328333   
	       1.000000             1.007825          4.37742406  0.37507646 -2.41467099   
	       1.000000             1.007825         -4.95110581  0.19895656 -0.79630284   
	       1.000000             1.007825         -3.47362791 -2.64188929  0.14328333   
	       1.000000             1.007825         -4.37742406 -0.37507646  2.41467099   

	 - Coordinate -           - BOHR/RAD -       - ANG/DEG -
	 R(1,2)           =         2.523772           1.335523
	 R(1,3)           =         2.827635           1.496320
	 R(1,5)           =         2.051778           1.085754
	 R(2,4)           =         2.827635           1.496320
	 R(2,6)           =         2.051778           1.085754
	 R(3,7)           =         2.060242           1.090233
	 R(3,8)           =         2.056963           1.088498
	 R(3,9)           =         2.058487           1.089305
	 R(4,10)          =         2.060242           1.090233
	 R(4,11)          =         2.056963           1.088498
	 R(4,12)          =         2.058487           1.089305
	 B(1,2,4)         =         2.173771         124.547909
	 B(1,2,6)         =         2.065810         118.362193
	 B(1,3,7)         =         1.939825         111.143794
	 B(1,3,8)         =         1.935220         110.879916
	 B(1,3,9)         =         1.939344         111.116214
	 B(2,1,3)         =         2.173771         124.547909
	 B(2,1,5)         =         2.065810         118.362193
	 B(2,4,10)        =         1.939825         111.143794
	 B(2,4,11)        =         1.935220         110.879916
	 B(2,4,12)        =         1.939344         111.116214
	 B(3,1,5)         =         2.043603         117.089830
	 B(4,2,6)         =         2.043603         117.089830
	 B(7,3,8)         =         1.890089         108.294124
	 B(7,3,9)         =         1.868381         107.050346
	 B(8,3,9)         =         1.888574         108.207303
	 B(10,4,11)       =         1.890089         108.294124
	 B(10,4,12)       =         1.868381         107.050346
	 B(11,4,12)       =         1.888574         108.207303
	 D(1,2,4,10)      =         4.175962         239.264970
	 D(1,2,4,11)      =        -0.003872          -0.221874
	 D(1,2,4,12)      =         2.097241         120.163066
	 D(2,1,3,7)       =         2.107224         120.735030
	 D(2,1,3,8)       =         0.003872           0.221874
	 D(2,1,3,9)       =        -2.097241        -120.163066
	 D(3,1,2,4)       =         3.141593         180.000000
	 D(3,1,2,6)       =        -0.001719          -0.098512
	 D(4,2,1,5)       =         0.001719           0.098512
	 D(5,1,2,6)       =         3.141593         180.000000
	 D(5,1,3,7)       =        -1.036068         -59.362339
	 D(5,1,3,8)       =         3.143766         180.124505
	 D(5,1,3,9)       =         1.042652          59.739565
	 D(6,2,4,10)      =         1.036068          59.362339
	 D(6,2,4,11)      =         3.139420         179.875495
	 D(6,2,4,12)      =        -1.042652         -59.739565


	        --- Internal Coordinate Step in ANG or DEG, aJ/ANG or AJ/DEG ---
	-------------------------------------------------------------------------------
	           Coordinate      Previous         Force          Change          New 
	           ----------      --------        ------          ------        ------
	               R(1,2)       1.33552        0.00069        0.00015       1.33567
	               R(1,3)       1.49632       -0.00246       -0.00064       1.49568
	               R(1,5)       1.08575        0.00007        0.00004       1.08579
	               R(2,4)       1.49632       -0.00246       -0.00064       1.49568
	               R(2,6)       1.08575        0.00007        0.00004       1.08579
	               R(3,7)       1.09023        0.00077        0.00023       1.09046
	               R(3,8)       1.08850        0.00019        0.00002       1.08851
	               R(3,9)       1.08930        0.00611        0.00104       1.09035
	              R(4,10)       1.09023        0.00077        0.00023       1.09046
	              R(4,11)       1.08850        0.00019        0.00002       1.08851
	              R(4,12)       1.08930        0.00611        0.00104       1.09035
	             B(1,2,4)     124.54791        0.00000        0.02246     124.57037
	             B(1,2,6)     118.36219       -0.00000       -0.02811     118.33409
	             B(1,3,7)     111.14379        0.00001        0.01493     111.15872
	             B(1,3,8)     110.87992        0.00001        0.05990     110.93981
	             B(1,3,9)     111.11621        0.00001        0.04742     111.16363
	             B(2,1,3)     124.54791        0.00000        0.02246     124.57037
	             B(2,1,5)     118.36219       -0.00000       -0.02811     118.33409
	            B(2,4,10)     111.14379        0.00001        0.01493     111.15872
	            B(2,4,11)     110.87992        0.00001        0.05990     110.93981
	            B(2,4,12)     111.11621        0.00001        0.04742     111.16363
	             B(3,1,5)     117.08983       -0.00000        0.00571     117.09554
	             B(4,2,6)     117.08983       -0.00000        0.00571     117.09554
	             B(7,3,8)     108.29412       -0.00001       -0.07067     108.22346
	             B(7,3,9)     107.05035       -0.00001       -0.08911     106.96124
	             B(8,3,9)     108.20730       -0.00000        0.03005     108.23735
	           B(10,4,11)     108.29412       -0.00001       -0.07067     108.22346
	           B(10,4,12)     107.05035       -0.00001       -0.08911     106.96124
	           B(11,4,12)     108.20730       -0.00000        0.03005     108.23735
	          D(1,2,4,10)     239.26497        0.00000        0.32769     239.59266
	          D(1,2,4,11)      -0.22187       -0.00000        0.28868       0.06681
	          D(1,2,4,12)     120.16307        0.00000        0.39877     120.56184
	           D(2,1,3,7)     120.73503       -0.00000       -0.32769     120.40734
	           D(2,1,3,8)       0.22187        0.00000       -0.28868      -0.06681
	           D(2,1,3,9)    -120.16307       -0.00000       -0.39877    -120.56184
	           D(3,1,2,4)     180.00000        0.00000        0.00000     180.00000
	           D(3,1,2,6)      -0.09851        0.00000        0.13308       0.03457
	           D(4,2,1,5)       0.09851       -0.00000       -0.13308      -0.03457
	           D(5,1,2,6)     180.00000       -0.00000        0.00000     180.00000
	           D(5,1,3,7)     -59.36234       -0.00000       -0.19614     -59.55848
	           D(5,1,3,8)     180.12450        0.00000       -0.15714     179.96737
	           D(5,1,3,9)      59.73957       -0.00000       -0.26722      59.47234
	          D(6,2,4,10)      59.36234        0.00000        0.19614      59.55848
	          D(6,2,4,11)     179.87550       -0.00000        0.15714     180.03263
	          D(6,2,4,12)     -59.73957        0.00000        0.26722     -59.47234
	-------------------------------------------------------------------------------

	                                 ==> Convergence Check <==                                  
    
	Measures of convergence in internal coordinates in au.
    
	Criteria marked as inactive (o), active & met (*), and active & unmet ( ).

	----------------------------------------------------------------------------------------------
	   Step    Total Energy     Delta E     Max Force     RMS Force      Max Disp      RMS Disp   
	----------------------------------------------------------------------------------------------
	  Convergence Criteria     1.00e-06 *    3.00e-04 *             o    1.20e-03 *             o
	----------------------------------------------------------------------------------------------
	    11    -156.85162808   -1.75e-05      7.42e-04      1.78e-04 o    6.96e-03      2.71e-03 o  ~
	----------------------------------------------------------------------------------------------

Next Geometry in Ang 
	Fragment 1 (Ang)

	    C   0.5643701908  -0.3207560403  -0.1568699295
	    C  -0.5643701908   0.3207560403   0.1568699295
	    C   1.9052264474   0.3307583904  -0.2780857057
	    C  -1.9052264474  -0.3307583904   0.2780857057
	    H   0.5159982540  -1.3902395962  -0.3379874313
	    H  -0.5159982540   1.3902395962   0.3379874312
	    H   2.6188080335  -0.1038637142   0.4226398084
	    H   1.8384611603   1.3985523553  -0.0775350498
	    H   2.3191562989   0.1965618973  -1.2778396143
	    H  -2.6188080335   0.1038637142  -0.4226398084
	    H  -1.8384611603  -1.3985523553   0.0775350498
	    H  -2.3191562989  -0.1965618973   1.2778396143


    Structure for next step:
    Molecular point group: ci
    Full point group: Ci

    Geometry (in Angstrom), charge = 0, multiplicity = 1:

    C            0.564370190786    -0.320756040319    -0.156869929524
    C           -0.564370190786     0.320756040319     0.156869929524
    C            1.905226447422     0.330758390413    -0.278085705744
    C           -1.905226447422    -0.330758390413     0.278085705744
    H            0.515998253972    -1.390239596159    -0.337987431250
    H           -0.515998253972     1.390239596159     0.337987431250
    H            2.618808033527    -0.103863714233     0.422639808443
    H            1.838461160251     1.398552355250    -0.077535049769
    H            2.319156298948     0.196561897310    -1.277839614347
    H           -2.618808033527     0.103863714233    -0.422639808443
    H           -1.838461160251    -1.398552355250     0.077535049769
    H           -2.319156298948    -0.196561897310     1.277839614347


Scratch directory: /tmp/
gradient() will perform analytic gradient computation.
   => Libint2 <=

    Primary   basis highest AM E, G, H:  6, 6, 3
    Auxiliary basis highest AM E, G, H:  7, 7, 4
    Onebody   basis highest AM E, G, H:  -, -, -
    Solid Harmonics ordering:            Gaussian

*** tstart() called on flexpad
*** at Mon Aug  3 19:34:14 2026

   => Loading Basis Set <=

    Name: CC-PVTZ
    Role: ORBITAL
    Keyword: BASIS
    atoms 1-4  entry C          line   186 file /home/peter/miniconda3/envs/research/share/psi4/basis/cc-pvtz.gbs 
    atoms 5-12 entry H          line    23 file /home/peter/miniconda3/envs/research/share/psi4/basis/cc-pvtz.gbs 


         ---------------------------------------------------------
                                   SCF
               by Justin Turney, Rob Parrish, Andy Simmonett
                          and Daniel G. A. Smith
                              RHF Reference
                        7 Threads,   8583 MiB Core
         ---------------------------------------------------------

  ==> Geometry <==

    Molecular point group: ci
    Full point group: Ci

    Geometry (in Angstrom), charge = 0, multiplicity = 1:

       Center              X                  Y                   Z               Mass       
    ------------   -----------------  -----------------  -----------------  -----------------
         C            0.564370190786    -0.320756040319    -0.156869929524    12.000000000000
         C           -0.564370190786     0.320756040319     0.156869929524    12.000000000000
         C            1.905226447422     0.330758390413    -0.278085705744    12.000000000000
         C           -1.905226447422    -0.330758390413     0.278085705744    12.000000000000
         H            0.515998253972    -1.390239596159    -0.337987431250     1.007825032230
         H           -0.515998253972     1.390239596159     0.337987431250     1.007825032230
         H            2.618808033527    -0.103863714233     0.422639808443     1.007825032230
         H            1.838461160251     1.398552355250    -0.077535049769     1.007825032230
         H            2.319156298948     0.196561897310    -1.277839614347     1.007825032230
         H           -2.618808033527     0.103863714233    -0.422639808443     1.007825032230
         H           -1.838461160251    -1.398552355250     0.077535049769     1.007825032230
         H           -2.319156298948    -0.196561897310     1.277839614347     1.007825032230

  Running in ci symmetry.

  Rotational constants: A =      1.16085  B =      0.12513  C =      0.11784 [cm^-1]
  Rotational constants: A =  34801.52824  B =   3751.24848  C =   3532.80454 [MHz]
  Nuclear repulsion =  116.128401879217591

  Charge       = 0
  Multiplicity = 1
  Electrons    = 32
  Nalpha       = 16
  Nbeta        = 16

  ==> Algorithm <==

  SCF Algorithm Type is DF.
  DIIS enabled.
  MOM disabled.
  Fractional occupation disabled.
  Guess Type is READ.
  Energy threshold   = 1.00e-09
  Density threshold  = 1.00e-09
  Integral threshold = 1.00e-12

  ==> Primary Basis <==

  Basis Set: CC-PVTZ
    Blend: CC-PVTZ
    Number of shells: 88
    Number of basis functions: 232
    Number of Cartesian functions: 260
    Spherical Harmonics?: true
    Max angular momentum: 3

   => Loading Basis Set <=

    Name: (CC-PVTZ AUX)
    Role: JKFIT
    Keyword: DF_BASIS_SCF
    atoms 1-4  entry C          line   125 file /home/peter/miniconda3/envs/research/share/psi4/basis/cc-pvtz-jkfit.gbs 
    atoms 5-12 entry H          line    51 file /home/peter/miniconda3/envs/research/share/psi4/basis/cc-pvtz-jkfit.gbs 

   => Loading Basis Set <=

    Name: CC-PVTZ
    Role: ORBITAL
    Keyword: BASIS
    atoms 1-4  entry C          line   186 file /home/peter/miniconda3/envs/research/share/psi4/basis/cc-pvtz.gbs 
    atoms 5-12 entry H          line    23 file /home/peter/miniconda3/envs/research/share/psi4/basis/cc-pvtz.gbs 

  Reading orbitals from file /tmp/psi4.default.340379.180.npy, no projection.

  ==> Integral Setup <==

  DFHelper Memory: AOs need 0.227 GiB; user supplied 6.286 GiB. 
  Using in-core AOs.

  ==> MemDFJK: Density-Fitted J/K Matrices <==

    J tasked:                   Yes
    K tasked:                   Yes
    wK tasked:                   No
    OpenMP threads:               7
    Memory [MiB]:              6437
    Algorithm:                 Core
    Schwarz Cutoff:           1E-12
    Mask sparsity (%):       5.2282
    Fitting Condition:        1E-10

   => Auxiliary Basis Set <=

  Basis Set: (CC-PVTZ AUX)
    Blend: CC-PVTZ-JKFIT
    Number of shells: 180
    Number of basis functions: 556
    Number of Cartesian functions: 664
    Spherical Harmonics?: true
    Max angular momentum: 4

  Minimum eigenvalue in the overlap matrix is 5.7218298838E-04.
  Reciprocal condition number of the overlap matrix is 7.6742026850E-05.
    Using symmetric orthogonalization.

  ==> Pre-Iterations <==

  SCF Guess: Orbitals guess was supplied from a previous computation.

   -------------------------------------------------------
    Irrep   Nso     Nmo     Nalpha   Nbeta   Ndocc  Nsocc
   -------------------------------------------------------
     Ag       116     116       8       8       8       0
     Au       116     116       8       8       8       0
   -------------------------------------------------------
    Total     232     232      16      16      16       0
   -------------------------------------------------------

  ==> Iterations <==

                           Total Energy        Delta E     RMS |[F,P]|

   @DF-RHF iter   0:  -156.16702165370697   -1.56167e+02   3.96379e-05 
   @DF-RHF iter   1:  -156.16765382140466   -6.32168e-04   5.11920e-06 DIIS
   @DF-RHF iter   2:  -156.16765456093378   -7.39529e-07   1.83374e-06 DIIS
   @DF-RHF iter   3:  -156.16765469349070   -1.32557e-07   6.13908e-07 DIIS
   @DF-RHF iter   4:  -156.16765470645080   -1.29601e-08   2.19780e-07 DIIS
   @DF-RHF iter   5:  -156.16765470863419   -2.18338e-09   6.81072e-08 DIIS
   @DF-RHF iter   6:  -156.16765470887594   -2.41755e-10   1.39825e-08 DIIS
   @DF-RHF iter   7:  -156.16765470888552   -9.57812e-12   3.61447e-09 DIIS
   @DF-RHF iter   8:  -156.16765470888615   -6.25278e-13   1.06418e-09 DIIS
   @DF-RHF iter   9:  -156.16765470888620   -5.68434e-14   2.41530e-10 DIIS
  Energy and wave function converged.


  ==> Post-Iterations <==

    Orbital Energies [Eh]
    ---------------------

    Doubly Occupied:                                                      

       1Ag   -11.221259     1Au   -11.219570     2Ag   -11.215201  
       2Au   -11.215188     3Ag    -1.076591     3Au    -0.983974  
       4Ag    -0.877107     4Au    -0.744231     5Au    -0.606311  
       5Ag    -0.604752     6Au    -0.571113     6Ag    -0.554302  
       7Au    -0.521519     7Ag    -0.507550     8Ag    -0.481826  
       8Au    -0.340812  

    Virtual:                                                              

       9Ag     0.147975     9Au     0.159804    10Au     0.174017  
      10Ag     0.176077    11Ag     0.216036    12Ag     0.220244  
      11Au     0.224241    13Ag     0.240170    12Au     0.252655  
      13Au     0.309429    14Ag     0.339368    15Ag     0.365090  
      16Ag     0.395948    14Au     0.408771    15Au     0.421714  
      17Ag     0.455449    16Au     0.465089    17Au     0.516623  
      18Au     0.523631    18Ag     0.533185    19Au     0.584584  
      19Ag     0.609026    20Ag     0.621882    20Au     0.626376  
      21Au     0.629618    21Ag     0.639089    22Au     0.647803  
      22Ag     0.650836    23Au     0.669693    23Ag     0.674781  
      24Ag     0.738246    24Au     0.748780    25Ag     0.760443  
      25Au     0.788211    26Au     0.841013    26Ag     0.849596  
      27Au     0.867631    28Au     0.870113    27Ag     0.925124  
      29Au     1.004853    28Ag     1.007358    29Ag     1.008520  
      30Au     1.075512    30Ag     1.077256    31Ag     1.085310  
      31Au     1.177198    32Au     1.194458    32Ag     1.202294  
      33Ag     1.209365    34Ag     1.222679    33Au     1.231882  
      35Ag     1.249890    34Au     1.260858    35Au     1.299804  
      36Ag     1.303881    36Au     1.333991    37Ag     1.369078  
      37Au     1.373713    38Ag     1.385709    38Au     1.398547  
      39Au     1.467573    39Ag     1.470297    40Au     1.501554  
      40Ag     1.515788    41Au     1.535444    41Ag     1.551491  
      42Ag     1.569375    43Ag     1.578407    42Au     1.610781  
      43Au     1.636004    44Ag     1.679396    45Ag     1.695051  
      44Au     1.702776    46Ag     1.739190    45Au     1.751352  
      46Au     1.768305    47Au     1.808973    47Ag     1.941147  
      48Au     2.004247    48Ag     2.175869    49Au     2.368624  
      49Ag     2.428892    50Au     2.473208    50Ag     2.515146  
      51Ag     2.544267    51Au     2.576693    52Au     2.645818  
      53Au     2.661951    52Ag     2.680522    53Ag     2.695265  
      54Ag     2.756672    54Au     2.801718    55Au     2.831826  
      55Ag     2.837179    56Ag     2.841733    56Au     2.993348  
      57Au     2.995510    57Ag     2.998034    58Au     3.017765  
      59Au     3.024698    60Au     3.090615    58Ag     3.100440  
      59Ag     3.115004    61Au     3.142994    60Ag     3.152783  
      61Ag     3.158011    62Au     3.210495    62Ag     3.224349  
      63Ag     3.246440    64Ag     3.257292    65Ag     3.281577  
      63Au     3.292306    64Au     3.293037    66Ag     3.314317  
      65Au     3.352288    66Au     3.358768    67Au     3.363004  
      68Au     3.389033    67Ag     3.390190    68Ag     3.403950  
      69Ag     3.448836    69Au     3.470714    70Ag     3.523347  
      71Ag     3.578007    70Au     3.578414    71Au     3.592343  
      72Au     3.596541    72Ag     3.607344    73Ag     3.645612  
      73Au     3.655846    74Au     3.698686    75Au     3.722604  
      74Ag     3.746364    75Ag     3.761676    76Au     3.770005  
      77Au     3.803381    76Ag     3.809510    78Au     3.810148  
      77Ag     3.824409    79Au     3.890501    78Ag     3.902216  
      79Ag     3.951161    80Ag     4.013551    80Au     4.022467  
      81Ag     4.030690    81Au     4.045578    82Ag     4.090691  
      82Au     4.114841    83Ag     4.134834    83Au     4.141241  
      84Au     4.163903    84Ag     4.213963    85Au     4.219256  
      85Ag     4.239243    86Au     4.259928    86Ag     4.274911  
      87Ag     4.297967    87Au     4.299053    88Ag     4.367351  
      89Ag     4.393740    88Au     4.398881    89Au     4.413256  
      90Ag     4.426911    90Au     4.432734    91Au     4.466165  
      91Ag     4.485491    92Au     4.529417    92Ag     4.558725  
      93Ag     4.595334    93Au     4.612049    94Au     4.664362  
      94Ag     4.694092    95Ag     4.702613    95Au     4.720004  
      96Au     4.782221    97Au     4.782987    96Ag     4.849550  
      98Au     4.888097    97Ag     4.932677    98Ag     5.029443  
      99Ag     5.118428    99Au     5.123409   100Ag     5.160012  
     100Au     5.197503   101Au     5.211051   101Ag     5.217471  
     102Ag     5.277726   103Ag     5.304842   102Au     5.312587  
     103Au     5.361136   104Ag     5.478847   104Au     5.495769  
     105Ag     5.553285   105Au     5.569896   106Au     5.574379  
     106Ag     5.588917   107Ag     5.665223   107Au     5.671091  
     108Ag     5.695739   109Ag     5.724837   108Au     5.742021  
     109Au     5.795485   110Ag     5.807003   110Au     5.878711  
     111Au     5.928444   111Ag     6.104085   112Ag     6.155925  
     113Ag     6.252983   112Au     6.261041   113Au     6.266417  
     114Au     6.381437   114Ag     6.431724   115Ag    11.375471  
     115Au    14.202671   116Ag    14.205873   116Au    14.518905  

    Final Occupation by Irrep:
             Ag    Au 
    DOCC [     8,    8 ]
    NA   [     8,    8 ]
    NB   [     8,    8 ]

  @DF-RHF Final Energy:  -156.16765470888620

   => Energetics <=

    Nuclear Repulsion Energy =            116.1284018792175914
    One-Electron Energy =                -439.1094983607775930
    Two-Electron Energy =                 166.8134417726738263
    Total Energy =                       -156.1676547088862037

Computation Completed


Properties will be evaluated at   0.000000,   0.000000,   0.000000 [a0]

Properties computed using the SCF density matrix


 Multipole Moments:

 ------------------------------------------------------------------------------------
     Multipole            Electronic (a.u.)      Nuclear  (a.u.)        Total (a.u.)
 ------------------------------------------------------------------------------------

 L = 1.  Multiply by 2.5417464519 to convert [e a0] to [Debye]
 Dipole X            :          0.0000000            0.0000000            0.0000000
 Dipole Y            :          0.0000000            0.0000000            0.0000000
 Dipole Z            :          0.0000000           -0.0000000           -0.0000000
 Magnitude           :                                                    0.0000000

 ------------------------------------------------------------------------------------

*** tstop() called on flexpad at Mon Aug  3 19:34:15 2026
Module time:
	user time   =      10.05 seconds =       0.17 minutes
	system time =       0.32 seconds =       0.01 minutes
	total time  =          1 seconds =       0.02 minutes
Total time:
	user time   =    7106.02 seconds =     118.43 minutes
	system time =     311.72 seconds =       5.20 minutes
	total time  =       1220 seconds =      20.33 minutes

*** tstart() called on flexpad
*** at Mon Aug  3 19:34:15 2026


  //>>>>>>>>>>>>>>>>>>>>>>>>>>>>>>>>>>>//
  //               DFMP2               //
  //<<<<<<<<<<<<<<<<<<<<<<<<<<<<<<<<<<<//

   => Loading Basis Set <=

    Name: (CC-PVTZ AUX)
    Role: RIFIT
    Keyword: DF_BASIS_MP2
    atoms 1-4  entry C          line   209 file /home/peter/miniconda3/envs/research/share/psi4/basis/cc-pvtz-ri.gbs 
    atoms 5-12 entry H          line    19 file /home/peter/miniconda3/envs/research/share/psi4/basis/cc-pvtz-ri.gbs 

	 --------------------------------------------------------
	                          DF-MP2                         
	      2nd-Order Density-Fitted Moller-Plesset Theory     
	              RMP2 Wavefunction,   7 Threads             
	                                                         
	        Rob Parrish, Justin Turney, Andy Simmonett,      
	           Ed Hohenstein, and C. David Sherrill          
	 --------------------------------------------------------

   => Auxiliary Basis Set <=

  Basis Set: (CC-PVTZ AUX)
    Blend: CC-PVTZ-RI
    Number of shells: 172
    Number of basis functions: 564
    Number of Cartesian functions: 684
    Spherical Harmonics?: true
    Max angular momentum: 4

	 --------------------------------------------------------
	                 NBF =   232, NAUX =   564
	 --------------------------------------------------------
	   CLASS    FOCC     OCC    AOCC    AVIR     VIR    FVIR
	   PAIRS       4      16      12     216     216       0
	 --------------------------------------------------------

  DFHelper Memory: AOs need 0.227 GiB; user supplied 6.286 GiB. 
  Using in-core AOs.


         ------------------------------------------------------------
                                     CPHF                           
                                  Rob Parrish                       
         ------------------------------------------------------------

  ==> Geometry <==

    Molecular point group: ci
    Full point group: Ci

    Geometry (in Angstrom), charge = 0, multiplicity = 1:

       Center              X                  Y                   Z               Mass       
    ------------   -----------------  -----------------  -----------------  -----------------
         C            0.564370190786    -0.320756040319    -0.156869929524    12.000000000000
         C           -0.564370190786     0.320756040319     0.156869929524    12.000000000000
         C            1.905226447422     0.330758390413    -0.278085705744    12.000000000000
         C           -1.905226447422    -0.330758390413     0.278085705744    12.000000000000
         H            0.515998253972    -1.390239596159    -0.337987431250     1.007825032230
         H           -0.515998253972     1.390239596159     0.337987431250     1.007825032230
         H            2.618808033527    -0.103863714233     0.422639808443     1.007825032230
         H            1.838461160251     1.398552355250    -0.077535049769     1.007825032230
         H            2.319156298948     0.196561897310    -1.277839614347     1.007825032230
         H           -2.618808033527     0.103863714233    -0.422639808443     1.007825032230
         H           -1.838461160251    -1.398552355250     0.077535049769     1.007825032230
         H           -2.319156298948    -0.196561897310     1.277839614347     1.007825032230

  Nuclear repulsion =  116.128401879217591
  Reference energy  = -156.167654708886204

  ==> Basis Set <==

  Basis Set: CC-PVTZ
    Blend: CC-PVTZ
    Number of shells: 88
    Number of basis functions: 232
    Number of Cartesian functions: 260
    Spherical Harmonics?: true
    Max angular momentum: 3

  ==> CGRSolver (by Rob Parrish) <==

   Number of roots    =         1
   Preconditioning    =    JACOBI
   Convergence cutoff =     1E-06
   Maximum iterations =       100

  ==> CPHFRHamiltonian (by Rob Parrish) <== 

  ==> MemDFJK: Density-Fitted J/K Matrices <==

    J tasked:                   Yes
    K tasked:                   Yes
    wK tasked:                   No
    OpenMP threads:               7
    Memory [MiB]:              6437
    Algorithm:                 Core
    Schwarz Cutoff:           1E-12
    Mask sparsity (%):       5.2282
    Fitting Condition:        1E-10

   => Auxiliary Basis Set <=

  Basis Set: (CC-PVTZ AUX)
    Blend: CC-PVTZ-JKFIT
    Number of shells: 180
    Number of basis functions: 556
    Number of Cartesian functions: 664
    Spherical Harmonics?: true
    Max angular momentum: 4

  ==> CPHF Iterations <==

  => Iterations <=

             Iter  Converged  Remaining    Residual
  CGR           1          0          1   8.573E-02
  CGR           2          0          1   1.210E-02
  CGR           3          0          1   2.858E-03
  CGR           4          0          1   8.115E-04
  CGR           5          0          1   1.588E-04
  CGR           6          0          1   3.520E-05
  CGR           7          0          1   5.948E-06
  CGR           8          0          1   1.059E-06
  CGR           9          1          0   1.567E-07

    CGRSolver converged.

  ==> DFCorrGrad: Density-Fitted Correlated Gradients <==

    OpenMP threads:              7
    Integrals threads:           7
    Memory [GiB]:            6.286
    Schwarz Cutoff:          0E+00
    Fitting Condition:       1E-10

   => Auxiliary Basis Set <=

  Basis Set: (CC-PVTZ AUX)
    Blend: CC-PVTZ-JKFIT
    Number of shells: 180
    Number of basis functions: 556
    Number of Cartesian functions: 664
    Spherical Harmonics?: true
    Max angular momentum: 4

	-----------------------------------------------------------
	 ==================> DF-MP2 Energies <==================== 
	-----------------------------------------------------------
	 Reference Energy          =    -156.1676547088862037 [Eh]
	 Singles Energy            =      -0.0000000000000000 [Eh]
	 Same-Spin Energy          =      -0.1503240445848907 [Eh]
	 Opposite-Spin Energy      =      -0.5336523145637967 [Eh]
	 Correlation Energy        =      -0.6839763591486874 [Eh]
	 Total Energy              =    -156.8516310680348909 [Eh]
	-----------------------------------------------------------
	 ================> DF-SCS-MP2 Energies <================== 
	-----------------------------------------------------------
	 SCS Same-Spin Scale       =       0.3333333333333333 [-]
	 SCS Opposite-Spin Scale   =       1.2000000000000000 [-]
	 SCS Same-Spin Energy      =      -0.0501080148616302 [Eh]
	 SCS Opposite-Spin Energy  =      -0.6403827774765560 [Eh]
	 SCS Correlation Energy    =      -0.6904907923381862 [Eh]
	 SCS Total Energy          =    -156.8581455012243850 [Eh]
	-----------------------------------------------------------


  -Total Gradient:
     Atom            X                  Y                   Z
    ------   -----------------  -----------------  -----------------
       1        0.000043919375     0.000009252552    -0.000051228363
       2       -0.000043919375    -0.000009252552     0.000051228363
       3        0.000080817584     0.000065780146    -0.000064938954
       4       -0.000080817584    -0.000065780146     0.000064938954
       5       -0.000016255079    -0.000005442355     0.000010621198
       6        0.000016255079     0.000005442355    -0.000010621198
       7       -0.000003823811    -0.000014720463    -0.000004553446
       8       -0.000016921332    -0.000015678314     0.000009380823
       9       -0.000026731883    -0.000023132076     0.000065462169
      10        0.000003823811     0.000014720463     0.000004553446
      11        0.000016921332     0.000015678314    -0.000009380823
      12        0.000026731883     0.000023132076    -0.000065462169


*** tstop() called on flexpad at Mon Aug  3 19:34:22 2026
Module time:
	user time   =      41.59 seconds =       0.69 minutes
	system time =       1.98 seconds =       0.03 minutes
	total time  =          7 seconds =       0.12 minutes
Total time:
	user time   =    7147.62 seconds =     119.13 minutes
	system time =     313.70 seconds =       5.23 minutes
	total time  =       1227 seconds =      20.45 minutes

    			-----------------------------------------

    			 OPTKING 3.0: for geometry optimizations 

    			     By R.A. King, Bethel University     

    			        with contributions from          

    			    A.V. Copan, J. Cayton, A. Heide      

    			-----------------------------------------

    
	                            ===> Fragment 1 <== 

	 Z (Atomic Numbers)          Masses                          Geom                  
	       6.000000            12.000000          1.06650509 -0.60614107 -0.29644120   
	       6.000000            12.000000         -1.06650509  0.60614107  0.29644120   
	       6.000000            12.000000          3.60035619  0.62504277 -0.52550582   
	       6.000000            12.000000         -3.60035619 -0.62504277  0.52550582   
	       1.000000             1.007825          0.97509538 -2.62717209 -0.63870368   
	       1.000000             1.007825         -0.97509538  2.62717209  0.63870368   
	       1.000000             1.007825          4.94882996 -0.19627397  0.79867349   
	       1.000000             1.007825          3.47418809  2.64288092 -0.14652001   
	       1.000000             1.007825          4.38257025  0.37144815 -2.41476690   
	       1.000000             1.007825         -4.94882996  0.19627397 -0.79867349   
	       1.000000             1.007825         -3.47418809 -2.64288092  0.14652001   
	       1.000000             1.007825         -4.38257025 -0.37144815  2.41476690   

	 - Coordinate -           - BOHR/RAD -       - ANG/DEG -
	 R(1,2)           =         2.524058           1.335674
	 R(1,3)           =         2.826426           1.495680
	 R(1,5)           =         2.051844           1.085789
	 R(2,4)           =         2.826426           1.495680
	 R(2,6)           =         2.051844           1.085789
	 R(3,7)           =         2.060678           1.090464
	 R(3,8)           =         2.056993           1.088514
	 R(3,9)           =         2.060455           1.090346
	 R(4,10)          =         2.060678           1.090464
	 R(4,11)          =         2.056993           1.088514
	 R(4,12)          =         2.060455           1.090346
	 B(1,2,4)         =         2.174163         124.570368
	 B(1,2,6)         =         2.065319         118.334087
	 B(1,3,7)         =         1.940086         111.158724
	 B(1,3,8)         =         1.936265         110.939811
	 B(1,3,9)         =         1.940171         111.163630
	 B(2,1,3)         =         2.174163         124.570368
	 B(2,1,5)         =         2.065319         118.334087
	 B(2,4,10)        =         1.940086         111.158724
	 B(2,4,11)        =         1.936265         110.939811
	 B(2,4,12)        =         1.940171         111.163630
	 B(3,1,5)         =         2.043703         117.095537
	 B(4,2,6)         =         2.043703         117.095537
	 B(7,3,8)         =         1.888856         108.223455
	 B(7,3,9)         =         1.866826         106.961235
	 B(8,3,9)         =         1.889098         108.237349
	 B(10,4,11)       =         1.888856         108.223455
	 B(10,4,12)       =         1.866826         106.961235
	 B(11,4,12)       =         1.889098         108.237349
	 D(1,2,4,10)      =         4.181681         239.592658
	 D(1,2,4,11)      =         0.001166           0.066808
	 D(1,2,4,12)      =         2.104201         120.561836
	 D(2,1,3,7)       =         2.101505         120.407342
	 D(2,1,3,8)       =        -0.001166          -0.066808
	 D(2,1,3,9)       =        -2.104201        -120.561836
	 D(3,1,2,4)       =         3.141593         180.000000
	 D(3,1,2,6)       =         0.000603           0.034568
	 D(4,2,1,5)       =        -0.000603          -0.034568
	 D(5,1,2,6)       =         3.141593         180.000000
	 D(5,1,3,7)       =        -1.039492         -59.558481
	 D(5,1,3,8)       =         3.141023         179.967369
	 D(5,1,3,9)       =         1.037988          59.472341
	 D(6,2,4,10)      =         1.039492          59.558481
	 D(6,2,4,11)      =         3.142162         180.032631
	 D(6,2,4,12)      =        -1.037988         -59.472341


	        --- Internal Coordinate Step in ANG or DEG, aJ/ANG or AJ/DEG ---
	-------------------------------------------------------------------------------
	           Coordinate      Previous         Force          Change          New 
	           ----------      --------        ------          ------        ------
	               R(1,2)       1.33567       -0.00043       -0.00005       1.33562
	               R(1,3)       1.49568       -0.00029       -0.00003       1.49565
	               R(1,5)       1.08579       -0.00004       -0.00001       1.08578
	               R(2,4)       1.49568       -0.00029       -0.00003       1.49565
	               R(2,6)       1.08579       -0.00004       -0.00001       1.08578
	               R(3,7)       1.09046       -0.00000       -0.00000       1.09046
	               R(3,8)       1.08851        0.00010        0.00002       1.08853
	               R(3,9)       1.09035        0.00055        0.00007       1.09042
	              R(4,10)       1.09046       -0.00000       -0.00000       1.09046
	              R(4,11)       1.08851        0.00010        0.00002       1.08853
	              R(4,12)       1.09035        0.00055        0.00007       1.09042
	             B(1,2,4)     124.57037       -0.00000       -0.00648     124.56389
	             B(1,2,6)     118.33409        0.00000        0.00907     118.34315
	             B(1,3,7)     111.15872        0.00000        0.00618     111.16491
	             B(1,3,8)     110.93981        0.00000        0.00735     110.94716
	             B(1,3,9)     111.16363        0.00000        0.00491     111.16854
	             B(2,1,3)     124.57037       -0.00000       -0.00648     124.56389
	             B(2,1,5)     118.33409        0.00000        0.00907     118.34315
	            B(2,4,10)     111.15872        0.00000        0.00618     111.16491
	            B(2,4,11)     110.93981        0.00000        0.00735     110.94716
	            B(2,4,12)     111.16363        0.00000        0.00491     111.16854
	             B(3,1,5)     117.09554       -0.00000       -0.00258     117.09295
	             B(4,2,6)     117.09554       -0.00000       -0.00258     117.09295
	             B(7,3,8)     108.22346       -0.00000       -0.00669     108.21677
	             B(7,3,9)     106.96124       -0.00000        0.00204     106.96328
	             B(8,3,9)     108.23735       -0.00000       -0.01483     108.22252
	           B(10,4,11)     108.22346       -0.00000       -0.00669     108.21677
	           B(10,4,12)     106.96124       -0.00000        0.00204     106.96328
	           B(11,4,12)     108.23735       -0.00000       -0.01483     108.22252
	          D(1,2,4,10)     239.59266        0.00000       -0.06938     239.52328
	          D(1,2,4,11)       0.06681       -0.00000       -0.06873      -0.00192
	          D(1,2,4,12)     120.56184       -0.00000       -0.07924     120.48259
	           D(2,1,3,7)     120.40734       -0.00000        0.06938     120.47672
	           D(2,1,3,8)      -0.06681        0.00000        0.06873       0.00192
	           D(2,1,3,9)    -120.56184        0.00000        0.07924    -120.48259
	           D(3,1,2,4)     180.00000       -0.00000        0.00000     180.00000
	           D(3,1,2,6)       0.03457       -0.00000       -0.02157       0.01300
	           D(4,2,1,5)      -0.03457        0.00000        0.02157      -0.01300
	           D(5,1,2,6)     180.00000       -0.00000        0.00000     180.00000
	           D(5,1,3,7)     -59.55848       -0.00000        0.04805     -59.51043
	           D(5,1,3,8)     179.96737       -0.00000        0.04740     180.01477
	           D(5,1,3,9)      59.47234        0.00000        0.05792      59.53026
	          D(6,2,4,10)      59.55848        0.00000       -0.04805      59.51043
	          D(6,2,4,11)     180.03263        0.00000       -0.04740     179.98523
	          D(6,2,4,12)     -59.47234       -0.00000       -0.05792     -59.53026
	-------------------------------------------------------------------------------

	                                 ==> Convergence Check <==                                  
    
	Measures of convergence in internal coordinates in au.
    
	Criteria marked as inactive (o), active & met (*), and active & unmet ( ).

	----------------------------------------------------------------------------------------------
	   Step    Total Energy     Delta E     Max Force     RMS Force      Max Disp      RMS Disp   
	----------------------------------------------------------------------------------------------
	  Convergence Criteria     1.00e-06 *    3.00e-04 *             o    1.20e-03 *             o
	----------------------------------------------------------------------------------------------
	    12    -156.85163107   -2.99e-06      6.73e-05 *    2.24e-05 o    1.38e-03      5.79e-04 o  ~
	----------------------------------------------------------------------------------------------

Next Geometry in Ang 
	Fragment 1 (Ang)

	    C   0.5643719664  -0.3208693776  -0.1565156592
	    C  -0.5643719664   0.3208693776   0.1565156592
	    C   1.9051594813   0.3306771563  -0.2779651254
	    C  -1.9051594813  -0.3306771563   0.2779651254
	    H   0.5161309989  -1.3904253296  -0.3371862494
	    H  -0.5161309989   1.3904253296   0.3371862494
	    H   2.6190592602  -0.1040968090   0.4223395394
	    H   1.8385913572   1.3984401191  -0.0770735411
	    H   2.3187819844   0.1969958895  -1.2779936895
	    H  -2.6190592602   0.1040968090  -0.4223395394
	    H  -1.8385913572  -1.3984401191   0.0770735411
	    H  -2.3187819844  -0.1969958895   1.2779936895


    Structure for next step:
    Molecular point group: ci
    Full point group: Ci

    Geometry (in Angstrom), charge = 0, multiplicity = 1:

    C            0.564371966387    -0.320869377629    -0.156515659248
    C           -0.564371966387     0.320869377629     0.156515659248
    C            1.905159481296     0.330677156266    -0.277965125436
    C           -1.905159481296    -0.330677156266     0.277965125436
    H            0.516130998875    -1.390425329612    -0.337186249353
    H           -0.516130998875     1.390425329612     0.337186249353
    H            2.619059260161    -0.104096809026     0.422339539449
    H            1.838591357234     1.398440119077    -0.077073541067
    H            2.318781984372     0.196995889499    -1.277993689535
    H           -2.619059260161     0.104096809026    -0.422339539449
    H           -1.838591357234    -1.398440119077     0.077073541067
    H           -2.318781984372    -0.196995889499     1.277993689535


Scratch directory: /tmp/
gradient() will perform analytic gradient computation.
   => Libint2 <=

    Primary   basis highest AM E, G, H:  6, 6, 3
    Auxiliary basis highest AM E, G, H:  7, 7, 4
    Onebody   basis highest AM E, G, H:  -, -, -
    Solid Harmonics ordering:            Gaussian

*** tstart() called on flexpad
*** at Mon Aug  3 19:34:22 2026

   => Loading Basis Set <=

    Name: CC-PVTZ
    Role: ORBITAL
    Keyword: BASIS
    atoms 1-4  entry C          line   186 file /home/peter/miniconda3/envs/research/share/psi4/basis/cc-pvtz.gbs 
    atoms 5-12 entry H          line    23 file /home/peter/miniconda3/envs/research/share/psi4/basis/cc-pvtz.gbs 


         ---------------------------------------------------------
                                   SCF
               by Justin Turney, Rob Parrish, Andy Simmonett
                          and Daniel G. A. Smith
                              RHF Reference
                        7 Threads,   8583 MiB Core
         ---------------------------------------------------------

  ==> Geometry <==

    Molecular point group: ci
    Full point group: Ci

    Geometry (in Angstrom), charge = 0, multiplicity = 1:

       Center              X                  Y                   Z               Mass       
    ------------   -----------------  -----------------  -----------------  -----------------
         C            0.564371966387    -0.320869377629    -0.156515659248    12.000000000000
         C           -0.564371966387     0.320869377629     0.156515659248    12.000000000000
         C            1.905159481296     0.330677156266    -0.277965125436    12.000000000000
         C           -1.905159481296    -0.330677156266     0.277965125436    12.000000000000
         H            0.516130998875    -1.390425329612    -0.337186249353     1.007825032230
         H           -0.516130998875     1.390425329612     0.337186249353     1.007825032230
         H            2.619059260161    -0.104096809026     0.422339539449     1.007825032230
         H            1.838591357234     1.398440119077    -0.077073541067     1.007825032230
         H            2.318781984372     0.196995889499    -1.277993689535     1.007825032230
         H           -2.619059260161     0.104096809026    -0.422339539449     1.007825032230
         H           -1.838591357234    -1.398440119077     0.077073541067     1.007825032230
         H           -2.318781984372    -0.196995889499     1.277993689535     1.007825032230

  Running in ci symmetry.

  Rotational constants: A =      1.16079  B =      0.12514  C =      0.11785 [cm^-1]
  Rotational constants: A =  34799.50160  B =   3751.53155  C =   3533.04862 [MHz]
  Nuclear repulsion =  116.130120693523651

  Charge       = 0
  Multiplicity = 1
  Electrons    = 32
  Nalpha       = 16
  Nbeta        = 16

  ==> Algorithm <==

  SCF Algorithm Type is DF.
  DIIS enabled.
  MOM disabled.
  Fractional occupation disabled.
  Guess Type is READ.
  Energy threshold   = 1.00e-09
  Density threshold  = 1.00e-09
  Integral threshold = 1.00e-12

  ==> Primary Basis <==

  Basis Set: CC-PVTZ
    Blend: CC-PVTZ
    Number of shells: 88
    Number of basis functions: 232
    Number of Cartesian functions: 260
    Spherical Harmonics?: true
    Max angular momentum: 3

   => Loading Basis Set <=

    Name: (CC-PVTZ AUX)
    Role: JKFIT
    Keyword: DF_BASIS_SCF
    atoms 1-4  entry C          line   125 file /home/peter/miniconda3/envs/research/share/psi4/basis/cc-pvtz-jkfit.gbs 
    atoms 5-12 entry H          line    51 file /home/peter/miniconda3/envs/research/share/psi4/basis/cc-pvtz-jkfit.gbs 

   => Loading Basis Set <=

    Name: CC-PVTZ
    Role: ORBITAL
    Keyword: BASIS
    atoms 1-4  entry C          line   186 file /home/peter/miniconda3/envs/research/share/psi4/basis/cc-pvtz.gbs 
    atoms 5-12 entry H          line    23 file /home/peter/miniconda3/envs/research/share/psi4/basis/cc-pvtz.gbs 

  Reading orbitals from file /tmp/psi4.default.340379.180.npy, no projection.

  ==> Integral Setup <==

  DFHelper Memory: AOs need 0.227 GiB; user supplied 6.286 GiB. 
  Using in-core AOs.

  ==> MemDFJK: Density-Fitted J/K Matrices <==

    J tasked:                   Yes
    K tasked:                   Yes
    wK tasked:                   No
    OpenMP threads:               7
    Memory [MiB]:              6437
    Algorithm:                 Core
    Schwarz Cutoff:           1E-12
    Mask sparsity (%):       5.2282
    Fitting Condition:        1E-10

   => Auxiliary Basis Set <=

  Basis Set: (CC-PVTZ AUX)
    Blend: CC-PVTZ-JKFIT
    Number of shells: 180
    Number of basis functions: 556
    Number of Cartesian functions: 664
    Spherical Harmonics?: true
    Max angular momentum: 4

  Minimum eigenvalue in the overlap matrix is 5.7205804071E-04.
  Reciprocal condition number of the overlap matrix is 7.6725637046E-05.
    Using symmetric orthogonalization.

  ==> Pre-Iterations <==

  SCF Guess: Orbitals guess was supplied from a previous computation.

   -------------------------------------------------------
    Irrep   Nso     Nmo     Nalpha   Nbeta   Ndocc  Nsocc
   -------------------------------------------------------
     Ag       116     116       8       8       8       0
     Au       116     116       8       8       8       0
   -------------------------------------------------------
    Total     232     232      16      16      16       0
   -------------------------------------------------------

  ==> Iterations <==

                           Total Energy        Delta E     RMS |[F,P]|

   @DF-RHF iter   0:  -156.16763402475581   -1.56168e+02   7.15417e-06 
   @DF-RHF iter   1:  -156.16765609218874   -2.20674e-05   1.06025e-06 DIIS
   @DF-RHF iter   2:  -156.16765612519390   -3.30052e-08   4.00014e-07 DIIS
   @DF-RHF iter   3:  -156.16765613151335   -6.31945e-09   1.50277e-07 DIIS
   @DF-RHF iter   4:  -156.16765613224285   -7.29500e-10   4.60236e-08 DIIS
   @DF-RHF iter   5:  -156.16765613235020   -1.07349e-10   1.28623e-08 DIIS
   @DF-RHF iter   6:  -156.16765613235890   -8.69704e-12   2.92676e-09 DIIS
   @DF-RHF iter   7:  -156.16765613235884    5.68434e-14   7.58321e-10 DIIS
  Energy and wave function converged.


  ==> Post-Iterations <==

    Orbital Energies [Eh]
    ---------------------

    Doubly Occupied:                                                      

       1Ag   -11.221254     1Au   -11.219565     2Ag   -11.215202  
       2Au   -11.215189     3Ag    -1.076609     3Au    -0.983966  
       4Ag    -0.877100     4Au    -0.744246     5Au    -0.606315  
       5Ag    -0.604760     6Au    -0.571107     6Ag    -0.554292  
       7Au    -0.521495     7Ag    -0.507532     8Ag    -0.481843  
       8Au    -0.340826  

    Virtual:                                                              

       9Ag     0.147973     9Au     0.159802    10Au     0.174015  
      10Ag     0.176074    11Ag     0.216035    12Ag     0.220245  
      11Au     0.224239    13Ag     0.240168    12Au     0.252648  
      13Au     0.309441    14Ag     0.339377    15Ag     0.365106  
      16Ag     0.395956    14Au     0.408771    15Au     0.421735  
      17Ag     0.455441    16Au     0.465092    17Au     0.516637  
      18Au     0.523650    18Ag     0.533173    19Au     0.584579  
      19Ag     0.609015    20Ag     0.621885    20Au     0.626392  
      21Au     0.629608    21Ag     0.639067    22Au     0.647796  
      22Ag     0.650833    23Au     0.669691    23Ag     0.674766  
      24Ag     0.738227    24Au     0.748786    25Ag     0.760461  
      25Au     0.788196    26Au     0.841027    26Ag     0.849617  
      27Au     0.867643    28Au     0.870094    27Ag     0.925095  
      29Au     1.004865    28Ag     1.007358    29Ag     1.008538  
      30Au     1.075533    30Ag     1.077273    31Ag     1.085346  
      31Au     1.177195    32Au     1.194506    32Ag     1.202289  
      33Ag     1.209397    34Ag     1.222669    33Au     1.231907  
      35Ag     1.249920    34Au     1.260859    35Au     1.299824  
      36Ag     1.303855    36Au     1.333998    37Ag     1.369097  
      37Au     1.373715    38Ag     1.385680    38Au     1.398557  
      39Au     1.467557    39Ag     1.470263    40Au     1.501542  
      40Ag     1.515778    41Au     1.535443    41Ag     1.551496  
      42Ag     1.569393    43Ag     1.578394    42Au     1.610801  
      43Au     1.636004    44Ag     1.679390    45Ag     1.695127  
      44Au     1.702762    46Ag     1.739142    45Au     1.751329  
      46Au     1.768385    47Au     1.808979    47Ag     1.941121  
      48Au     2.004325    48Ag     2.175806    49Au     2.368683  
      49Ag     2.428950    50Au     2.473227    50Ag     2.515121  
      51Ag     2.544304    51Au     2.576680    52Au     2.645829  
      53Au     2.661904    52Ag     2.680561    53Ag     2.695294  
      54Ag     2.756656    54Au     2.801720    55Au     2.831818  
      55Ag     2.837159    56Ag     2.841768    56Au     2.993336  
      57Au     2.995537    57Ag     2.998040    58Au     3.017735  
      59Au     3.024728    60Au     3.090676    58Ag     3.100418  
      59Ag     3.115049    61Au     3.142968    60Ag     3.152776  
      61Ag     3.157977    62Au     3.210501    62Ag     3.224348  
      63Ag     3.246438    64Ag     3.257313    65Ag     3.281591  
      63Au     3.292336    64Au     3.293050    66Ag     3.314345  
      65Au     3.352250    66Au     3.358700    67Au     3.362972  
      68Au     3.389065    67Ag     3.390168    68Ag     3.403906  
      69Ag     3.448851    69Au     3.470689    70Ag     3.523344  
      71Ag     3.578098    70Au     3.578403    71Au     3.592378  
      72Au     3.596552    72Ag     3.607308    73Ag     3.645659  
      73Au     3.655848    74Au     3.698754    75Au     3.722589  
      74Ag     3.746384    75Ag     3.761640    76Au     3.769988  
      77Au     3.803378    76Ag     3.809475    78Au     3.810161  
      77Ag     3.824383    79Au     3.890542    78Ag     3.902302  
      79Ag     3.951086    80Ag     4.013575    80Au     4.022544  
      81Ag     4.030753    81Au     4.045479    82Ag     4.090548  
      82Au     4.114893    83Ag     4.134740    83Au     4.141201  
      84Au     4.163855    84Ag     4.213974    85Au     4.219230  
      85Ag     4.239291    86Au     4.259898    86Ag     4.274892  
      87Ag     4.297958    87Au     4.299082    88Ag     4.367313  
      89Ag     4.393779    88Au     4.398873    89Au     4.413352  
      90Ag     4.427000    90Au     4.432720    91Au     4.466158  
      91Ag     4.485513    92Au     4.529402    92Ag     4.558685  
      93Ag     4.595436    93Au     4.611968    94Au     4.664380  
      94Ag     4.694134    95Ag     4.702585    95Au     4.720000  
      96Au     4.782211    97Au     4.783104    96Ag     4.849511  
      98Au     4.888066    97Ag     4.932721    98Ag     5.029376  
      99Ag     5.118468    99Au     5.123329   100Ag     5.160046  
     100Au     5.197551   101Au     5.210998   101Ag     5.217446  
     102Ag     5.277644   103Ag     5.304817   102Au     5.312488  
     103Au     5.361173   104Ag     5.478719   104Au     5.495662  
     105Ag     5.553014   105Au     5.569808   106Au     5.574241  
     106Ag     5.588775   107Ag     5.665214   107Au     5.671222  
     108Ag     5.695825   109Ag     5.724843   108Au     5.741958  
     109Au     5.795404   110Ag     5.807065   110Au     5.878509  
     111Au     5.928440   111Ag     6.104163   112Ag     6.156108  
     113Ag     6.252959   112Au     6.261169   113Au     6.266420  
     114Au     6.381585   114Ag     6.431952   115Ag    11.375525  
     115Au    14.202837   116Ag    14.205203   116Au    14.519480  

    Final Occupation by Irrep:
             Ag    Au 
    DOCC [     8,    8 ]
    NA   [     8,    8 ]
    NB   [     8,    8 ]

  @DF-RHF Final Energy:  -156.16765613235884

   => Energetics <=

    Nuclear Repulsion Energy =            116.1301206935236507
    One-Electron Energy =                -439.1129496192383499
    Two-Electron Energy =                 166.8151727933558277
    Total Energy =                       -156.1676561323588430

Computation Completed


Properties will be evaluated at   0.000000,   0.000000,   0.000000 [a0]

Properties computed using the SCF density matrix


 Multipole Moments:

 ------------------------------------------------------------------------------------
     Multipole            Electronic (a.u.)      Nuclear  (a.u.)        Total (a.u.)
 ------------------------------------------------------------------------------------

 L = 1.  Multiply by 2.5417464519 to convert [e a0] to [Debye]
 Dipole X            :          0.0000000            0.0000000            0.0000000
 Dipole Y            :          0.0000000           -0.0000000           -0.0000000
 Dipole Z            :          0.0000000            0.0000000            0.0000000
 Magnitude           :                                                    0.0000000

 ------------------------------------------------------------------------------------

*** tstop() called on flexpad at Mon Aug  3 19:34:24 2026
Module time:
	user time   =       8.65 seconds =       0.14 minutes
	system time =       0.32 seconds =       0.01 minutes
	total time  =          2 seconds =       0.03 minutes
Total time:
	user time   =    7157.75 seconds =     119.30 minutes
	system time =     314.06 seconds =       5.23 minutes
	total time  =       1229 seconds =      20.48 minutes

*** tstart() called on flexpad
*** at Mon Aug  3 19:34:24 2026


  //>>>>>>>>>>>>>>>>>>>>>>>>>>>>>>>>>>>//
  //               DFMP2               //
  //<<<<<<<<<<<<<<<<<<<<<<<<<<<<<<<<<<<//

   => Loading Basis Set <=

    Name: (CC-PVTZ AUX)
    Role: RIFIT
    Keyword: DF_BASIS_MP2
    atoms 1-4  entry C          line   209 file /home/peter/miniconda3/envs/research/share/psi4/basis/cc-pvtz-ri.gbs 
    atoms 5-12 entry H          line    19 file /home/peter/miniconda3/envs/research/share/psi4/basis/cc-pvtz-ri.gbs 

	 --------------------------------------------------------
	                          DF-MP2                         
	      2nd-Order Density-Fitted Moller-Plesset Theory     
	              RMP2 Wavefunction,   7 Threads             
	                                                         
	        Rob Parrish, Justin Turney, Andy Simmonett,      
	           Ed Hohenstein, and C. David Sherrill          
	 --------------------------------------------------------

   => Auxiliary Basis Set <=

  Basis Set: (CC-PVTZ AUX)
    Blend: CC-PVTZ-RI
    Number of shells: 172
    Number of basis functions: 564
    Number of Cartesian functions: 684
    Spherical Harmonics?: true
    Max angular momentum: 4

	 --------------------------------------------------------
	                 NBF =   232, NAUX =   564
	 --------------------------------------------------------
	   CLASS    FOCC     OCC    AOCC    AVIR     VIR    FVIR
	   PAIRS       4      16      12     216     216       0
	 --------------------------------------------------------

  DFHelper Memory: AOs need 0.227 GiB; user supplied 6.286 GiB. 
  Using in-core AOs.


         ------------------------------------------------------------
                                     CPHF                           
                                  Rob Parrish                       
         ------------------------------------------------------------

  ==> Geometry <==

    Molecular point group: ci
    Full point group: Ci

    Geometry (in Angstrom), charge = 0, multiplicity = 1:

       Center              X                  Y                   Z               Mass       
    ------------   -----------------  -----------------  -----------------  -----------------
         C            0.564371966387    -0.320869377629    -0.156515659248    12.000000000000
         C           -0.564371966387     0.320869377629     0.156515659248    12.000000000000
         C            1.905159481296     0.330677156266    -0.277965125436    12.000000000000
         C           -1.905159481296    -0.330677156266     0.277965125436    12.000000000000
         H            0.516130998875    -1.390425329612    -0.337186249353     1.007825032230
         H           -0.516130998875     1.390425329612     0.337186249353     1.007825032230
         H            2.619059260161    -0.104096809026     0.422339539449     1.007825032230
         H            1.838591357234     1.398440119077    -0.077073541067     1.007825032230
         H            2.318781984372     0.196995889499    -1.277993689535     1.007825032230
         H           -2.619059260161     0.104096809026    -0.422339539449     1.007825032230
         H           -1.838591357234    -1.398440119077     0.077073541067     1.007825032230
         H           -2.318781984372    -0.196995889499     1.277993689535     1.007825032230

  Nuclear repulsion =  116.130120693523651
  Reference energy  = -156.167656132358843

  ==> Basis Set <==

  Basis Set: CC-PVTZ
    Blend: CC-PVTZ
    Number of shells: 88
    Number of basis functions: 232
    Number of Cartesian functions: 260
    Spherical Harmonics?: true
    Max angular momentum: 3

  ==> CGRSolver (by Rob Parrish) <==

   Number of roots    =         1
   Preconditioning    =    JACOBI
   Convergence cutoff =     1E-06
   Maximum iterations =       100

  ==> CPHFRHamiltonian (by Rob Parrish) <== 

  ==> MemDFJK: Density-Fitted J/K Matrices <==

    J tasked:                   Yes
    K tasked:                   Yes
    wK tasked:                   No
    OpenMP threads:               7
    Memory [MiB]:              6437
    Algorithm:                 Core
    Schwarz Cutoff:           1E-12
    Mask sparsity (%):       5.2282
    Fitting Condition:        1E-10

   => Auxiliary Basis Set <=

  Basis Set: (CC-PVTZ AUX)
    Blend: CC-PVTZ-JKFIT
    Number of shells: 180
    Number of basis functions: 556
    Number of Cartesian functions: 664
    Spherical Harmonics?: true
    Max angular momentum: 4

  ==> CPHF Iterations <==

  => Iterations <=

             Iter  Converged  Remaining    Residual
  CGR           1          0          1   8.573E-02
  CGR           2          0          1   1.210E-02
  CGR           3          0          1   2.858E-03
  CGR           4          0          1   8.113E-04
  CGR           5          0          1   1.588E-04
  CGR           6          0          1   3.519E-05
  CGR           7          0          1   5.945E-06
  CGR           8          0          1   1.058E-06
  CGR           9          1          0   1.553E-07

    CGRSolver converged.

  ==> DFCorrGrad: Density-Fitted Correlated Gradients <==

    OpenMP threads:              7
    Integrals threads:           7
    Memory [GiB]:            6.286
    Schwarz Cutoff:          0E+00
    Fitting Condition:       1E-10

   => Auxiliary Basis Set <=

  Basis Set: (CC-PVTZ AUX)
    Blend: CC-PVTZ-JKFIT
    Number of shells: 180
    Number of basis functions: 556
    Number of Cartesian functions: 664
    Spherical Harmonics?: true
    Max angular momentum: 4

	-----------------------------------------------------------
	 ==================> DF-MP2 Energies <==================== 
	-----------------------------------------------------------
	 Reference Energy          =    -156.1676561323588430 [Eh]
	 Singles Energy            =      -0.0000000000000000 [Eh]
	 Same-Spin Energy          =      -0.1503238520882656 [Eh]
	 Opposite-Spin Energy      =      -0.5336511579812846 [Eh]
	 Correlation Energy        =      -0.6839750100695502 [Eh]
	 Total Energy              =    -156.8516311424284027 [Eh]
	-----------------------------------------------------------
	 ================> DF-SCS-MP2 Energies <================== 
	-----------------------------------------------------------
	 SCS Same-Spin Scale       =       0.3333333333333333 [-]
	 SCS Opposite-Spin Scale   =       1.2000000000000000 [-]
	 SCS Same-Spin Energy      =      -0.0501079506960885 [Eh]
	 SCS Opposite-Spin Energy  =      -0.6403813895775415 [Eh]
	 SCS Correlation Energy    =      -0.6904893402736301 [Eh]
	 SCS Total Energy          =    -156.8581454726324864 [Eh]
	-----------------------------------------------------------


  -Total Gradient:
     Atom            X                  Y                   Z
    ------   -----------------  -----------------  -----------------
       1       -0.000015940820    -0.000001610174    -0.000013416456
       2        0.000015940820     0.000001610174     0.000013416456
       3        0.000024305522     0.000032624891    -0.000026064427
       4       -0.000024305522    -0.000032624891     0.000026064427
       5       -0.000004900010    -0.000003340025     0.000006074916
       6        0.000004900010     0.000003340025    -0.000006074916
       7       -0.000001368268    -0.000006319892    -0.000000811511
       8        0.000001178225    -0.000003994802     0.000004646166
       9       -0.000009866304    -0.000006821087     0.000024588248
      10        0.000001368268     0.000006319892     0.000000811511
      11       -0.000001178225     0.000003994802    -0.000004646166
      12        0.000009866304     0.000006821087    -0.000024588248


*** tstop() called on flexpad at Mon Aug  3 19:34:30 2026
Module time:
	user time   =      39.99 seconds =       0.67 minutes
	system time =       1.70 seconds =       0.03 minutes
	total time  =          6 seconds =       0.10 minutes
Total time:
	user time   =    7197.74 seconds =     119.96 minutes
	system time =     315.76 seconds =       5.26 minutes
	total time  =       1235 seconds =      20.58 minutes

    			-----------------------------------------

    			 OPTKING 3.0: for geometry optimizations 

    			     By R.A. King, Bethel University     

    			        with contributions from          

    			    A.V. Copan, J. Cayton, A. Heide      

    			-----------------------------------------

    
	                            ===> Fragment 1 <== 

	 Z (Atomic Numbers)          Masses                          Geom                  
	       6.000000            12.000000          1.06650845 -0.60635525 -0.29577173   
	       6.000000            12.000000         -1.06650845  0.60635525  0.29577173   
	       6.000000            12.000000          3.60022964  0.62488926 -0.52527796   
	       6.000000            12.000000         -3.60022964 -0.62488926  0.52527796   
	       1.000000             1.007825          0.97534623 -2.62752307 -0.63718966   
	       1.000000             1.007825         -0.97534623  2.62752307  0.63718966   
	       1.000000             1.007825          4.94930471 -0.19671446  0.79810606   
	       1.000000             1.007825          3.47443412  2.64266883 -0.14564788   
	       1.000000             1.007825          4.38186290  0.37226828 -2.41505806   
	       1.000000             1.007825         -4.94930471  0.19671446 -0.79810606   
	       1.000000             1.007825         -3.47443412 -2.64266883  0.14564788   
	       1.000000             1.007825         -4.38186290 -0.37226828  2.41505806   

	 - Coordinate -           - BOHR/RAD -       - ANG/DEG -
	 R(1,2)           =         2.523956           1.335620
	 R(1,3)           =         2.826372           1.495652
	 R(1,5)           =         2.051828           1.085780
	 R(2,4)           =         2.826372           1.495652
	 R(2,6)           =         2.051828           1.085780
	 R(3,7)           =         2.060675           1.090462
	 R(3,8)           =         2.057031           1.088534
	 R(3,9)           =         2.060591           1.090418
	 R(4,10)          =         2.060675           1.090462
	 R(4,11)          =         2.057031           1.088534
	 R(4,12)          =         2.060591           1.090418
	 B(1,2,4)         =         2.174050         124.563890
	 B(1,2,6)         =         2.065478         118.343155
	 B(1,3,7)         =         1.940194         111.164909
	 B(1,3,8)         =         1.936393         110.947160
	 B(1,3,9)         =         1.940257         111.168538
	 B(2,1,3)         =         2.174050         124.563890
	 B(2,1,5)         =         2.065478         118.343155
	 B(2,4,10)        =         1.940194         111.164909
	 B(2,4,11)        =         1.936393         110.947160
	 B(2,4,12)        =         1.940257         111.168538
	 B(3,1,5)         =         2.043658         117.092954
	 B(4,2,6)         =         2.043658         117.092954
	 B(7,3,8)         =         1.888739         108.216767
	 B(7,3,9)         =         1.866861         106.963277
	 B(8,3,9)         =         1.888839         108.222519
	 B(10,4,11)       =         1.888739         108.216767
	 B(10,4,12)       =         1.866861         106.963277
	 B(11,4,12)       =         1.888839         108.222519
	 D(1,2,4,10)      =         4.180470         239.523279
	 D(1,2,4,11)      =        -0.000034          -0.001923
	 D(1,2,4,12)      =         2.102818         120.482593
	 D(2,1,3,7)       =         2.102715         120.476721
	 D(2,1,3,8)       =         0.000034           0.001923
	 D(2,1,3,9)       =        -2.102818        -120.482593
	 D(3,1,2,4)       =         3.141593         180.000000
	 D(3,1,2,6)       =         0.000227           0.013000
	 D(4,2,1,5)       =        -0.000227          -0.013000
	 D(5,1,2,6)       =         3.141593         180.000000
	 D(5,1,3,7)       =        -1.038653         -59.510428
	 D(5,1,3,8)       =         3.141851         180.014774
	 D(5,1,3,9)       =         1.038999          59.530258
	 D(6,2,4,10)      =         1.038653          59.510428
	 D(6,2,4,11)      =         3.141335         179.985226
	 D(6,2,4,12)      =        -1.038999         -59.530258


	        --- Internal Coordinate Step in ANG or DEG, aJ/ANG or AJ/DEG ---
	-------------------------------------------------------------------------------
	           Coordinate      Previous         Force          Change          New 
	           ----------      --------        ------          ------        ------
	               R(1,2)       1.33562        0.00008        0.00001       1.33563
	               R(1,3)       1.49565       -0.00016       -0.00003       1.49562
	               R(1,5)       1.08578       -0.00002       -0.00001       1.08577
	               R(2,4)       1.49565       -0.00016       -0.00003       1.49562
	               R(2,6)       1.08578       -0.00002       -0.00001       1.08577
	               R(3,7)       1.09046       -0.00001       -0.00000       1.09046
	               R(3,8)       1.08853        0.00003        0.00001       1.08854
	               R(3,9)       1.09042        0.00021        0.00004       1.09046
	              R(4,10)       1.09046       -0.00001       -0.00000       1.09046
	              R(4,11)       1.08853        0.00003        0.00001       1.08854
	              R(4,12)       1.09042        0.00021        0.00004       1.09046
	             B(1,2,4)     124.56389       -0.00000       -0.00058     124.56331
	             B(1,2,6)     118.34315        0.00000        0.00323     118.34638
	             B(1,3,7)     111.16491        0.00000        0.00453     111.16944
	             B(1,3,8)     110.94716       -0.00000       -0.00097     110.94619
	             B(1,3,9)     111.16854        0.00000        0.00286     111.17140
	             B(2,1,3)     124.56389       -0.00000       -0.00058     124.56331
	             B(2,1,5)     118.34315        0.00000        0.00323     118.34638
	            B(2,4,10)     111.16491        0.00000        0.00453     111.16944
	            B(2,4,11)     110.94716       -0.00000       -0.00097     110.94619
	            B(2,4,12)     111.16854        0.00000        0.00286     111.17140
	             B(3,1,5)     117.09295       -0.00000       -0.00265     117.09030
	             B(4,2,6)     117.09295       -0.00000       -0.00265     117.09030
	             B(7,3,8)     108.21677       -0.00000       -0.00148     108.21528
	             B(7,3,9)     106.96328       -0.00000        0.00075     106.96402
	             B(8,3,9)     108.22252       -0.00000       -0.00599     108.21653
	           B(10,4,11)     108.21677       -0.00000       -0.00148     108.21528
	           B(10,4,12)     106.96328       -0.00000        0.00075     106.96402
	           B(11,4,12)     108.22252       -0.00000       -0.00599     108.21653
	          D(1,2,4,10)     239.52328        0.00000        0.00151     239.52479
	          D(1,2,4,11)      -0.00192        0.00000        0.00192       0.00000
	          D(1,2,4,12)     120.48259       -0.00000       -0.00429     120.47830
	           D(2,1,3,7)     120.47672       -0.00000       -0.00151     120.47521
	           D(2,1,3,8)       0.00192       -0.00000       -0.00192      -0.00000
	           D(2,1,3,9)    -120.48259        0.00000        0.00429    -120.47830
	           D(3,1,2,4)     180.00000        0.00000        0.00000     180.00000
	           D(3,1,2,6)       0.01300       -0.00000       -0.01099       0.00201
	           D(4,2,1,5)      -0.01300        0.00000        0.01099      -0.00201
	           D(5,1,2,6)     180.00000        0.00000        0.00000     180.00000
	           D(5,1,3,7)     -59.51043       -0.00000       -0.01237     -59.52280
	           D(5,1,3,8)     180.01477       -0.00000       -0.01288     180.00189
	           D(5,1,3,9)      59.53026        0.00000       -0.00657      59.52369
	          D(6,2,4,10)      59.51043        0.00000        0.01237      59.52280
	          D(6,2,4,11)     179.98523        0.00000        0.01288     179.99811
	          D(6,2,4,12)     -59.53026       -0.00000        0.00657     -59.52369
	-------------------------------------------------------------------------------

	                                 ==> Convergence Check <==                                  
    
	Measures of convergence in internal coordinates in au.
    
	Criteria marked as inactive (o), active & met (*), and active & unmet ( ).

	----------------------------------------------------------------------------------------------
	   Step    Total Energy     Delta E     Max Force     RMS Force      Max Disp      RMS Disp   
	----------------------------------------------------------------------------------------------
	  Convergence Criteria     1.00e-06 *    3.00e-04 *             o    1.20e-03 *             o
	----------------------------------------------------------------------------------------------
	    13    -156.85163114   -7.44e-08 *    2.55e-05 *    8.13e-06 o    2.25e-04 *    9.17e-05 o  ~
	----------------------------------------------------------------------------------------------

Next Geometry in Ang 
	Fragment 1 (Ang)

	    C   0.5643720883  -0.3208899052  -0.1564908881
	    C  -0.5643720883   0.3208899052   0.1564908881
	    C   1.9051406947   0.3306253991  -0.2779443688
	    C  -1.9051406947  -0.3306253991   0.2779443688
	    H   0.5161430673  -1.3904180014  -0.3372961672
	    H  -0.5161430673   1.3904180014   0.3372961672
	    H   2.6190767898  -0.1040491267   0.4223837845
	    H   1.8385537636   1.3984106448  -0.0771363416
	    H   2.3188056715   0.1969799131  -1.2780006096
	    H  -2.6190767898   0.1040491267  -0.4223837845
	    H  -1.8385537636  -1.3984106448   0.0771363416
	    H  -2.3188056715  -0.1969799131   1.2780006096


    Final optimized geometry and variables:
    Molecular point group: ci
    Full point group: Ci

    Geometry (in Angstrom), charge = 0, multiplicity = 1:

    C            0.564371966387    -0.320869377629    -0.156515659248
    C           -0.564371966387     0.320869377629     0.156515659248
    C            1.905159481296     0.330677156266    -0.277965125436
    C           -1.905159481296    -0.330677156266     0.277965125436
    H            0.516130998875    -1.390425329612    -0.337186249353
    H           -0.516130998875     1.390425329612     0.337186249353
    H            2.619059260161    -0.104096809026     0.422339539449
    H            1.838591357234     1.398440119077    -0.077073541067
    H            2.318781984372     0.196995889499    -1.277993689535
    H           -2.619059260161     0.104096809026    -0.422339539449
    H           -1.838591357234    -1.398440119077     0.077073541067
    H           -2.318781984372    -0.196995889499     1.277993689535


Scratch directory: /tmp/
    For method 'CCSD(T)', SCF Algorithm Type (re)set to DISK_DF.
   => Libint2 <=

    Primary   basis highest AM E, G, H:  6, 6, 3
    Auxiliary basis highest AM E, G, H:  7, 7, 4
    Onebody   basis highest AM E, G, H:  -, -, -
    Solid Harmonics ordering:            Gaussian

*** tstart() called on flexpad
*** at Mon Aug  3 19:34:30 2026

   => Loading Basis Set <=

    Name: CC-PVTZ
    Role: ORBITAL
    Keyword: BASIS
    atoms 1-4  entry C          line   186 file /home/peter/miniconda3/envs/research/share/psi4/basis/cc-pvtz.gbs 
    atoms 5-12 entry H          line    23 file /home/peter/miniconda3/envs/research/share/psi4/basis/cc-pvtz.gbs 


         ---------------------------------------------------------
                                   SCF
               by Justin Turney, Rob Parrish, Andy Simmonett
                          and Daniel G. A. Smith
                              RHF Reference
                        7 Threads,   8583 MiB Core
         ---------------------------------------------------------

  ==> Geometry <==

    Molecular point group: ci
    Full point group: Ci

    Geometry (in Angstrom), charge = 0, multiplicity = 1:

       Center              X                  Y                   Z               Mass       
    ------------   -----------------  -----------------  -----------------  -----------------
         C            0.564371966387    -0.320869377629    -0.156515659248    12.000000000000
         C           -0.564371966387     0.320869377629     0.156515659248    12.000000000000
         C            1.905159481296     0.330677156266    -0.277965125436    12.000000000000
         C           -1.905159481296    -0.330677156266     0.277965125436    12.000000000000
         H            0.516130998875    -1.390425329612    -0.337186249353     1.007825032230
         H           -0.516130998875     1.390425329612     0.337186249353     1.007825032230
         H            2.619059260161    -0.104096809026     0.422339539449     1.007825032230
         H            1.838591357234     1.398440119077    -0.077073541067     1.007825032230
         H            2.318781984372     0.196995889499    -1.277993689535     1.007825032230
         H           -2.619059260161     0.104096809026    -0.422339539449     1.007825032230
         H           -1.838591357234    -1.398440119077     0.077073541067     1.007825032230
         H           -2.318781984372    -0.196995889499     1.277993689535     1.007825032230

  Running in ci symmetry.

  Rotational constants: A =      1.16079  B =      0.12514  C =      0.11785 [cm^-1]
  Rotational constants: A =  34799.50160  B =   3751.53155  C =   3533.04862 [MHz]
  Nuclear repulsion =  116.130120693523651

  Charge       = 0
  Multiplicity = 1
  Electrons    = 32
  Nalpha       = 16
  Nbeta        = 16

  ==> Algorithm <==

  SCF Algorithm Type is DISK_DF.
  DIIS enabled.
  MOM disabled.
  Fractional occupation disabled.
  Guess Type is SAD.
  Energy threshold   = 1.00e-09
  Density threshold  = 1.00e-09
  Integral threshold = 1.00e-12

  ==> Primary Basis <==

  Basis Set: CC-PVTZ
    Blend: CC-PVTZ
    Number of shells: 88
    Number of basis functions: 232
    Number of Cartesian functions: 260
    Spherical Harmonics?: true
    Max angular momentum: 3

   => Loading Basis Set <=

    Name: (CC-PVTZ AUX)
    Role: JKFIT
    Keyword: DF_BASIS_SCF
    atoms 1-4  entry C          line   125 file /home/peter/miniconda3/envs/research/share/psi4/basis/cc-pvtz-jkfit.gbs 
    atoms 5-12 entry H          line    51 file /home/peter/miniconda3/envs/research/share/psi4/basis/cc-pvtz-jkfit.gbs 

  ==> Integral Setup <==

  ==> DiskDFJK: Density-Fitted J/K Matrices <==

    J tasked:                  Yes
    K tasked:                  Yes
    wK tasked:                  No
    OpenMP threads:              7
    Integrals threads:           7
    Memory [MiB]:             6437
    Algorithm:                Core
    Integral Cache:           SAVE
    Schwarz Cutoff:          1E-12
    Fitting Condition:       1E-10

   => Auxiliary Basis Set <=

  Basis Set: (CC-PVTZ AUX)
    Blend: CC-PVTZ-JKFIT
    Number of shells: 180
    Number of basis functions: 556
    Number of Cartesian functions: 664
    Spherical Harmonics?: true
    Max angular momentum: 4

  Minimum eigenvalue in the overlap matrix is 5.7205804071E-04.
  Reciprocal condition number of the overlap matrix is 7.6725637046E-05.
    Using symmetric orthogonalization.

  ==> Pre-Iterations <==

  SCF Guess: Superposition of Atomic Densities via on-the-fly atomic UHF (no occupation information).

   -------------------------
    Irrep   Nso     Nmo    
   -------------------------
     Ag       116     116 
     Au       116     116 
   -------------------------
    Total     232     232
   -------------------------

  ==> Iterations <==

                           Total Energy        Delta E     RMS |[F,P]|

   @DF-RHF iter SAD:  -155.41944377474957   -1.55419e+02   0.00000e+00 
   @DF-RHF iter   1:  -156.01249134646230   -5.93048e-01   2.98782e-03 ADIIS/DIIS
   @DF-RHF iter   2:  -156.14349540806813   -1.31004e-01   1.24998e-03 ADIIS/DIIS
   @DF-RHF iter   3:  -156.16577613391496   -2.22807e-02   2.43157e-04 ADIIS/DIIS
   @DF-RHF iter   4:  -156.16760800990758   -1.83188e-03   4.31038e-05 DIIS
   @DF-RHF iter   5:  -156.16765202165280   -4.40117e-05   1.39800e-05 DIIS
   @DF-RHF iter   6:  -156.16765600788574   -3.98623e-06   1.96958e-06 DIIS
   @DF-RHF iter   7:  -156.16765612775785   -1.19872e-07   3.58016e-07 DIIS
   @DF-RHF iter   8:  -156.16765613213346   -4.37561e-09   7.61343e-08 DIIS
   @DF-RHF iter   9:  -156.16765613235270   -2.19245e-10   1.35430e-08 DIIS
   @DF-RHF iter  10:  -156.16765613235864   -5.94014e-12   2.34576e-09 DIIS
   @DF-RHF iter  11:  -156.16765613235896   -3.12639e-13   3.76476e-10 DIIS
  Energy and wave function converged.


  ==> Post-Iterations <==

    Orbital Energies [Eh]
    ---------------------

    Doubly Occupied:                                                      

       1Ag   -11.221254     1Au   -11.219565     2Ag   -11.215202  
       2Au   -11.215189     3Ag    -1.076609     3Au    -0.983966  
       4Ag    -0.877100     4Au    -0.744246     5Au    -0.606315  
       5Ag    -0.604760     6Au    -0.571107     6Ag    -0.554292  
       7Au    -0.521495     7Ag    -0.507532     8Ag    -0.481843  
       8Au    -0.340826  

    Virtual:                                                              

       9Ag     0.147973     9Au     0.159802    10Au     0.174015  
      10Ag     0.176074    11Ag     0.216035    12Ag     0.220245  
      11Au     0.224239    13Ag     0.240168    12Au     0.252648  
      13Au     0.309441    14Ag     0.339377    15Ag     0.365106  
      16Ag     0.395956    14Au     0.408771    15Au     0.421735  
      17Ag     0.455441    16Au     0.465092    17Au     0.516637  
      18Au     0.523650    18Ag     0.533173    19Au     0.584579  
      19Ag     0.609015    20Ag     0.621885    20Au     0.626392  
      21Au     0.629608    21Ag     0.639067    22Au     0.647796  
      22Ag     0.650833    23Au     0.669691    23Ag     0.674766  
      24Ag     0.738227    24Au     0.748786    25Ag     0.760461  
      25Au     0.788196    26Au     0.841027    26Ag     0.849617  
      27Au     0.867643    28Au     0.870094    27Ag     0.925095  
      29Au     1.004865    28Ag     1.007358    29Ag     1.008538  
      30Au     1.075533    30Ag     1.077273    31Ag     1.085346  
      31Au     1.177195    32Au     1.194506    32Ag     1.202289  
      33Ag     1.209397    34Ag     1.222669    33Au     1.231907  
      35Ag     1.249920    34Au     1.260859    35Au     1.299824  
      36Ag     1.303855    36Au     1.333998    37Ag     1.369097  
      37Au     1.373715    38Ag     1.385680    38Au     1.398557  
      39Au     1.467557    39Ag     1.470263    40Au     1.501542  
      40Ag     1.515778    41Au     1.535443    41Ag     1.551496  
      42Ag     1.569393    43Ag     1.578394    42Au     1.610801  
      43Au     1.636004    44Ag     1.679390    45Ag     1.695127  
      44Au     1.702762    46Ag     1.739142    45Au     1.751329  
      46Au     1.768385    47Au     1.808979    47Ag     1.941121  
      48Au     2.004325    48Ag     2.175806    49Au     2.368683  
      49Ag     2.428950    50Au     2.473227    50Ag     2.515121  
      51Ag     2.544304    51Au     2.576680    52Au     2.645829  
      53Au     2.661904    52Ag     2.680561    53Ag     2.695294  
      54Ag     2.756656    54Au     2.801720    55Au     2.831818  
      55Ag     2.837159    56Ag     2.841768    56Au     2.993336  
      57Au     2.995537    57Ag     2.998040    58Au     3.017735  
      59Au     3.024728    60Au     3.090676    58Ag     3.100418  
      59Ag     3.115049    61Au     3.142968    60Ag     3.152776  
      61Ag     3.157977    62Au     3.210501    62Ag     3.224348  
      63Ag     3.246438    64Ag     3.257313    65Ag     3.281591  
      63Au     3.292336    64Au     3.293050    66Ag     3.314345  
      65Au     3.352250    66Au     3.358700    67Au     3.362972  
      68Au     3.389065    67Ag     3.390168    68Ag     3.403906  
      69Ag     3.448851    69Au     3.470689    70Ag     3.523344  
      71Ag     3.578098    70Au     3.578403    71Au     3.592378  
      72Au     3.596552    72Ag     3.607308    73Ag     3.645659  
      73Au     3.655848    74Au     3.698754    75Au     3.722589  
      74Ag     3.746384    75Ag     3.761640    76Au     3.769988  
      77Au     3.803378    76Ag     3.809475    78Au     3.810161  
      77Ag     3.824383    79Au     3.890542    78Ag     3.902302  
      79Ag     3.951086    80Ag     4.013575    80Au     4.022544  
      81Ag     4.030753    81Au     4.045479    82Ag     4.090548  
      82Au     4.114893    83Ag     4.134740    83Au     4.141201  
      84Au     4.163855    84Ag     4.213974    85Au     4.219230  
      85Ag     4.239291    86Au     4.259898    86Ag     4.274892  
      87Ag     4.297958    87Au     4.299082    88Ag     4.367313  
      89Ag     4.393779    88Au     4.398873    89Au     4.413352  
      90Ag     4.427000    90Au     4.432720    91Au     4.466158  
      91Ag     4.485513    92Au     4.529402    92Ag     4.558685  
      93Ag     4.595436    93Au     4.611968    94Au     4.664380  
      94Ag     4.694135    95Ag     4.702585    95Au     4.720000  
      96Au     4.782211    97Au     4.783104    96Ag     4.849511  
      98Au     4.888066    97Ag     4.932721    98Ag     5.029376  
      99Ag     5.118468    99Au     5.123329   100Ag     5.160046  
     100Au     5.197551   101Au     5.210998   101Ag     5.217446  
     102Ag     5.277644   103Ag     5.304817   102Au     5.312488  
     103Au     5.361173   104Ag     5.478719   104Au     5.495662  
     105Ag     5.553014   105Au     5.569808   106Au     5.574241  
     106Ag     5.588775   107Ag     5.665214   107Au     5.671222  
     108Ag     5.695825   109Ag     5.724843   108Au     5.741958  
     109Au     5.795404   110Ag     5.807065   110Au     5.878509  
     111Au     5.928440   111Ag     6.104163   112Ag     6.156108  
     113Ag     6.252959   112Au     6.261169   113Au     6.266420  
     114Au     6.381585   114Ag     6.431952   115Ag    11.375525  
     115Au    14.202837   116Ag    14.205203   116Au    14.519480  

    Final Occupation by Irrep:
             Ag    Au 
    DOCC [     8,    8 ]
    NA   [     8,    8 ]
    NB   [     8,    8 ]

  @DF-RHF Final Energy:  -156.16765613235896

   => Energetics <=

    Nuclear Repulsion Energy =            116.1301206935236507
    One-Electron Energy =                -439.1129502901995920
    Two-Electron Energy =                 166.8151734643170130
    Total Energy =                       -156.1676561323589567

Computation Completed


Properties will be evaluated at   0.000000,   0.000000,   0.000000 [a0]

Properties computed using the SCF density matrix


 Multipole Moments:

 ------------------------------------------------------------------------------------
     Multipole            Electronic (a.u.)      Nuclear  (a.u.)        Total (a.u.)
 ------------------------------------------------------------------------------------

 L = 1.  Multiply by 2.5417464519 to convert [e a0] to [Debye]
 Dipole X            :          0.0000000            0.0000000            0.0000000
 Dipole Y            :          0.0000000           -0.0000000           -0.0000000
 Dipole Z            :          0.0000000            0.0000000            0.0000000
 Magnitude           :                                                    0.0000000

 ------------------------------------------------------------------------------------

*** tstop() called on flexpad at Mon Aug  3 19:34:33 2026
Module time:
	user time   =      13.25 seconds =       0.22 minutes
	system time =       0.57 seconds =       0.01 minutes
	total time  =          3 seconds =       0.05 minutes
Total time:
	user time   =    7212.49 seconds =     120.21 minutes
	system time =     316.36 seconds =       5.27 minutes
	total time  =       1238 seconds =      20.63 minutes

  A requested method does not make use of molecular symmetry: further calculations in C1 point group.

  Constructing Basis Sets for FNOCC...

   => Loading Basis Set <=

    Name: (CC-PVTZ AUX)
    Role: JKFIT
    Keyword: DF_BASIS_SCF
    atoms 1-4  entry C          line   125 file /home/peter/miniconda3/envs/research/share/psi4/basis/cc-pvtz-jkfit.gbs 
    atoms 5-12 entry H          line    51 file /home/peter/miniconda3/envs/research/share/psi4/basis/cc-pvtz-jkfit.gbs 

   => Loading Basis Set <=

    Name: (CC-PVTZ AUX)
    Role: RIFIT
    Keyword: DF_BASIS_CC
    atoms 1-4  entry C          line   209 file /home/peter/miniconda3/envs/research/share/psi4/basis/cc-pvtz-ri.gbs 
    atoms 5-12 entry H          line    19 file /home/peter/miniconda3/envs/research/share/psi4/basis/cc-pvtz-ri.gbs 


*** tstart() called on flexpad
*** at Mon Aug  3 19:34:33 2026



        *******************************************************
        *                                                     *
        *                       DF-CCSD                       *
        *                 Density-fitted CCSD                 *
        *                                                     *
        *                   Eugene DePrince                   *
        *                                                     *
        *******************************************************


  ==> 3-index integrals <==

  ==> DF Tensor (by Rob Parrish) <==

 => Primary Basis Set <= 

  Basis Set: CC-PVTZ
    Blend: CC-PVTZ
    Number of shells: 88
    Number of basis functions: 232
    Number of Cartesian functions: 260
    Spherical Harmonics?: true
    Max angular momentum: 3

 => Auxiliary Basis Set <= 

  Basis Set: (CC-PVTZ AUX)
    Blend: CC-PVTZ-RI
    Number of shells: 172
    Number of basis functions: 564
    Number of Cartesian functions: 684
    Spherical Harmonics?: true
    Max angular momentum: 4

  DFTensor Memory: Qso construction needs 0.455 GiB; user supplied 7.963 GiB. 
    Number of auxiliary functions:         564

  ==> Memory <==

        Total memory available:              8.382 [GiB]
        CCSD memory requirements:            0.589 [GiB]
            3-index integrals:               0.208 [GiB]
            CCSD intermediates:              0.382 [GiB]
        (T) algorithm:                       0.103 [GiB] (low-memory)

  ==> Input parameters <==

        Freeze core orbitals?                 yes
        Use frozen natural orbitals?           no
        r_convergence:                  1.000e-07
        e_convergence:                  1.000e-09
        Number of DIIS vectors:                 8
        Number of frozen core orbitals:         4
        Number of active occupied orbitals:    12
        Number of active virtual orbitals:    216
        Number of frozen virtual orbitals:      0


  Begin singles and doubles coupled cluster iterations

   Iter  DIIS          Energy       d(Energy)          |d(T)|     time
      0   0 1   -0.6839750092   -0.6839750092    0.4108804969        1
      1   1 1   -0.7077874809   -0.0238124717    0.0697097027       18
      2   2 1   -0.7238217625   -0.0160342816    0.0244079397       18
      3   3 1   -0.7279638416   -0.0041420792    0.0097328497       25
      4   4 1   -0.7279455825    0.0000182592    0.0025997251       24
      5   5 1   -0.7280152313   -0.0000696488    0.0008311495       25
      6   6 1   -0.7280161324   -0.0000009011    0.0002080795       19
      7   7 1   -0.7280138319    0.0000023005    0.0000487661       23
      8   8 1   -0.7280141760   -0.0000003441    0.0000143585       21
      9   8 2   -0.7280142620   -0.0000000860    0.0000042168       17
     10   8 3   -0.7280140666    0.0000001954    0.0000013749       24
     11   8 4   -0.7280141071   -0.0000000405    0.0000004575       26
     12   8 5   -0.7280140979    0.0000000091    0.0000001197       23
     13   8 6   -0.7280141017   -0.0000000038    0.0000000402       24
     14   8 7   -0.7280141030   -0.0000000013    0.0000000122       17
     15   8 8   -0.7280141031   -0.0000000001    0.0000000043       25

  CCSD iterations converged!

        T1 diagnostic:                        0.009589605617
        D1 diagnostic:                        0.029379849667

        OS MP2 correlation energy:           -0.533651157425
        SS MP2 correlation energy:           -0.150323851793
        MP2 correlation energy:              -0.683975009218
      * MP2 total energy:                  -156.851631141577

        OS CCSD correlation energy:          -0.588838876743
        SS CCSD correlation energy:          -0.139175226316
        CCSD correlation energy:             -0.728014103059
      * CCSD total energy:                 -156.895670235418

  Total time for CCSD iterations:    2207.99 s (user)
                                       54.18 s (system)
                                         331 s (total)

  Time per iteration:                 147.20 s (user)
                                        3.61 s (system)
                                       22.07 s (total)

*** tstop() called on flexpad at Mon Aug  3 19:40:07 2026
Module time:
	user time   =    2217.38 seconds =      36.96 minutes
	system time =      54.95 seconds =       0.92 minutes
	total time  =        334 seconds =       5.57 minutes
Total time:
	user time   =    9432.08 seconds =     157.20 minutes
	system time =     371.36 seconds =       6.19 minutes
	total time  =       1572 seconds =      26.20 minutes

*** tstart() called on flexpad
*** at Mon Aug  3 19:40:09 2026


        *******************************************************
        *                                                     *
        *                      CCSD(T)                        *
        *                                                     *
        *******************************************************


        Using low-memory algorithm.

        num_threads:                      7
        available memory:        8583.07 mb
        memory requirements:      105.84 mb

        Number of abc combinations: 1703016

        Computing (T) correction...

        % complete  total time
              10.0        10 s
              20.0        20 s
              30.0        31 s
              40.0        41 s
              50.0        51 s
              60.0        62 s
              70.0        72 s
              80.0        82 s
              90.0        93 s

        (T) energy                            -0.030145748052

        CCSD(T) correlation energy            -0.758159851111
      * CCSD(T) total energy                -156.925815983470


*** tstop() called on flexpad at Mon Aug  3 19:41:52 2026
Module time:
	user time   =     668.13 seconds =      11.14 minutes
	system time =      48.54 seconds =       0.81 minutes
	total time  =        103 seconds =       1.72 minutes
Total time:
	user time   =   10112.33 seconds =     168.54 minutes
	system time =     420.50 seconds =       7.01 minutes
	total time  =       1677 seconds =      27.95 minutes

*** tstop() called on flexpad at Mon Aug  3 19:41:52 2026
Module time:
	user time   =     668.23 seconds =      11.14 minutes
	system time =      48.56 seconds =       0.81 minutes
	total time  =        103 seconds =       1.72 minutes
Total time:
	user time   =   10112.43 seconds =     168.54 minutes
	system time =     420.52 seconds =       7.01 minutes
	total time  =       1677 seconds =      27.95 minutes

  Memory set to   8.382 GiB by Python driver.
  Threads set to 7 by Python driver.
