
Scratch directory: /tmp/
gradient() will perform analytic gradient computation.
   => Libint2 <=

    Primary   basis highest AM E, G, H:  6, 6, 3
    Auxiliary basis highest AM E, G, H:  7, 7, 4
    Onebody   basis highest AM E, G, H:  -, -, -
    Solid Harmonics ordering:            Gaussian

*** tstart() called on flexpad
*** at Mon Aug  3 19:12:39 2026

   => Loading Basis Set <=

    Name: CC-PVDZ
    Role: ORBITAL
    Keyword: BASIS
    atoms 1-4  entry C          line   138 file /home/peter/miniconda3/envs/research/share/psi4/basis/cc-pvdz.gbs 
    atoms 5-12 entry H          line    22 file /home/peter/miniconda3/envs/research/share/psi4/basis/cc-pvdz.gbs 


         ---------------------------------------------------------
                                   SCF
               by Justin Turney, Rob Parrish, Andy Simmonett
                          and Daniel G. A. Smith
                              RHF Reference
                        7 Threads,   8583 MiB Core
         ---------------------------------------------------------

  ==> Geometry <==

    Molecular point group: ci
    Full point group: Ci

    Geometry (in Angstrom), charge = 0, multiplicity = 1:

       Center              X                  Y                   Z               Mass       
    ------------   -----------------  -----------------  -----------------  -----------------
         C            0.664000000000    -0.190000000000     0.000000000000    12.000000000000
         C           -0.664000000000     0.190000000000     0.000000000000    12.000000000000
         C            1.873000000000     0.356000000000     0.000000000000    12.000000000000
         C           -1.873000000000    -0.356000000000     0.000000000000    12.000000000000
         H            0.587000000000    -1.276000000000     0.000000000000     1.007825032230
         H           -0.587000000000     1.276000000000     0.000000000000     1.007825032230
         H            2.766000000000    -0.272000000000     0.000000000000     1.007825032230
         H            2.010000000000     1.436000000000     0.000000000000     1.007825032230
         H            1.870000000000     0.240000000000    -0.890000000000     1.007825032230
         H           -2.766000000000     0.272000000000     0.000000000000     1.007825032230
         H           -2.010000000000    -1.436000000000     0.000000000000     1.007825032230
         H           -1.870000000000    -0.240000000000     0.890000000000     1.007825032230

  Running in ci symmetry.

  Rotational constants: A =      1.56967  B =      0.12962  C =      0.12235 [cm^-1]
  Rotational constants: A =  47057.65844  B =   3885.76233  C =   3667.84665 [MHz]
  Nuclear repulsion =  122.351600534641094

  Charge       = 0
  Multiplicity = 1
  Electrons    = 32
  Nalpha       = 16
  Nbeta        = 16

  ==> Algorithm <==

  SCF Algorithm Type is DF.
  DIIS enabled.
  MOM disabled.
  Fractional occupation disabled.
  Guess Type is SAD.
  Energy threshold   = 1.00e-09
  Density threshold  = 1.00e-09
  Integral threshold = 1.00e-12

  ==> Primary Basis <==

  Basis Set: CC-PVDZ
    Blend: CC-PVDZ
    Number of shells: 48
    Number of basis functions: 96
    Number of Cartesian functions: 100
    Spherical Harmonics?: true
    Max angular momentum: 2

   => Loading Basis Set <=

    Name: (CC-PVDZ AUX)
    Role: JKFIT
    Keyword: DF_BASIS_SCF
    atoms 1-4  entry C          line   121 file /home/peter/miniconda3/envs/research/share/psi4/basis/cc-pvdz-jkfit.gbs 
    atoms 5-12 entry H          line    51 file /home/peter/miniconda3/envs/research/share/psi4/basis/cc-pvdz-jkfit.gbs 

  ==> Integral Setup <==

  DFHelper Memory: AOs need 0.035 GiB; user supplied 6.286 GiB. 
  Using in-core AOs.

  ==> MemDFJK: Density-Fitted J/K Matrices <==

    J tasked:                   Yes
    K tasked:                   Yes
    wK tasked:                   No
    OpenMP threads:               7
    Memory [MiB]:              6437
    Algorithm:                 Core
    Schwarz Cutoff:           1E-12
    Mask sparsity (%):       1.1068
    Fitting Condition:        1E-10

   => Auxiliary Basis Set <=

  Basis Set: (CC-PVDZ AUX)
    Blend: CC-PVDZ-JKFIT
    Number of shells: 168
    Number of basis functions: 464
    Number of Cartesian functions: 524
    Spherical Harmonics?: true
    Max angular momentum: 3

  Minimum eigenvalue in the overlap matrix is 1.1380633975E-03.
  Reciprocal condition number of the overlap matrix is 2.0507152847E-04.
    Using symmetric orthogonalization.

  ==> Pre-Iterations <==

  SCF Guess: Superposition of Atomic Densities via on-the-fly atomic UHF (no occupation information).

   -------------------------
    Irrep   Nso     Nmo    
   -------------------------
     Ag        48      48 
     Au        48      48 
   -------------------------
    Total      96      96
   -------------------------

  ==> Iterations <==

                           Total Energy        Delta E     RMS |[F,P]|

   @DF-RHF iter SAD:  -156.20191299145276   -1.56202e+02   0.00000e+00 
   @DF-RHF iter   1:  -155.69644603425303    5.05467e-01   7.30673e-03 ADIIS/DIIS
   @DF-RHF iter   2:  -155.83276404696750   -1.36318e-01   3.03875e-03 ADIIS/DIIS
   @DF-RHF iter   3:  -155.85528402983783   -2.25200e-02   5.60182e-04 ADIIS/DIIS
   @DF-RHF iter   4:  -155.85684305502707   -1.55903e-03   1.13510e-04 ADIIS/DIIS
   @DF-RHF iter   5:  -155.85689016096399   -4.71059e-05   3.20429e-05 DIIS
   @DF-RHF iter   6:  -155.85689515060193   -4.98964e-06   6.10180e-06 DIIS
   @DF-RHF iter   7:  -155.85689545870773   -3.08106e-07   1.78966e-06 DIIS
   @DF-RHF iter   8:  -155.85689549347063   -3.47629e-08   4.31748e-07 DIIS
   @DF-RHF iter   9:  -155.85689549541539   -1.94476e-09   7.79105e-08 DIIS
   @DF-RHF iter  10:  -155.85689549546925   -5.38591e-11   1.50772e-08 DIIS
   @DF-RHF iter  11:  -155.85689549547132   -2.07478e-12   3.92972e-09 DIIS
   @DF-RHF iter  12:  -155.85689549547152   -1.98952e-13   1.00419e-09 DIIS
   @DF-RHF iter  13:  -155.85689549547146    5.68434e-14   2.27717e-10 DIIS
  Energy and wave function converged.


  ==> Post-Iterations <==

    Orbital Energies [Eh]
    ---------------------

    Doubly Occupied:                                                      

       1Ag   -11.216259     1Au   -11.214966     2Ag   -11.196012  
       2Au   -11.196007     3Ag    -1.136425     3Au    -1.089014  
       4Ag    -0.905453     4Au    -0.739441     5Au    -0.655193  
       5Ag    -0.624641     6Au    -0.585035     6Ag    -0.577238  
       7Ag    -0.548449     7Au    -0.532149     8Ag    -0.426081  
       8Au    -0.278230  

    Virtual:                                                              

       9Ag     0.194937     9Au     0.202133    10Au     0.211436  
      10Ag     0.215817    11Ag     0.259475    11Au     0.276670  
      12Ag     0.279032    13Ag     0.283455    12Au     0.306383  
      13Au     0.428288    14Ag     0.466375    14Au     0.520956  
      15Ag     0.525565    15Au     0.558316    16Au     0.579234  
      16Ag     0.598050    17Ag     0.754412    17Au     0.771118  
      18Au     0.815739    18Ag     0.841749    19Ag     0.853702  
      19Au     0.876669    20Au     0.885072    20Ag     0.896631  
      21Au     0.915219    21Ag     0.969561    22Au     0.996284  
      22Ag     1.016177    23Au     1.075693    23Ag     1.080352  
      24Au     1.134216    24Ag     1.159708    25Au     1.172788  
      25Ag     1.175836    26Au     1.224115    26Ag     1.238476  
      27Au     1.373432    27Ag     1.378807    28Au     1.434584  
      28Ag     1.469822    29Au     1.598324    29Ag     1.636676  
      30Au     1.678278    30Ag     1.700559    31Au     1.711398  
      31Ag     1.770996    32Ag     1.787233    32Au     1.848467  
      33Ag     1.893306    33Au     1.931288    34Ag     1.932077  
      35Ag     2.005141    34Au     2.027747    35Au     2.066197  
      36Au     2.086629    36Ag     2.087872    37Ag     2.167545  
      37Au     2.173487    38Ag     2.240367    38Au     2.266108  
      39Ag     2.362844    39Au     2.366117    40Au     2.478668  
      41Au     2.499657    40Ag     2.505321    41Ag     2.543550  
      42Au     2.551620    42Ag     2.580477    43Au     2.618125  
      44Au     2.656318    43Ag     2.714681    44Ag     2.838048  
      45Au     2.843588    45Ag     2.924034    46Au     3.036729  
      46Ag     3.182616    47Ag     3.346895    47Au     3.481534  
      48Au     3.554981    48Ag     3.618212  

    Final Occupation by Irrep:
             Ag    Au 
    DOCC [     8,    8 ]
    NA   [     8,    8 ]
    NB   [     8,    8 ]

  @DF-RHF Final Energy:  -155.85689549547146

   => Energetics <=

    Nuclear Repulsion Energy =            122.3516005346410935
    One-Electron Energy =                -450.5758066404718534
    Two-Electron Energy =                 172.3673106103593113
    Total Energy =                       -155.8568954954714627

Computation Completed


Properties will be evaluated at   0.000000,   0.000000,   0.000000 [a0]

Properties computed using the SCF density matrix


 Multipole Moments:

 ------------------------------------------------------------------------------------
     Multipole            Electronic (a.u.)      Nuclear  (a.u.)        Total (a.u.)
 ------------------------------------------------------------------------------------

 L = 1.  Multiply by 2.5417464519 to convert [e a0] to [Debye]
 Dipole X            :          0.0000000            0.0000000            0.0000000
 Dipole Y            :          0.0000000            0.0000000            0.0000000
 Dipole Z            :          0.0000000            0.0000000            0.0000000
 Magnitude           :                                                    0.0000000

 ------------------------------------------------------------------------------------

*** tstop() called on flexpad at Mon Aug  3 19:12:40 2026
Module time:
	user time   =       3.77 seconds =       0.06 minutes
	system time =       0.07 seconds =       0.00 minutes
	total time  =          1 seconds =       0.02 minutes
Total time:
	user time   =     343.45 seconds =       5.72 minutes
	system time =      14.26 seconds =       0.24 minutes
	total time  =         61 seconds =       1.02 minutes

*** tstart() called on flexpad
*** at Mon Aug  3 19:12:40 2026


  //>>>>>>>>>>>>>>>>>>>>>>>>>>>>>>>>>>>//
  //               DFMP2               //
  //<<<<<<<<<<<<<<<<<<<<<<<<<<<<<<<<<<<//

   => Loading Basis Set <=

    Name: (CC-PVDZ AUX)
    Role: RIFIT
    Keyword: DF_BASIS_MP2
    atoms 1-4  entry C          line   159 file /home/peter/miniconda3/envs/research/share/psi4/basis/cc-pvdz-ri.gbs 
    atoms 5-12 entry H          line    19 file /home/peter/miniconda3/envs/research/share/psi4/basis/cc-pvdz-ri.gbs 

	 --------------------------------------------------------
	                          DF-MP2                         
	      2nd-Order Density-Fitted Moller-Plesset Theory     
	              RMP2 Wavefunction,   7 Threads             
	                                                         
	        Rob Parrish, Justin Turney, Andy Simmonett,      
	           Ed Hohenstein, and C. David Sherrill          
	 --------------------------------------------------------

   => Auxiliary Basis Set <=

  Basis Set: (CC-PVDZ AUX)
    Blend: CC-PVDZ-RI
    Number of shells: 120
    Number of basis functions: 336
    Number of Cartesian functions: 384
    Spherical Harmonics?: true
    Max angular momentum: 3

	 --------------------------------------------------------
	                 NBF =    96, NAUX =   336
	 --------------------------------------------------------
	   CLASS    FOCC     OCC    AOCC    AVIR     VIR    FVIR
	   PAIRS       4      16      12      80      80       0
	 --------------------------------------------------------

  DFHelper Memory: AOs need 0.035 GiB; user supplied 6.286 GiB. 
  Using in-core AOs.


         ------------------------------------------------------------
                                     CPHF                           
                                  Rob Parrish                       
         ------------------------------------------------------------

  ==> Geometry <==

    Molecular point group: ci
    Full point group: Ci

    Geometry (in Angstrom), charge = 0, multiplicity = 1:

       Center              X                  Y                   Z               Mass       
    ------------   -----------------  -----------------  -----------------  -----------------
         C            0.664000000000    -0.190000000000     0.000000000000    12.000000000000
         C           -0.664000000000     0.190000000000     0.000000000000    12.000000000000
         C            1.873000000000     0.356000000000     0.000000000000    12.000000000000
         C           -1.873000000000    -0.356000000000     0.000000000000    12.000000000000
         H            0.587000000000    -1.276000000000     0.000000000000     1.007825032230
         H           -0.587000000000     1.276000000000     0.000000000000     1.007825032230
         H            2.766000000000    -0.272000000000     0.000000000000     1.007825032230
         H            2.010000000000     1.436000000000     0.000000000000     1.007825032230
         H            1.870000000000     0.240000000000    -0.890000000000     1.007825032230
         H           -2.766000000000     0.272000000000     0.000000000000     1.007825032230
         H           -2.010000000000    -1.436000000000     0.000000000000     1.007825032230
         H           -1.870000000000    -0.240000000000     0.890000000000     1.007825032230

  Nuclear repulsion =  122.351600534641094
  Reference energy  = -155.856895495471463

  ==> Basis Set <==

  Basis Set: CC-PVDZ
    Blend: CC-PVDZ
    Number of shells: 48
    Number of basis functions: 96
    Number of Cartesian functions: 100
    Spherical Harmonics?: true
    Max angular momentum: 2

  ==> CGRSolver (by Rob Parrish) <==

   Number of roots    =         1
   Preconditioning    =    JACOBI
   Convergence cutoff =     1E-06
   Maximum iterations =       100

  ==> CPHFRHamiltonian (by Rob Parrish) <== 

  ==> MemDFJK: Density-Fitted J/K Matrices <==

    J tasked:                   Yes
    K tasked:                   Yes
    wK tasked:                   No
    OpenMP threads:               7
    Memory [MiB]:              6437
    Algorithm:                 Core
    Schwarz Cutoff:           1E-12
    Mask sparsity (%):       1.1068
    Fitting Condition:        1E-10

   => Auxiliary Basis Set <=

  Basis Set: (CC-PVDZ AUX)
    Blend: CC-PVDZ-JKFIT
    Number of shells: 168
    Number of basis functions: 464
    Number of Cartesian functions: 524
    Spherical Harmonics?: true
    Max angular momentum: 3

  ==> CPHF Iterations <==

  => Iterations <=

             Iter  Converged  Remaining    Residual
  CGR           1          0          1   8.268E-02
  CGR           2          0          1   1.554E-02
  CGR           3          0          1   4.020E-03
  CGR           4          0          1   1.573E-03
  CGR           5          0          1   4.418E-04
  CGR           6          0          1   1.190E-04
  CGR           7          0          1   2.511E-05
  CGR           8          0          1   4.105E-06
  CGR           9          1          0   7.971E-07

    CGRSolver converged.

  ==> DFCorrGrad: Density-Fitted Correlated Gradients <==

    OpenMP threads:              7
    Integrals threads:           7
    Memory [GiB]:            6.286
    Schwarz Cutoff:          0E+00
    Fitting Condition:       1E-10

   => Auxiliary Basis Set <=

  Basis Set: (CC-PVDZ AUX)
    Blend: CC-PVDZ-JKFIT
    Number of shells: 168
    Number of basis functions: 464
    Number of Cartesian functions: 524
    Spherical Harmonics?: true
    Max angular momentum: 3

	-----------------------------------------------------------
	 ==================> DF-MP2 Energies <==================== 
	-----------------------------------------------------------
	 Reference Energy          =    -155.8568954954714627 [Eh]
	 Singles Energy            =      -0.0000000000000000 [Eh]
	 Same-Spin Energy          =      -0.1366156806168538 [Eh]
	 Opposite-Spin Energy      =      -0.4347973331639743 [Eh]
	 Correlation Energy        =      -0.5714130137808280 [Eh]
	 Total Energy              =    -156.4283085092523038 [Eh]
	-----------------------------------------------------------
	 ================> DF-SCS-MP2 Energies <================== 
	-----------------------------------------------------------
	 SCS Same-Spin Scale       =       0.3333333333333333 [-]
	 SCS Opposite-Spin Scale   =       1.2000000000000000 [-]
	 SCS Same-Spin Energy      =      -0.0455385602056179 [Eh]
	 SCS Opposite-Spin Energy  =      -0.5217567997967691 [Eh]
	 SCS Correlation Energy    =      -0.5672953600023871 [Eh]
	 SCS Total Energy          =    -156.4241908554738529 [Eh]
	-----------------------------------------------------------


  -Total Gradient:
     Atom            X                  Y                   Z
    ------   -----------------  -----------------  -----------------
       1        0.211630321337     0.120765029745    -0.046568495069
       2       -0.211630321337    -0.120765029745     0.046568495069
       3       -0.123789265155    -0.089543890906    -0.162915982389
       4        0.123789265155     0.089543890906     0.162915982389
       5       -0.019787233119     0.019634575156     0.004044515877
       6        0.019787233119    -0.019634575156    -0.004044515877
       7       -0.006443541170     0.002049495615    -0.040567405667
       8       -0.002915756807    -0.007080274785    -0.021175322685
       9       -0.021845724078     0.009549251558     0.271606177374
      10        0.006443541170    -0.002049495615     0.040567405667
      11        0.002915756807     0.007080274785     0.021175322685
      12        0.021845724078    -0.009549251558    -0.271606177374


*** tstop() called on flexpad at Mon Aug  3 19:12:41 2026
Module time:
	user time   =       8.82 seconds =       0.15 minutes
	system time =       0.18 seconds =       0.00 minutes
	total time  =          1 seconds =       0.02 minutes
Total time:
	user time   =     352.27 seconds =       5.87 minutes
	system time =      14.44 seconds =       0.24 minutes
	total time  =         62 seconds =       1.03 minutes

    			-----------------------------------------

    			 OPTKING 3.0: for geometry optimizations 

    			     By R.A. King, Bethel University     

    			        with contributions from          

    			    A.V. Copan, J. Cayton, A. Heide      

    			-----------------------------------------

    
	                            ===> Fragment 1 <== 

	 Z (Atomic Numbers)          Masses                          Geom                  
	       6.000000            12.000000          1.25477815 -0.35904796  0.00000000   
	       6.000000            12.000000         -1.25477815  0.35904796  0.00000000   
	       6.000000            12.000000          3.53945703  0.67274250  0.00000000   
	       6.000000            12.000000         -3.53945703 -0.67274250  0.00000000   
	       1.000000             1.007825          1.10926924 -2.41129054  0.00000000   
	       1.000000             1.007825         -1.10926924  2.41129054  0.00000000   
	       1.000000             1.007825          5.22698246 -0.51400551  0.00000000   
	       1.000000             1.007825          3.79834951  2.71364672  0.00000000   
	       1.000000             1.007825          3.53378785  0.45353427 -1.68185625   
	       1.000000             1.007825         -5.22698246  0.51400551  0.00000000   
	       1.000000             1.007825         -3.79834951 -2.71364672  0.00000000   
	       1.000000             1.007825         -3.53378785 -0.45353427  1.68185625   

	 - Coordinate -           - BOHR/RAD -       - ANG/DEG -
	 R(1,2)           =         2.610275           1.381298
	 R(1,3)           =         2.506860           1.326573
	 R(1,5)           =         2.057395           1.088726
	 R(2,4)           =         2.506860           1.326573
	 R(2,6)           =         2.057395           1.088726
	 R(3,7)           =         2.063035           1.091711
	 R(3,8)           =         2.057259           1.088655
	 R(3,9)           =         1.696091           0.897533
	 R(4,10)          =         2.063035           1.091711
	 R(4,11)          =         2.057259           1.088655
	 R(4,12)          =         1.696091           0.897533
	 B(1,2,4)         =         2.438701         139.727264
	 B(1,2,6)         =         1.778710         101.912566
	 B(1,3,7)         =         2.104496         120.578744
	 B(1,3,8)         =         2.121169         121.534013
	 B(1,3,9)         =         1.514526          86.775925
	 B(2,1,3)         =         2.438701         139.727264
	 B(2,1,5)         =         1.778710         101.912566
	 B(2,4,10)        =         2.104496         120.578744
	 B(2,4,11)        =         2.121169         121.534013
	 B(2,4,12)        =         1.514526          86.775925
	 B(3,1,5)         =         2.065775         118.360170
	 B(4,2,6)         =         2.065775         118.360170
	 B(7,3,8)         =         2.057521         117.887244
	 B(7,3,9)         =         1.499123          85.893405
	 B(8,3,9)         =         1.699790          97.390800
	 B(10,4,11)       =         2.057521         117.887244
	 B(10,4,12)       =         1.499123          85.893405
	 B(11,4,12)       =         1.699790          97.390800
	 D(1,2,4,10)      =         3.141593         180.000000
	 D(1,2,4,11)      =         0.000000           0.000000
	 D(1,2,4,12)      =         1.687659          96.695762
	 D(2,1,3,7)       =         3.141593         180.000000
	 D(2,1,3,8)       =         0.000000           0.000000
	 D(2,1,3,9)       =        -1.687659         -96.695762
	 D(3,1,2,4)       =         3.141593         180.000000
	 D(3,1,2,6)       =         0.000000           0.000000
	 D(4,2,1,5)       =         0.000000           0.000000
	 D(5,1,2,6)       =         3.141593         180.000000
	 D(5,1,3,7)       =         0.000000           0.000000
	 D(5,1,3,8)       =         3.141593         180.000000
	 D(5,1,3,9)       =         1.453933          83.304238
	 D(6,2,4,10)      =         0.000000           0.000000
	 D(6,2,4,11)      =         3.141593         180.000000
	 D(6,2,4,12)      =        -1.453933         -83.304238


	        --- Internal Coordinate Step in ANG or DEG, aJ/ANG or AJ/DEG ---
	-------------------------------------------------------------------------------
	           Coordinate      Previous         Force          Change          New 
	           ----------      --------        ------          ------        ------
	               R(1,2)       1.38130       -0.16637       -0.01196       1.36934
	               R(1,3)       1.32657        1.45210        0.09252       1.41909
	               R(1,5)       1.08873        0.14983        0.01275       1.10148
	               R(2,4)       1.32657        1.45210        0.09252       1.41909
	               R(2,6)       1.08873        0.14983        0.01275       1.10148
	               R(3,7)       1.09171        0.05314        0.00454       1.09626
	               R(3,8)       1.08865        0.06089        0.00518       1.09384
	               R(3,9)       0.89753        2.22847        0.12791       1.02544
	              R(4,10)       1.09171        0.05314        0.00454       1.09626
	              R(4,11)       1.08865        0.06089        0.00518       1.09384
	              R(4,12)       0.89753        2.22847        0.12791       1.02544
	             B(1,2,4)     139.72726       -0.00309       -3.72732     135.99995
	             B(1,2,6)     101.91257        0.00320        4.06780     105.98037
	             B(1,3,7)     120.57874        0.00008       -0.05181     120.52693
	             B(1,3,8)     121.53401        0.00011        0.04937     121.58338
	             B(1,3,9)      86.77592        0.00386        5.52349      92.29941
	             B(2,1,3)     139.72726       -0.00309       -3.72732     135.99995
	             B(2,1,5)     101.91257        0.00320        4.06780     105.98037
	            B(2,4,10)     120.57874        0.00008       -0.05181     120.52693
	            B(2,4,11)     121.53401        0.00011        0.04937     121.58338
	            B(2,4,12)      86.77592        0.00386        5.52349      92.29941
	             B(3,1,5)     118.36017       -0.00011       -0.34054     118.01963
	             B(4,2,6)     118.36017       -0.00011       -0.34054     118.01963
	             B(7,3,8)     117.88724       -0.00019       -0.35600     117.53125
	             B(7,3,9)      85.89341        0.00049        1.14070      87.03410
	             B(8,3,9)      97.39080       -0.00081       -0.84017      96.55063
	           B(10,4,11)     117.88724       -0.00019       -0.35600     117.53125
	           B(10,4,12)      85.89341        0.00049        1.14070      87.03410
	           B(11,4,12)      97.39080       -0.00081       -0.84017      96.55063
	          D(1,2,4,10)     180.00000        0.00250        4.07634     184.07634
	          D(1,2,4,11)       0.00000       -0.00179       -2.96758      -2.96758
	          D(1,2,4,12)      96.69576       -0.00038       -0.53122      96.16455
	           D(2,1,3,7)     180.00000       -0.00250       -4.07634     175.92366
	           D(2,1,3,8)       0.00000        0.00179        2.96758       2.96758
	           D(2,1,3,9)     -96.69576        0.00038        0.53122     -96.16455
	           D(3,1,2,4)     180.00000        0.00000        0.00000     180.00000
	           D(3,1,2,6)       0.00000       -0.00005       -0.09437      -0.09437
	           D(4,2,1,5)       0.00000        0.00005        0.09437       0.09437
	           D(5,1,2,6)     180.00000       -0.00000        0.00000     180.00000
	           D(5,1,3,7)       0.00000       -0.00256       -4.17911      -4.17911
	           D(5,1,3,8)     180.00000        0.00173        2.86481     182.86481
	           D(5,1,3,9)      83.30424        0.00032        0.42844      83.73268
	          D(6,2,4,10)       0.00000        0.00256        4.17911       4.17911
	          D(6,2,4,11)     180.00000       -0.00173       -2.86481     177.13519
	          D(6,2,4,12)     -83.30424       -0.00032       -0.42844     -83.73268
	-------------------------------------------------------------------------------

	                                 ==> Convergence Check <==                                  
    
	Measures of convergence in internal coordinates in au.
    
	Criteria marked as inactive (o), active & met (*), and active & unmet ( ).

	----------------------------------------------------------------------------------------------~
	   Step    Total Energy     Delta E     Max Force     RMS Force      Max Disp      RMS Disp   ~
	----------------------------------------------------------------------------------------------~
	  Convergence Criteria     1.00e-06 *    3.00e-04 *             o    1.20e-03 *             o~
	----------------------------------------------------------------------------------------------~
	     1    -156.42830851   -1.56e+02      2.70e-01      7.13e-02 o    2.42e-01      7.45e-02 o  ~
	----------------------------------------------------------------------------------------------

Next Geometry in Ang 
	Fragment 1 (Ang)

	    C   0.6463780330  -0.2257462732  -0.0025889072
	    C  -0.6463780330   0.2257462732   0.0025889072
	    C   1.9350651809   0.3682927583  -0.0172732166
	    C  -1.9350651809  -0.3682927583   0.0172732166
	    H   0.5835718528  -1.3254003430   0.0061478042
	    H  -0.5835718528   1.3254003430  -0.0061478042
	    H   2.8355686843  -0.2533741852   0.0490524396
	    H   2.0660515744   1.4536149668   0.0201305499
	    H   2.0111680036   0.2763062390  -1.0357433728
	    H  -2.8355686843   0.2533741852  -0.0490524396
	    H  -2.0660515744  -1.4536149668  -0.0201305499
	    H  -2.0111680036  -0.2763062390   1.0357433728


    Structure for next step:
    Molecular point group: ci
    Full point group: Ci

    Geometry (in Angstrom), charge = 0, multiplicity = 1:

    C            0.646378032968    -0.225746273217    -0.002588907202
    C           -0.646378032968     0.225746273217     0.002588907202
    C            1.935065180938     0.368292758304    -0.017273216557
    C           -1.935065180938    -0.368292758304     0.017273216557
    H            0.583571852788    -1.325400343045     0.006147804235
    H           -0.583571852788     1.325400343045    -0.006147804235
    H            2.835568684300    -0.253374185188     0.049052439640
    H            2.066051574357     1.453614966842     0.020130549866
    H            2.011168003592     0.276306239029    -1.035743372780
    H           -2.835568684300     0.253374185188    -0.049052439640
    H           -2.066051574357    -1.453614966842    -0.020130549866
    H           -2.011168003592    -0.276306239029     1.035743372780


Scratch directory: /tmp/
gradient() will perform analytic gradient computation.
   => Libint2 <=

    Primary   basis highest AM E, G, H:  6, 6, 3
    Auxiliary basis highest AM E, G, H:  7, 7, 4
    Onebody   basis highest AM E, G, H:  -, -, -
    Solid Harmonics ordering:            Gaussian

*** tstart() called on flexpad
*** at Mon Aug  3 19:12:41 2026

   => Loading Basis Set <=

    Name: CC-PVDZ
    Role: ORBITAL
    Keyword: BASIS
    atoms 1-4  entry C          line   138 file /home/peter/miniconda3/envs/research/share/psi4/basis/cc-pvdz.gbs 
    atoms 5-12 entry H          line    22 file /home/peter/miniconda3/envs/research/share/psi4/basis/cc-pvdz.gbs 


         ---------------------------------------------------------
                                   SCF
               by Justin Turney, Rob Parrish, Andy Simmonett
                          and Daniel G. A. Smith
                              RHF Reference
                        7 Threads,   8583 MiB Core
         ---------------------------------------------------------

  ==> Geometry <==

    Molecular point group: ci
    Full point group: Ci

    Geometry (in Angstrom), charge = 0, multiplicity = 1:

       Center              X                  Y                   Z               Mass       
    ------------   -----------------  -----------------  -----------------  -----------------
         C            0.646378032968    -0.225746273217    -0.002588907202    12.000000000000
         C           -0.646378032968     0.225746273217     0.002588907202    12.000000000000
         C            1.935065180938     0.368292758304    -0.017273216557    12.000000000000
         C           -1.935065180938    -0.368292758304     0.017273216557    12.000000000000
         H            0.583571852788    -1.325400343045     0.006147804235     1.007825032230
         H           -0.583571852788     1.325400343045    -0.006147804235     1.007825032230
         H            2.835568684300    -0.253374185188     0.049052439640     1.007825032230
         H            2.066051574357     1.453614966842     0.020130549866     1.007825032230
         H            2.011168003592     0.276306239029    -1.035743372780     1.007825032230
         H           -2.835568684300     0.253374185188    -0.049052439640     1.007825032230
         H           -2.066051574357    -1.453614966842    -0.020130549866     1.007825032230
         H           -2.011168003592    -0.276306239029     1.035743372780     1.007825032230

  Running in ci symmetry.

  Rotational constants: A =      1.40303  B =      0.12191  C =      0.11525 [cm^-1]
  Rotational constants: A =  42061.80322  B =   3654.86520  C =   3455.04574 [MHz]
  Nuclear repulsion =  117.555681103166805

  Charge       = 0
  Multiplicity = 1
  Electrons    = 32
  Nalpha       = 16
  Nbeta        = 16

  ==> Algorithm <==

  SCF Algorithm Type is DF.
  DIIS enabled.
  MOM disabled.
  Fractional occupation disabled.
  Guess Type is READ.
  Energy threshold   = 1.00e-09
  Density threshold  = 1.00e-09
  Integral threshold = 1.00e-12

  ==> Primary Basis <==

  Basis Set: CC-PVDZ
    Blend: CC-PVDZ
    Number of shells: 48
    Number of basis functions: 96
    Number of Cartesian functions: 100
    Spherical Harmonics?: true
    Max angular momentum: 2

   => Loading Basis Set <=

    Name: (CC-PVDZ AUX)
    Role: JKFIT
    Keyword: DF_BASIS_SCF
    atoms 1-4  entry C          line   121 file /home/peter/miniconda3/envs/research/share/psi4/basis/cc-pvdz-jkfit.gbs 
    atoms 5-12 entry H          line    51 file /home/peter/miniconda3/envs/research/share/psi4/basis/cc-pvdz-jkfit.gbs 

   => Loading Basis Set <=

    Name: CC-PVDZ
    Role: ORBITAL
    Keyword: BASIS
    atoms 1-4  entry C          line   138 file /home/peter/miniconda3/envs/research/share/psi4/basis/cc-pvdz.gbs 
    atoms 5-12 entry H          line    22 file /home/peter/miniconda3/envs/research/share/psi4/basis/cc-pvdz.gbs 

  Reading orbitals from file /tmp/psi4.default.339749.180.npy, no projection.

  ==> Integral Setup <==

  DFHelper Memory: AOs need 0.035 GiB; user supplied 6.286 GiB. 
  Using in-core AOs.

  ==> MemDFJK: Density-Fitted J/K Matrices <==

    J tasked:                   Yes
    K tasked:                   Yes
    wK tasked:                   No
    OpenMP threads:               7
    Memory [MiB]:              6437
    Algorithm:                 Core
    Schwarz Cutoff:           1E-12
    Mask sparsity (%):       1.3455
    Fitting Condition:        1E-10

   => Auxiliary Basis Set <=

  Basis Set: (CC-PVDZ AUX)
    Blend: CC-PVDZ-JKFIT
    Number of shells: 168
    Number of basis functions: 464
    Number of Cartesian functions: 524
    Spherical Harmonics?: true
    Max angular momentum: 3

  Minimum eigenvalue in the overlap matrix is 1.9016341775E-03.
  Reciprocal condition number of the overlap matrix is 3.6163830376E-04.
    Using symmetric orthogonalization.

  ==> Pre-Iterations <==

  SCF Guess: Orbitals guess was supplied from a previous computation.

   -------------------------------------------------------
    Irrep   Nso     Nmo     Nalpha   Nbeta   Ndocc  Nsocc
   -------------------------------------------------------
     Ag        48      48       8       8       8       0
     Au        48      48       8       8       8       0
   -------------------------------------------------------
    Total      96      96      16      16      16       0
   -------------------------------------------------------

  ==> Iterations <==

                           Total Energy        Delta E     RMS |[F,P]|

   @DF-RHF iter   0:  -155.83305514915969   -1.55833e+02   7.69933e-03 
   @DF-RHF iter   1:  -156.00759117920313   -1.74536e-01   7.47368e-04 ADIIS/DIIS
   @DF-RHF iter   2:  -156.00928022754999   -1.68905e-03   2.39163e-04 ADIIS/DIIS
   @DF-RHF iter   3:  -156.00944471738785   -1.64490e-04   7.28644e-05 DIIS
   @DF-RHF iter   4:  -156.00947447800291   -2.97606e-05   2.19737e-05 DIIS
   @DF-RHF iter   5:  -156.00947797700871   -3.49901e-06   6.22587e-06 DIIS
   @DF-RHF iter   6:  -156.00947833072249   -3.53714e-07   1.37432e-06 DIIS
   @DF-RHF iter   7:  -156.00947834315986   -1.24374e-08   4.66052e-07 DIIS
   @DF-RHF iter   8:  -156.00947834463790   -1.47804e-09   1.28966e-07 DIIS
   @DF-RHF iter   9:  -156.00947834478720   -1.49299e-10   2.43990e-08 DIIS
   @DF-RHF iter  10:  -156.00947834479254   -5.34328e-12   6.98512e-09 DIIS
   @DF-RHF iter  11:  -156.00947834479300   -4.54747e-13   1.88964e-09 DIIS
   @DF-RHF iter  12:  -156.00947834479302   -2.84217e-14   3.80526e-10 DIIS
  Energy and wave function converged.


  ==> Post-Iterations <==

    Orbital Energies [Eh]
    ---------------------

    Doubly Occupied:                                                      

       1Ag   -11.225976     1Au   -11.224603     2Ag   -11.216988  
       2Au   -11.216981     3Ag    -1.092672     3Au    -1.028425  
       4Ag    -0.896379     4Au    -0.734390     5Au    -0.635163  
       5Ag    -0.611249     6Au    -0.556490     6Ag    -0.554475  
       7Au    -0.534710     7Ag    -0.522102     8Ag    -0.446950  
       8Au    -0.298862  

    Virtual:                                                              

       9Ag     0.194860    10Ag     0.197185     9Au     0.199282  
      10Au     0.214627    11Ag     0.259427    11Au     0.263551  
      12Ag     0.273876    13Ag     0.278079    12Au     0.299815  
      13Au     0.411093    14Ag     0.457798    14Au     0.531272  
      15Ag     0.544746    15Au     0.561111    16Ag     0.584464  
      16Au     0.589802    17Ag     0.723633    17Au     0.761929  
      18Au     0.783491    18Ag     0.839143    19Ag     0.862879  
      19Au     0.864678    20Ag     0.877435    20Au     0.879291  
      21Au     0.899980    21Ag     0.951303    22Au     0.954629  
      22Ag     0.976537    23Au     1.042521    23Ag     1.046896  
      24Au     1.075125    24Ag     1.091350    25Ag     1.130937  
      25Au     1.136198    26Ag     1.208417    26Au     1.219987  
      27Au     1.344362    27Ag     1.362417    28Au     1.399651  
      28Ag     1.441969    29Au     1.553132    29Ag     1.614549  
      30Au     1.663047    30Ag     1.680354    31Au     1.688516  
      31Ag     1.716874    32Ag     1.745323    32Au     1.830835  
      33Ag     1.866197    33Au     1.914770    34Ag     1.920856  
      35Ag     1.964327    34Au     1.974847    35Au     2.013664  
      36Au     2.047068    36Ag     2.056964    37Au     2.116584  
      37Ag     2.117728    38Ag     2.153518    38Au     2.174148  
      39Ag     2.251851    39Au     2.278159    40Au     2.435337  
      40Ag     2.450187    41Au     2.459380    41Ag     2.481289  
      42Au     2.484760    42Ag     2.540985    43Au     2.553934  
      43Ag     2.591008    44Au     2.594372    44Ag     2.744418  
      45Au     2.790805    45Ag     2.845021    46Au     2.905385  
      46Ag     2.940778    47Au     3.070026    47Ag     3.124692  
      48Ag     3.326743    48Au     3.354776  

    Final Occupation by Irrep:
             Ag    Au 
    DOCC [     8,    8 ]
    NA   [     8,    8 ]
    NB   [     8,    8 ]

  @DF-RHF Final Energy:  -156.00947834479302

   => Energetics <=

    Nuclear Repulsion Energy =            117.5556811031668047
    One-Electron Energy =                -441.5374903551677335
    Two-Electron Energy =                 167.9723309072078905
    Total Energy =                       -156.0094783447930240

Computation Completed


Properties will be evaluated at   0.000000,   0.000000,   0.000000 [a0]

Properties computed using the SCF density matrix


 Multipole Moments:

 ------------------------------------------------------------------------------------
     Multipole            Electronic (a.u.)      Nuclear  (a.u.)        Total (a.u.)
 ------------------------------------------------------------------------------------

 L = 1.  Multiply by 2.5417464519 to convert [e a0] to [Debye]
 Dipole X            :          0.0000000           -0.0000000           -0.0000000
 Dipole Y            :          0.0000000            0.0000000            0.0000000
 Dipole Z            :          0.0000000            0.0000000            0.0000000
 Magnitude           :                                                    0.0000000

 ------------------------------------------------------------------------------------

*** tstop() called on flexpad at Mon Aug  3 19:12:42 2026
Module time:
	user time   =       3.90 seconds =       0.06 minutes
	system time =       0.08 seconds =       0.00 minutes
	total time  =          1 seconds =       0.02 minutes
Total time:
	user time   =     356.96 seconds =       5.95 minutes
	system time =      14.53 seconds =       0.24 minutes
	total time  =         63 seconds =       1.05 minutes

*** tstart() called on flexpad
*** at Mon Aug  3 19:12:42 2026


  //>>>>>>>>>>>>>>>>>>>>>>>>>>>>>>>>>>>//
  //               DFMP2               //
  //<<<<<<<<<<<<<<<<<<<<<<<<<<<<<<<<<<<//

   => Loading Basis Set <=

    Name: (CC-PVDZ AUX)
    Role: RIFIT
    Keyword: DF_BASIS_MP2
    atoms 1-4  entry C          line   159 file /home/peter/miniconda3/envs/research/share/psi4/basis/cc-pvdz-ri.gbs 
    atoms 5-12 entry H          line    19 file /home/peter/miniconda3/envs/research/share/psi4/basis/cc-pvdz-ri.gbs 

	 --------------------------------------------------------
	                          DF-MP2                         
	      2nd-Order Density-Fitted Moller-Plesset Theory     
	              RMP2 Wavefunction,   7 Threads             
	                                                         
	        Rob Parrish, Justin Turney, Andy Simmonett,      
	           Ed Hohenstein, and C. David Sherrill          
	 --------------------------------------------------------

   => Auxiliary Basis Set <=

  Basis Set: (CC-PVDZ AUX)
    Blend: CC-PVDZ-RI
    Number of shells: 120
    Number of basis functions: 336
    Number of Cartesian functions: 384
    Spherical Harmonics?: true
    Max angular momentum: 3

	 --------------------------------------------------------
	                 NBF =    96, NAUX =   336
	 --------------------------------------------------------
	   CLASS    FOCC     OCC    AOCC    AVIR     VIR    FVIR
	   PAIRS       4      16      12      80      80       0
	 --------------------------------------------------------

  DFHelper Memory: AOs need 0.035 GiB; user supplied 6.286 GiB. 
  Using in-core AOs.


         ------------------------------------------------------------
                                     CPHF                           
                                  Rob Parrish                       
         ------------------------------------------------------------

  ==> Geometry <==

    Molecular point group: ci
    Full point group: Ci

    Geometry (in Angstrom), charge = 0, multiplicity = 1:

       Center              X                  Y                   Z               Mass       
    ------------   -----------------  -----------------  -----------------  -----------------
         C            0.646378032968    -0.225746273217    -0.002588907202    12.000000000000
         C           -0.646378032968     0.225746273217     0.002588907202    12.000000000000
         C            1.935065180938     0.368292758304    -0.017273216557    12.000000000000
         C           -1.935065180938    -0.368292758304     0.017273216557    12.000000000000
         H            0.583571852788    -1.325400343045     0.006147804235     1.007825032230
         H           -0.583571852788     1.325400343045    -0.006147804235     1.007825032230
         H            2.835568684300    -0.253374185188     0.049052439640     1.007825032230
         H            2.066051574357     1.453614966842     0.020130549866     1.007825032230
         H            2.011168003592     0.276306239029    -1.035743372780     1.007825032230
         H           -2.835568684300     0.253374185188    -0.049052439640     1.007825032230
         H           -2.066051574357    -1.453614966842    -0.020130549866     1.007825032230
         H           -2.011168003592    -0.276306239029     1.035743372780     1.007825032230

  Nuclear repulsion =  117.555681103166805
  Reference energy  = -156.009478344793024

  ==> Basis Set <==

  Basis Set: CC-PVDZ
    Blend: CC-PVDZ
    Number of shells: 48
    Number of basis functions: 96
    Number of Cartesian functions: 100
    Spherical Harmonics?: true
    Max angular momentum: 2

  ==> CGRSolver (by Rob Parrish) <==

   Number of roots    =         1
   Preconditioning    =    JACOBI
   Convergence cutoff =     1E-06
   Maximum iterations =       100

  ==> CPHFRHamiltonian (by Rob Parrish) <== 

  ==> MemDFJK: Density-Fitted J/K Matrices <==

    J tasked:                   Yes
    K tasked:                   Yes
    wK tasked:                   No
    OpenMP threads:               7
    Memory [MiB]:              6437
    Algorithm:                 Core
    Schwarz Cutoff:           1E-12
    Mask sparsity (%):       1.3455
    Fitting Condition:        1E-10

   => Auxiliary Basis Set <=

  Basis Set: (CC-PVDZ AUX)
    Blend: CC-PVDZ-JKFIT
    Number of shells: 168
    Number of basis functions: 464
    Number of Cartesian functions: 524
    Spherical Harmonics?: true
    Max angular momentum: 3

  ==> CPHF Iterations <==

  => Iterations <=

             Iter  Converged  Remaining    Residual
  CGR           1          0          1   8.206E-02
  CGR           2          0          1   1.409E-02
  CGR           3          0          1   3.309E-03
  CGR           4          0          1   1.215E-03
  CGR           5          0          1   3.321E-04
  CGR           6          0          1   9.848E-05
  CGR           7          0          1   1.953E-05
  CGR           8          0          1   3.171E-06
  CGR           9          1          0   6.509E-07

    CGRSolver converged.

  ==> DFCorrGrad: Density-Fitted Correlated Gradients <==

    OpenMP threads:              7
    Integrals threads:           7
    Memory [GiB]:            6.286
    Schwarz Cutoff:          0E+00
    Fitting Condition:       1E-10

   => Auxiliary Basis Set <=

  Basis Set: (CC-PVDZ AUX)
    Blend: CC-PVDZ-JKFIT
    Number of shells: 168
    Number of basis functions: 464
    Number of Cartesian functions: 524
    Spherical Harmonics?: true
    Max angular momentum: 3

	-----------------------------------------------------------
	 ==================> DF-MP2 Energies <==================== 
	-----------------------------------------------------------
	 Reference Energy          =    -156.0094783447930240 [Eh]
	 Singles Energy            =      -0.0000000000000000 [Eh]
	 Same-Spin Energy          =      -0.1337495104509528 [Eh]
	 Opposite-Spin Energy      =      -0.4379654484164761 [Eh]
	 Correlation Energy        =      -0.5717149588674290 [Eh]
	 Total Energy              =    -156.5811933036604557 [Eh]
	-----------------------------------------------------------
	 ================> DF-SCS-MP2 Energies <================== 
	-----------------------------------------------------------
	 SCS Same-Spin Scale       =       0.3333333333333333 [-]
	 SCS Opposite-Spin Scale   =       1.2000000000000000 [-]
	 SCS Same-Spin Energy      =      -0.0445831701503176 [Eh]
	 SCS Opposite-Spin Energy  =      -0.5255585380997713 [Eh]
	 SCS Correlation Energy    =      -0.5701417082500889 [Eh]
	 SCS Total Energy          =    -156.5796200530431008 [Eh]
	-----------------------------------------------------------


  -Total Gradient:
     Atom            X                  Y                   Z
    ------   -----------------  -----------------  -----------------
       1        0.097235719892     0.069392840124    -0.032420990495
       2       -0.097235719892    -0.069392840124     0.032420990495
       3       -0.037290393956    -0.025879339670     0.006131412193
       4        0.037290393956     0.025879339670    -0.006131412193
       5       -0.016704847687     0.006984497754     0.002932588015
       6        0.016704847687    -0.006984497754    -0.002932588015
       7       -0.000012878657     0.001228391469    -0.036439613273
       8        0.000436319585    -0.002877337315    -0.021434422603
       9       -0.012871379071    -0.006390776702     0.083842380296
      10        0.000012878657    -0.001228391469     0.036439613273
      11       -0.000436319585     0.002877337315     0.021434422603
      12        0.012871379071     0.006390776702    -0.083842380296


*** tstop() called on flexpad at Mon Aug  3 19:12:43 2026
Module time:
	user time   =       8.64 seconds =       0.14 minutes
	system time =       0.17 seconds =       0.00 minutes
	total time  =          1 seconds =       0.02 minutes
Total time:
	user time   =     365.61 seconds =       6.09 minutes
	system time =      14.70 seconds =       0.24 minutes
	total time  =         64 seconds =       1.07 minutes

    			-----------------------------------------

    			 OPTKING 3.0: for geometry optimizations 

    			     By R.A. King, Bethel University     

    			        with contributions from          

    			    A.V. Copan, J. Cayton, A. Heide      

    			-----------------------------------------

    
	                            ===> Fragment 1 <== 

	 Z (Atomic Numbers)          Masses                          Geom                  
	       6.000000            12.000000          1.22147746 -0.42659863 -0.00489233   
	       6.000000            12.000000         -1.22147746  0.42659863  0.00489233   
	       6.000000            12.000000          3.65674323  0.69597245 -0.03264165   
	       6.000000            12.000000         -3.65674323 -0.69597245  0.03264165   
	       1.000000             1.007825          1.10279098 -2.50464365  0.01161767   
	       1.000000             1.007825         -1.10279098  2.50464365 -0.01161767   
	       1.000000             1.007825          5.35844822 -0.47880782  0.09269568   
	       1.000000             1.007825          3.90427164  2.74693418  0.03804123   
	       1.000000             1.007825          3.80055672  0.52214312 -1.95727131   
	       1.000000             1.007825         -5.35844822  0.47880782 -0.09269568   
	       1.000000             1.007825         -3.90427164 -2.74693418 -0.03804123   
	       1.000000             1.007825         -3.80055672 -0.52214312  1.95727131   

	 - Coordinate -           - BOHR/RAD -       - ANG/DEG -
	 R(1,2)           =         2.587677           1.369339
	 R(1,3)           =         2.681689           1.419089
	 R(1,5)           =         2.081497           1.101481
	 R(2,4)           =         2.681689           1.419089
	 R(2,6)           =         2.081497           1.101481
	 R(3,7)           =         2.071622           1.096255
	 R(3,8)           =         2.067054           1.093838
	 R(3,9)           =         1.937808           1.025444
	 R(4,10)          =         2.071622           1.096255
	 R(4,11)          =         2.067054           1.093838
	 R(4,12)          =         1.937808           1.025444
	 B(1,2,4)         =         2.373647         135.999946
	 B(1,2,6)         =         1.849706         105.980367
	 B(1,3,7)         =         2.103592         120.526931
	 B(1,3,8)         =         2.122030         121.583383
	 B(1,3,9)         =         1.610929          92.299412
	 B(2,1,3)         =         2.373647         135.999946
	 B(2,1,5)         =         1.849706         105.980367
	 B(2,4,10)        =         2.103592         120.526931
	 B(2,4,11)        =         2.122030         121.583383
	 B(2,4,12)        =         1.610929          92.299412
	 B(3,1,5)         =         2.059831         118.019628
	 B(4,2,6)         =         2.059831         118.019628
	 B(7,3,8)         =         2.051307         117.531248
	 B(7,3,9)         =         1.519032          87.034104
	 B(8,3,9)         =         1.685126          96.550626
	 B(10,4,11)       =         2.051307         117.531248
	 B(10,4,12)       =         1.519032          87.034104
	 B(11,4,12)       =         1.685126          96.550626
	 D(1,2,4,10)      =         3.212738         184.076340
	 D(1,2,4,11)      =        -0.051794          -2.967582
	 D(1,2,4,12)      =         1.678388          96.164545
	 D(2,1,3,7)       =         3.070447         175.923660
	 D(2,1,3,8)       =         0.051794           2.967582
	 D(2,1,3,9)       =        -1.678388         -96.164545
	 D(3,1,2,4)       =         3.141593         180.000000
	 D(3,1,2,6)       =        -0.001647          -0.094373
	 D(4,2,1,5)       =         0.001647           0.094373
	 D(5,1,2,6)       =         3.141593         180.000000
	 D(5,1,3,7)       =        -0.072939          -4.179112
	 D(5,1,3,8)       =         3.191593         182.864810
	 D(5,1,3,9)       =         1.461411          83.732682
	 D(6,2,4,10)      =         0.072939           4.179112
	 D(6,2,4,11)      =         3.091592         177.135190
	 D(6,2,4,12)      =        -1.461411         -83.732682


	        --- Internal Coordinate Step in ANG or DEG, aJ/ANG or AJ/DEG ---
	-------------------------------------------------------------------------------
	           Coordinate      Previous         Force          Change          New 
	           ----------      --------        ------          ------        ------
	               R(1,2)       1.36934       -0.12409       -0.01666       1.35268
	               R(1,3)       1.41909        0.49184        0.04209       1.46118
	               R(1,5)       1.10148        0.04941        0.00508       1.10657
	               R(2,4)       1.41909        0.49184        0.04209       1.46118
	               R(2,6)       1.10148        0.04941        0.00508       1.10657
	               R(3,7)       1.09626        0.02399        0.00325       1.09951
	               R(3,8)       1.09384        0.02913        0.00407       1.09791
	               R(3,9)       1.02544        0.68920        0.05130       1.07675
	              R(4,10)       1.09626        0.02399        0.00325       1.09951
	              R(4,11)       1.09384        0.02913        0.00407       1.09791
	              R(4,12)       1.02544        0.68920        0.05130       1.07675
	             B(1,2,4)     135.99995       -0.00239       -6.40243     129.59752
	             B(1,2,6)     105.98037        0.00255        7.63303     113.61340
	             B(1,3,7)     120.52693       -0.00032       -2.63560     117.89133
	             B(1,3,8)     121.58338       -0.00015       -1.62403     119.95935
	             B(1,3,9)      92.29941        0.00216        7.89475     100.19416
	             B(2,1,3)     135.99995       -0.00239       -6.40243     129.59752
	             B(2,1,5)     105.98037        0.00255        7.63303     113.61340
	            B(2,4,10)     120.52693       -0.00032       -2.63560     117.89133
	            B(2,4,11)     121.58338       -0.00015       -1.62403     119.95935
	            B(2,4,12)      92.29941        0.00216        7.89475     100.19416
	             B(3,1,5)     118.01963       -0.00016       -1.23118     116.78845
	             B(4,2,6)     118.01963       -0.00016       -1.23118     116.78845
	             B(7,3,8)     117.53125        0.00010       -0.27068     117.26057
	             B(7,3,9)      87.03410        0.00093        6.32857      93.36267
	             B(8,3,9)      96.55063       -0.00012        1.92712      98.47775
	           B(10,4,11)     117.53125        0.00010       -0.27068     117.26057
	           B(10,4,12)      87.03410        0.00093        6.32857      93.36267
	           B(11,4,12)      96.55063       -0.00012        1.92712      98.47775
	          D(1,2,4,10)     184.07634        0.00205       10.43180     194.50814
	          D(1,2,4,11)      -2.96758       -0.00150       -7.93646     -10.90404
	          D(1,2,4,12)      96.16455       -0.00030       -1.01462      95.14993
	           D(2,1,3,7)     175.92366       -0.00205      -10.43180     165.49186
	           D(2,1,3,8)       2.96758        0.00150        7.93646      10.90404
	           D(2,1,3,9)     -96.16455        0.00030        1.01462     -95.14993
	           D(3,1,2,4)     180.00000        0.00000        0.00000     180.00000
	           D(3,1,2,6)      -0.09437       -0.00004       -0.20889      -0.30327
	           D(4,2,1,5)       0.09437        0.00004        0.20889       0.30327
	           D(5,1,2,6)     180.00000       -0.00000        0.00000     180.00000
	           D(5,1,3,7)      -4.17911       -0.00209      -10.64031     -14.81942
	           D(5,1,3,8)     182.86481        0.00146        7.72795     190.59276
	           D(5,1,3,9)      83.73268        0.00026        0.80611      84.53879
	          D(6,2,4,10)       4.17911        0.00209       10.64031      14.81942
	          D(6,2,4,11)     177.13519       -0.00146       -7.72795     169.40724
	          D(6,2,4,12)     -83.73268       -0.00026       -0.80611     -84.53879
	-------------------------------------------------------------------------------

	                                 ==> Convergence Check <==                                  
    
	Measures of convergence in internal coordinates in au.
    
	Criteria marked as inactive (o), active & met (*), and active & unmet ( ).

	----------------------------------------------------------------------------------------------
	   Step    Total Energy     Delta E     Max Force     RMS Force      Max Disp      RMS Disp   
	----------------------------------------------------------------------------------------------
	  Convergence Criteria     1.00e-06 *    3.00e-04 *             o    1.20e-03 *             o
	----------------------------------------------------------------------------------------------
	     2    -156.58119330   -1.53e-01      8.37e-02      2.67e-02 o    1.86e-01      9.14e-02 o  ~
	----------------------------------------------------------------------------------------------

Next Geometry in Ang 
	Fragment 1 (Ang)

	    C   0.6149852582  -0.2809638983  -0.0170320474
	    C  -0.6149852582   0.2809638983   0.0170320474
	    C   1.9280088873   0.3556730599  -0.0925346110
	    C  -1.9280088873  -0.3556730599   0.0925346110
	    H   0.5979987828  -1.3869829781   0.0133179981
	    H  -0.5979987828   1.3869829781  -0.0133179981
	    H   2.8113246884  -0.2588102347   0.1334650759
	    H   2.0203506833   1.4404396839   0.0494213059
	    H   2.0963658621   0.3197730850  -1.1554323653
	    H  -2.8113246884   0.2588102347  -0.1334650759
	    H  -2.0203506833  -1.4404396839  -0.0494213059
	    H  -2.0963658621  -0.3197730850   1.1554323653


    Structure for next step:
    Molecular point group: ci
    Full point group: Ci

    Geometry (in Angstrom), charge = 0, multiplicity = 1:

    C            0.614985258177    -0.280963898315    -0.017032047416
    C           -0.614985258177     0.280963898315     0.017032047416
    C            1.928008887276     0.355673059945    -0.092534611044
    C           -1.928008887276    -0.355673059945     0.092534611044
    H            0.597998782803    -1.386982978110     0.013317998090
    H           -0.597998782803     1.386982978110    -0.013317998090
    H            2.811324688414    -0.258810234666     0.133465075906
    H            2.020350683274     1.440439683898     0.049421305857
    H            2.096365862133     0.319773085033    -1.155432365314
    H           -2.811324688414     0.258810234666    -0.133465075906
    H           -2.020350683274    -1.440439683898    -0.049421305857
    H           -2.096365862133    -0.319773085033     1.155432365314


Scratch directory: /tmp/
gradient() will perform analytic gradient computation.
   => Libint2 <=

    Primary   basis highest AM E, G, H:  6, 6, 3
    Auxiliary basis highest AM E, G, H:  7, 7, 4
    Onebody   basis highest AM E, G, H:  -, -, -
    Solid Harmonics ordering:            Gaussian

*** tstart() called on flexpad
*** at Mon Aug  3 19:12:43 2026

   => Loading Basis Set <=

    Name: CC-PVDZ
    Role: ORBITAL
    Keyword: BASIS
    atoms 1-4  entry C          line   138 file /home/peter/miniconda3/envs/research/share/psi4/basis/cc-pvdz.gbs 
    atoms 5-12 entry H          line    22 file /home/peter/miniconda3/envs/research/share/psi4/basis/cc-pvdz.gbs 


         ---------------------------------------------------------
                                   SCF
               by Justin Turney, Rob Parrish, Andy Simmonett
                          and Daniel G. A. Smith
                              RHF Reference
                        7 Threads,   8583 MiB Core
         ---------------------------------------------------------

  ==> Geometry <==

    Molecular point group: ci
    Full point group: Ci

    Geometry (in Angstrom), charge = 0, multiplicity = 1:

       Center              X                  Y                   Z               Mass       
    ------------   -----------------  -----------------  -----------------  -----------------
         C            0.614985258177    -0.280963898315    -0.017032047416    12.000000000000
         C           -0.614985258177     0.280963898315     0.017032047416    12.000000000000
         C            1.928008887276     0.355673059945    -0.092534611044    12.000000000000
         C           -1.928008887276    -0.355673059945     0.092534611044    12.000000000000
         H            0.597998782803    -1.386982978110     0.013317998090     1.007825032230
         H           -0.597998782803     1.386982978110    -0.013317998090     1.007825032230
         H            2.811324688414    -0.258810234666     0.133465075906     1.007825032230
         H            2.020350683274     1.440439683898     0.049421305857     1.007825032230
         H            2.096365862133     0.319773085033    -1.155432365314     1.007825032230
         H           -2.811324688414     0.258810234666    -0.133465075906     1.007825032230
         H           -2.020350683274    -1.440439683898    -0.049421305857     1.007825032230
         H           -2.096365862133    -0.319773085033     1.155432365314     1.007825032230

  Running in ci symmetry.

  Rotational constants: A =      1.24871  B =      0.12288  C =      0.11553 [cm^-1]
  Rotational constants: A =  37435.28844  B =   3683.86185  C =   3463.39635 [MHz]
  Nuclear repulsion =  116.131406982319888

  Charge       = 0
  Multiplicity = 1
  Electrons    = 32
  Nalpha       = 16
  Nbeta        = 16

  ==> Algorithm <==

  SCF Algorithm Type is DF.
  DIIS enabled.
  MOM disabled.
  Fractional occupation disabled.
  Guess Type is READ.
  Energy threshold   = 1.00e-09
  Density threshold  = 1.00e-09
  Integral threshold = 1.00e-12

  ==> Primary Basis <==

  Basis Set: CC-PVDZ
    Blend: CC-PVDZ
    Number of shells: 48
    Number of basis functions: 96
    Number of Cartesian functions: 100
    Spherical Harmonics?: true
    Max angular momentum: 2

   => Loading Basis Set <=

    Name: (CC-PVDZ AUX)
    Role: JKFIT
    Keyword: DF_BASIS_SCF
    atoms 1-4  entry C          line   121 file /home/peter/miniconda3/envs/research/share/psi4/basis/cc-pvdz-jkfit.gbs 
    atoms 5-12 entry H          line    51 file /home/peter/miniconda3/envs/research/share/psi4/basis/cc-pvdz-jkfit.gbs 

   => Loading Basis Set <=

    Name: CC-PVDZ
    Role: ORBITAL
    Keyword: BASIS
    atoms 1-4  entry C          line   138 file /home/peter/miniconda3/envs/research/share/psi4/basis/cc-pvdz.gbs 
    atoms 5-12 entry H          line    22 file /home/peter/miniconda3/envs/research/share/psi4/basis/cc-pvdz.gbs 

  Reading orbitals from file /tmp/psi4.default.339749.180.npy, no projection.

  ==> Integral Setup <==

  DFHelper Memory: AOs need 0.035 GiB; user supplied 6.286 GiB. 
  Using in-core AOs.

  ==> MemDFJK: Density-Fitted J/K Matrices <==

    J tasked:                   Yes
    K tasked:                   Yes
    wK tasked:                   No
    OpenMP threads:               7
    Memory [MiB]:              6437
    Algorithm:                 Core
    Schwarz Cutoff:           1E-12
    Mask sparsity (%):       1.4540
    Fitting Condition:        1E-10

   => Auxiliary Basis Set <=

  Basis Set: (CC-PVDZ AUX)
    Blend: CC-PVDZ-JKFIT
    Number of shells: 168
    Number of basis functions: 464
    Number of Cartesian functions: 524
    Spherical Harmonics?: true
    Max angular momentum: 3

  Minimum eigenvalue in the overlap matrix is 2.8886628220E-03.
  Reciprocal condition number of the overlap matrix is 5.5132153111E-04.
    Using symmetric orthogonalization.

  ==> Pre-Iterations <==

  SCF Guess: Orbitals guess was supplied from a previous computation.

   -------------------------------------------------------
    Irrep   Nso     Nmo     Nalpha   Nbeta   Ndocc  Nsocc
   -------------------------------------------------------
     Ag        48      48       8       8       8       0
     Au        48      48       8       8       8       0
   -------------------------------------------------------
    Total      96      96      16      16      16       0
   -------------------------------------------------------

  ==> Iterations <==

                           Total Energy        Delta E     RMS |[F,P]|

   @DF-RHF iter   0:  -156.02754628961142   -1.56028e+02   4.02292e-03 
   @DF-RHF iter   1:  -156.07827356147101   -5.07273e-02   5.93733e-04 ADIIS/DIIS
   @DF-RHF iter   2:  -156.07940198219697   -1.12842e-03   1.88839e-04 ADIIS/DIIS
   @DF-RHF iter   3:  -156.07953622611763   -1.34244e-04   7.23042e-05 DIIS
   @DF-RHF iter   4:  -156.07956591501110   -2.96889e-05   2.04294e-05 DIIS
   @DF-RHF iter   5:  -156.07956933190800   -3.41690e-06   5.67853e-06 DIIS
   @DF-RHF iter   6:  -156.07956962497511   -2.93067e-07   1.04890e-06 DIIS
   @DF-RHF iter   7:  -156.07956963438735   -9.41225e-09   2.22048e-07 DIIS
   @DF-RHF iter   8:  -156.07956963475476   -3.67407e-10   7.05778e-08 DIIS
   @DF-RHF iter   9:  -156.07956963478654   -3.17755e-11   2.48098e-08 DIIS
   @DF-RHF iter  10:  -156.07956963479228   -5.74119e-12   5.91967e-09 DIIS
   @DF-RHF iter  11:  -156.07956963479270   -4.26326e-13   9.90507e-10 DIIS
  Energy and wave function converged.


  ==> Post-Iterations <==

    Orbital Energies [Eh]
    ---------------------

    Doubly Occupied:                                                      

       1Ag   -11.228661     1Au   -11.227168     2Ag   -11.223158  
       2Au   -11.223144     3Ag    -1.079154     3Au    -0.999383  
       4Ag    -0.884441     4Au    -0.736252     5Au    -0.620458  
       5Ag    -0.609360     6Au    -0.547803     7Au    -0.535918  
       6Ag    -0.530761     7Ag    -0.519983     8Ag    -0.471858  
       8Au    -0.317397  

    Virtual:                                                              

       9Ag     0.183181    10Ag     0.196909     9Au     0.200938  
      10Au     0.212505    11Ag     0.259164    11Au     0.266637  
      12Ag     0.273088    13Ag     0.286209    12Au     0.297154  
      13Au     0.408442    14Ag     0.439799    14Au     0.519210  
      15Ag     0.567456    16Ag     0.586492    15Au     0.587839  
      16Au     0.610106    17Ag     0.716554    17Au     0.754552  
      18Au     0.763237    18Ag     0.824165    19Au     0.859770  
      20Au     0.865283    19Ag     0.868130    20Ag     0.873625  
      21Au     0.895722    22Au     0.941441    21Ag     0.944364  
      22Ag     0.962524    23Ag     0.979157    23Au     0.987045  
      24Au     1.014578    24Ag     1.035605    25Ag     1.115602  
      25Au     1.151075    26Ag     1.256145    26Au     1.274657  
      27Au     1.311425    27Ag     1.339440    28Au     1.388840  
      28Ag     1.437187    29Au     1.556298    29Ag     1.593609  
      30Ag     1.675596    30Au     1.678013    31Au     1.688806  
      31Ag     1.693738    32Ag     1.776656    32Au     1.859590  
      33Ag     1.875711    33Au     1.901710    34Ag     1.913796  
      34Au     1.948560    35Ag     1.969727    35Au     1.983216  
      36Ag     2.021157    36Au     2.030299    37Ag     2.060354  
      37Au     2.074391    38Au     2.112099    38Ag     2.134760  
      39Ag     2.152522    39Au     2.249078    40Au     2.374210  
      40Ag     2.410119    41Au     2.444451    41Ag     2.445459  
      42Au     2.480930    42Ag     2.507067    43Au     2.554842  
      43Ag     2.571429    44Au     2.591718    44Ag     2.667643  
      45Au     2.780540    45Ag     2.781829    46Au     2.813666  
      46Ag     2.840393    47Au     2.992932    47Ag     3.032242  
      48Au     3.263737    48Ag     3.349681  

    Final Occupation by Irrep:
             Ag    Au 
    DOCC [     8,    8 ]
    NA   [     8,    8 ]
    NB   [     8,    8 ]

  @DF-RHF Final Energy:  -156.07956963479270

   => Energetics <=

    Nuclear Repulsion Energy =            116.1314069823198878
    One-Electron Energy =                -438.9121549963629150
    Two-Electron Energy =                 166.7011783792503081
    Total Energy =                       -156.0795696347927048

Computation Completed


Properties will be evaluated at   0.000000,   0.000000,   0.000000 [a0]

Properties computed using the SCF density matrix


 Multipole Moments:

 ------------------------------------------------------------------------------------
     Multipole            Electronic (a.u.)      Nuclear  (a.u.)        Total (a.u.)
 ------------------------------------------------------------------------------------

 L = 1.  Multiply by 2.5417464519 to convert [e a0] to [Debye]
 Dipole X            :          0.0000000           -0.0000000           -0.0000000
 Dipole Y            :          0.0000000            0.0000000            0.0000000
 Dipole Z            :          0.0000000            0.0000000            0.0000000
 Magnitude           :                                                    0.0000000

 ------------------------------------------------------------------------------------

*** tstop() called on flexpad at Mon Aug  3 19:12:44 2026
Module time:
	user time   =       3.83 seconds =       0.06 minutes
	system time =       0.07 seconds =       0.00 minutes
	total time  =          1 seconds =       0.02 minutes
Total time:
	user time   =     370.37 seconds =       6.17 minutes
	system time =      14.79 seconds =       0.25 minutes
	total time  =         65 seconds =       1.08 minutes

*** tstart() called on flexpad
*** at Mon Aug  3 19:12:44 2026


  //>>>>>>>>>>>>>>>>>>>>>>>>>>>>>>>>>>>//
  //               DFMP2               //
  //<<<<<<<<<<<<<<<<<<<<<<<<<<<<<<<<<<<//

   => Loading Basis Set <=

    Name: (CC-PVDZ AUX)
    Role: RIFIT
    Keyword: DF_BASIS_MP2
    atoms 1-4  entry C          line   159 file /home/peter/miniconda3/envs/research/share/psi4/basis/cc-pvdz-ri.gbs 
    atoms 5-12 entry H          line    19 file /home/peter/miniconda3/envs/research/share/psi4/basis/cc-pvdz-ri.gbs 

	 --------------------------------------------------------
	                          DF-MP2                         
	      2nd-Order Density-Fitted Moller-Plesset Theory     
	              RMP2 Wavefunction,   7 Threads             
	                                                         
	        Rob Parrish, Justin Turney, Andy Simmonett,      
	           Ed Hohenstein, and C. David Sherrill          
	 --------------------------------------------------------

   => Auxiliary Basis Set <=

  Basis Set: (CC-PVDZ AUX)
    Blend: CC-PVDZ-RI
    Number of shells: 120
    Number of basis functions: 336
    Number of Cartesian functions: 384
    Spherical Harmonics?: true
    Max angular momentum: 3

	 --------------------------------------------------------
	                 NBF =    96, NAUX =   336
	 --------------------------------------------------------
	   CLASS    FOCC     OCC    AOCC    AVIR     VIR    FVIR
	   PAIRS       4      16      12      80      80       0
	 --------------------------------------------------------

  DFHelper Memory: AOs need 0.035 GiB; user supplied 6.286 GiB. 
  Using in-core AOs.


         ------------------------------------------------------------
                                     CPHF                           
                                  Rob Parrish                       
         ------------------------------------------------------------

  ==> Geometry <==

    Molecular point group: ci
    Full point group: Ci

    Geometry (in Angstrom), charge = 0, multiplicity = 1:

       Center              X                  Y                   Z               Mass       
    ------------   -----------------  -----------------  -----------------  -----------------
         C            0.614985258177    -0.280963898315    -0.017032047416    12.000000000000
         C           -0.614985258177     0.280963898315     0.017032047416    12.000000000000
         C            1.928008887276     0.355673059945    -0.092534611044    12.000000000000
         C           -1.928008887276    -0.355673059945     0.092534611044    12.000000000000
         H            0.597998782803    -1.386982978110     0.013317998090     1.007825032230
         H           -0.597998782803     1.386982978110    -0.013317998090     1.007825032230
         H            2.811324688414    -0.258810234666     0.133465075906     1.007825032230
         H            2.020350683274     1.440439683898     0.049421305857     1.007825032230
         H            2.096365862133     0.319773085033    -1.155432365314     1.007825032230
         H           -2.811324688414     0.258810234666    -0.133465075906     1.007825032230
         H           -2.020350683274    -1.440439683898    -0.049421305857     1.007825032230
         H           -2.096365862133    -0.319773085033     1.155432365314     1.007825032230

  Nuclear repulsion =  116.131406982319888
  Reference energy  = -156.079569634792705

  ==> Basis Set <==

  Basis Set: CC-PVDZ
    Blend: CC-PVDZ
    Number of shells: 48
    Number of basis functions: 96
    Number of Cartesian functions: 100
    Spherical Harmonics?: true
    Max angular momentum: 2

  ==> CGRSolver (by Rob Parrish) <==

   Number of roots    =         1
   Preconditioning    =    JACOBI
   Convergence cutoff =     1E-06
   Maximum iterations =       100

  ==> CPHFRHamiltonian (by Rob Parrish) <== 

  ==> MemDFJK: Density-Fitted J/K Matrices <==

    J tasked:                   Yes
    K tasked:                   Yes
    wK tasked:                   No
    OpenMP threads:               7
    Memory [MiB]:              6437
    Algorithm:                 Core
    Schwarz Cutoff:           1E-12
    Mask sparsity (%):       1.4540
    Fitting Condition:        1E-10

   => Auxiliary Basis Set <=

  Basis Set: (CC-PVDZ AUX)
    Blend: CC-PVDZ-JKFIT
    Number of shells: 168
    Number of basis functions: 464
    Number of Cartesian functions: 524
    Spherical Harmonics?: true
    Max angular momentum: 3

  ==> CPHF Iterations <==

  => Iterations <=

             Iter  Converged  Remaining    Residual
  CGR           1          0          1   7.964E-02
  CGR           2          0          1   1.286E-02
  CGR           3          0          1   2.585E-03
  CGR           4          0          1   8.373E-04
  CGR           5          0          1   2.093E-04
  CGR           6          0          1   6.885E-05
  CGR           7          0          1   1.402E-05
  CGR           8          0          1   2.268E-06
  CGR           9          1          0   4.312E-07

    CGRSolver converged.

  ==> DFCorrGrad: Density-Fitted Correlated Gradients <==

    OpenMP threads:              7
    Integrals threads:           7
    Memory [GiB]:            6.286
    Schwarz Cutoff:          0E+00
    Fitting Condition:       1E-10

   => Auxiliary Basis Set <=

  Basis Set: (CC-PVDZ AUX)
    Blend: CC-PVDZ-JKFIT
    Number of shells: 168
    Number of basis functions: 464
    Number of Cartesian functions: 524
    Spherical Harmonics?: true
    Max angular momentum: 3

	-----------------------------------------------------------
	 ==================> DF-MP2 Energies <==================== 
	-----------------------------------------------------------
	 Reference Energy          =    -156.0795696347927048 [Eh]
	 Singles Energy            =      -0.0000000000000000 [Eh]
	 Same-Spin Energy          =      -0.1304662947427833 [Eh]
	 Opposite-Spin Energy      =      -0.4358803662640319 [Eh]
	 Correlation Energy        =      -0.5663466610068152 [Eh]
	 Total Energy              =    -156.6459162957995090 [Eh]
	-----------------------------------------------------------
	 ================> DF-SCS-MP2 Energies <================== 
	-----------------------------------------------------------
	 SCS Same-Spin Scale       =       0.3333333333333333 [-]
	 SCS Opposite-Spin Scale   =       1.2000000000000000 [-]
	 SCS Same-Spin Energy      =      -0.0434887649142611 [Eh]
	 SCS Opposite-Spin Energy  =      -0.5230564395168383 [Eh]
	 SCS Correlation Energy    =      -0.5665452044310995 [Eh]
	 SCS Total Energy          =    -156.6461148392237988 [Eh]
	-----------------------------------------------------------


  -Total Gradient:
     Atom            X                  Y                   Z
    ------   -----------------  -----------------  -----------------
       1        0.036669601712     0.032273662196    -0.021650464771
       2       -0.036669601712    -0.032273662196     0.021650464771
       3       -0.020029765780    -0.007110936095     0.032264079708
       4        0.020029765780     0.007110936095    -0.032264079708
       5       -0.005656550698    -0.001813597891     0.002623106967
       6        0.005656550698     0.001813597891    -0.002623106967
       7        0.003467722362    -0.003322345991    -0.025392373957
       8        0.001639728957     0.001130005245    -0.018438520117
       9       -0.005480653048    -0.003752027911     0.031582796915
      10       -0.003467722362     0.003322345991     0.025392373957
      11       -0.001639728957    -0.001130005245     0.018438520117
      12        0.005480653048     0.003752027911    -0.031582796915


*** tstop() called on flexpad at Mon Aug  3 19:12:45 2026
Module time:
	user time   =       9.86 seconds =       0.16 minutes
	system time =       0.23 seconds =       0.00 minutes
	total time  =          1 seconds =       0.02 minutes
Total time:
	user time   =     380.24 seconds =       6.34 minutes
	system time =      15.02 seconds =       0.25 minutes
	total time  =         66 seconds =       1.10 minutes

    			-----------------------------------------

    			 OPTKING 3.0: for geometry optimizations 

    			     By R.A. King, Bethel University     

    			        with contributions from          

    			    A.V. Copan, J. Cayton, A. Heide      

    			-----------------------------------------

    
	                            ===> Fragment 1 <== 

	 Z (Atomic Numbers)          Masses                          Geom                  
	       6.000000            12.000000          1.16215371 -0.53094482 -0.03218590   
	       6.000000            12.000000         -1.16215371  0.53094482  0.03218590   
	       6.000000            12.000000          3.64340876  0.67212467 -0.17486507   
	       6.000000            12.000000         -3.64340876 -0.67212467  0.17486507   
	       1.000000             1.007825          1.13005392 -2.62101797  0.02516737   
	       1.000000             1.007825         -1.13005392  2.62101797 -0.02516737   
	       1.000000             1.007825          5.31263371 -0.48908046  0.25221244   
	       1.000000             1.007825          3.81790947  2.72203650  0.09339273   
	       1.000000             1.007825          3.96155734  0.60428355 -2.18345073   
	       1.000000             1.007825         -5.31263371  0.48908046 -0.25221244   
	       1.000000             1.007825         -3.81790947 -2.72203650 -0.09339273   
	       1.000000             1.007825         -3.96155734 -0.60428355  2.18345073   

	 - Coordinate -           - BOHR/RAD -       - ANG/DEG -
	 R(1,2)           =         2.556200           1.352683
	 R(1,3)           =         2.761224           1.461177
	 R(1,5)           =         2.091106           1.106566
	 R(2,4)           =         2.761224           1.461177
	 R(2,6)           =         2.091106           1.106566
	 R(3,7)           =         2.077764           1.099506
	 R(3,8)           =         2.074741           1.097906
	 R(3,9)           =         2.034757           1.076747
	 R(4,10)          =         2.077764           1.099506
	 R(4,11)          =         2.074741           1.097906
	 R(4,12)          =         2.034757           1.076747
	 B(1,2,4)         =         2.261903         129.597518
	 B(1,2,6)         =         1.982928         113.613397
	 B(1,3,7)         =         2.057592         117.891331
	 B(1,3,8)         =         2.093686         119.959349
	 B(1,3,9)         =         1.748718         100.194164
	 B(2,1,3)         =         2.261903         129.597518
	 B(2,1,5)         =         1.982928         113.613397
	 B(2,4,10)        =         2.057592         117.891331
	 B(2,4,11)        =         2.093686         119.959349
	 B(2,4,12)        =         1.748718         100.194164
	 B(3,1,5)         =         2.038343         116.788450
	 B(4,2,6)         =         2.038343         116.788450
	 B(7,3,8)         =         2.046583         117.260567
	 B(7,3,9)         =         1.629486          93.362673
	 B(8,3,9)         =         1.718761          98.477749
	 B(10,4,11)       =         2.046583         117.260567
	 B(10,4,12)       =         1.629486          93.362673
	 B(11,4,12)       =         1.718761          98.477749
	 D(1,2,4,10)      =         3.394808         194.508143
	 D(1,2,4,11)      =        -0.190311         -10.904042
	 D(1,2,4,12)      =         1.660680          95.149929
	 D(2,1,3,7)       =         2.888378         165.491857
	 D(2,1,3,8)       =         0.190311          10.904042
	 D(2,1,3,9)       =        -1.660680         -95.149929
	 D(3,1,2,4)       =         3.141593         180.000000
	 D(3,1,2,6)       =        -0.005293          -0.303266
	 D(4,2,1,5)       =         0.005293           0.303266
	 D(5,1,2,6)       =         3.141593         180.000000
	 D(5,1,3,7)       =        -0.258648         -14.819423
	 D(5,1,3,8)       =         3.326471         190.592761
	 D(5,1,3,9)       =         1.475480          84.538790
	 D(6,2,4,10)      =         0.258648          14.819423
	 D(6,2,4,11)      =         2.956714         169.407239
	 D(6,2,4,12)      =        -1.475480         -84.538790


	        --- Internal Coordinate Step in ANG or DEG, aJ/ANG or AJ/DEG ---
	-------------------------------------------------------------------------------
	           Coordinate      Previous         Force          Change          New 
	           ----------      --------        ------          ------        ------
	               R(1,2)       1.35268       -0.01971       -0.00389       1.34879
	               R(1,3)       1.46118        0.20644        0.02284       1.48402
	               R(1,5)       1.10657       -0.01624       -0.00586       1.10070
	               R(2,4)       1.46118        0.20644        0.02284       1.48402
	               R(2,6)       1.10657       -0.01624       -0.00586       1.10070
	               R(3,7)       1.09951        0.00475        0.00055       1.10005
	               R(3,8)       1.09791        0.00931        0.00157       1.09948
	               R(3,9)       1.07675        0.26288        0.02442       1.10117
	              R(4,10)       1.09951        0.00475        0.00055       1.10005
	              R(4,11)       1.09791        0.00931        0.00157       1.09948
	              R(4,12)       1.07675        0.26288        0.02442       1.10117
	             B(1,2,4)     129.59752       -0.00100       -3.53711     126.06041
	             B(1,2,6)     113.61340        0.00096        3.58591     117.19931
	             B(1,3,7)     117.89133       -0.00041       -4.64880     113.24253
	             B(1,3,8)     119.95935       -0.00055       -4.96302     114.99633
	             B(1,3,9)     100.19416        0.00104        6.87578     107.06994
	             B(2,1,3)     129.59752       -0.00100       -3.53711     126.06041
	             B(2,1,5)     113.61340        0.00096        3.58591     117.19931
	            B(2,4,10)     117.89133       -0.00041       -4.64880     113.24253
	            B(2,4,11)     119.95935       -0.00055       -4.96302     114.99633
	            B(2,4,12)     100.19416        0.00104        6.87578     107.06994
	             B(3,1,5)     116.78845        0.00005       -0.05220     116.73625
	             B(4,2,6)     116.78845        0.00005       -0.05220     116.73625
	             B(7,3,8)     117.26057       -0.00004       -2.49100     114.76957
	             B(7,3,9)      93.36267        0.00088        7.86152     101.22419
	             B(8,3,9)      98.47775        0.00040        5.21365     103.69139
	           B(10,4,11)     117.26057       -0.00004       -2.49100     114.76957
	           B(10,4,12)      93.36267        0.00088        7.86152     101.22419
	           B(11,4,12)      98.47775        0.00040        5.21365     103.69139
	          D(1,2,4,10)     194.50814        0.00138       11.02398     205.53212
	          D(1,2,4,11)     -10.90404       -0.00108       -8.86869     -19.77273
	          D(1,2,4,12)      95.14993       -0.00012       -0.31823      94.83170
	           D(2,1,3,7)     165.49186       -0.00138      -11.02398     154.46788
	           D(2,1,3,8)      10.90404        0.00108        8.86869      19.77273
	           D(2,1,3,9)     -95.14993        0.00012        0.31823     -94.83170
	           D(3,1,2,4)     180.00000        0.00000        0.00000     180.00000
	           D(3,1,2,6)      -0.30327       -0.00004       -0.45472      -0.75798
	           D(4,2,1,5)       0.30327        0.00004        0.45472       0.75798
	           D(5,1,2,6)     180.00000       -0.00000        0.00000     180.00000
	           D(5,1,3,7)     -14.81942       -0.00142      -11.46757     -26.28699
	           D(5,1,3,8)     190.59276        0.00105        8.42510     199.01786
	           D(5,1,3,9)      84.53879        0.00008       -0.12536      84.41343
	          D(6,2,4,10)      14.81942        0.00142       11.46757      26.28699
	          D(6,2,4,11)     169.40724       -0.00105       -8.42510     160.98214
	          D(6,2,4,12)     -84.53879       -0.00008        0.12536     -84.41343
	-------------------------------------------------------------------------------

	                                 ==> Convergence Check <==                                  
    
	Measures of convergence in internal coordinates in au.
    
	Criteria marked as inactive (o), active & met (*), and active & unmet ( ).

	----------------------------------------------------------------------------------------------
	   Step    Total Energy     Delta E     Max Force     RMS Force      Max Disp      RMS Disp   
	----------------------------------------------------------------------------------------------
	  Convergence Criteria     1.00e-06 *    3.00e-04 *             o    1.20e-03 *             o
	----------------------------------------------------------------------------------------------
	     3    -156.64591630   -6.47e-02      3.19e-02      1.25e-02 o    2.00e-01      9.24e-02 o  ~
	----------------------------------------------------------------------------------------------

Next Geometry in Ang 
	Fragment 1 (Ang)

	    C   0.5966394233  -0.3126411139  -0.0329985439
	    C  -0.5966394233   0.3126411139   0.0329985439
	    C   1.9192777583   0.3431118823  -0.1843834915
	    C  -1.9192777583  -0.3431118823   0.1843834915
	    H   0.5920112355  -1.4121470552   0.0181507663
	    H  -0.5920112355   1.4121470552  -0.0181507663
	    H   2.7495648733  -0.2564296739   0.2172224819
	    H   1.9444023079   1.4073408736   0.0906414955
	    H   2.1574407229   0.3460528459  -1.2594817955
	    H  -2.7495648733   0.2564296739  -0.2172224819
	    H  -1.9444023079  -1.4073408736  -0.0906414955
	    H  -2.1574407229  -0.3460528459   1.2594817955


    Structure for next step:
    Molecular point group: ci
    Full point group: Ci

    Geometry (in Angstrom), charge = 0, multiplicity = 1:

    C            0.596639423299    -0.312641113898    -0.032998543878
    C           -0.596639423299     0.312641113898     0.032998543878
    C            1.919277758284     0.343111882293    -0.184383491476
    C           -1.919277758284    -0.343111882293     0.184383491476
    H            0.592011235545    -1.412147055166     0.018150766345
    H           -0.592011235545     1.412147055166    -0.018150766345
    H            2.749564873299    -0.256429673949     0.217222481891
    H            1.944402307918     1.407340873568     0.090641495458
    H            2.157440722880     0.346052845873    -1.259481795454
    H           -2.749564873299     0.256429673949    -0.217222481891
    H           -1.944402307918    -1.407340873568    -0.090641495458
    H           -2.157440722880    -0.346052845873     1.259481795454


Scratch directory: /tmp/
gradient() will perform analytic gradient computation.
   => Libint2 <=

    Primary   basis highest AM E, G, H:  6, 6, 3
    Auxiliary basis highest AM E, G, H:  7, 7, 4
    Onebody   basis highest AM E, G, H:  -, -, -
    Solid Harmonics ordering:            Gaussian

*** tstart() called on flexpad
*** at Mon Aug  3 19:12:45 2026

   => Loading Basis Set <=

    Name: CC-PVDZ
    Role: ORBITAL
    Keyword: BASIS
    atoms 1-4  entry C          line   138 file /home/peter/miniconda3/envs/research/share/psi4/basis/cc-pvdz.gbs 
    atoms 5-12 entry H          line    22 file /home/peter/miniconda3/envs/research/share/psi4/basis/cc-pvdz.gbs 


         ---------------------------------------------------------
                                   SCF
               by Justin Turney, Rob Parrish, Andy Simmonett
                          and Daniel G. A. Smith
                              RHF Reference
                        7 Threads,   8583 MiB Core
         ---------------------------------------------------------

  ==> Geometry <==

    Molecular point group: ci
    Full point group: Ci

    Geometry (in Angstrom), charge = 0, multiplicity = 1:

       Center              X                  Y                   Z               Mass       
    ------------   -----------------  -----------------  -----------------  -----------------
         C            0.596639423299    -0.312641113898    -0.032998543878    12.000000000000
         C           -0.596639423299     0.312641113898     0.032998543878    12.000000000000
         C            1.919277758284     0.343111882293    -0.184383491476    12.000000000000
         C           -1.919277758284    -0.343111882293     0.184383491476    12.000000000000
         H            0.592011235545    -1.412147055166     0.018150766345     1.007825032230
         H           -0.592011235545     1.412147055166    -0.018150766345     1.007825032230
         H            2.749564873299    -0.256429673949     0.217222481891     1.007825032230
         H            1.944402307918     1.407340873568     0.090641495458     1.007825032230
         H            2.157440722880     0.346052845873    -1.259481795454     1.007825032230
         H           -2.749564873299     0.256429673949    -0.217222481891     1.007825032230
         H           -1.944402307918    -1.407340873568    -0.090641495458     1.007825032230
         H           -2.157440722880    -0.346052845873     1.259481795454     1.007825032230

  Running in ci symmetry.

  Rotational constants: A =      1.16813  B =      0.12396  C =      0.11643 [cm^-1]
  Rotational constants: A =  35019.71612  B =   3716.13301  C =   3490.51543 [MHz]
  Nuclear repulsion =  115.624802902642941

  Charge       = 0
  Multiplicity = 1
  Electrons    = 32
  Nalpha       = 16
  Nbeta        = 16

  ==> Algorithm <==

  SCF Algorithm Type is DF.
  DIIS enabled.
  MOM disabled.
  Fractional occupation disabled.
  Guess Type is READ.
  Energy threshold   = 1.00e-09
  Density threshold  = 1.00e-09
  Integral threshold = 1.00e-12

  ==> Primary Basis <==

  Basis Set: CC-PVDZ
    Blend: CC-PVDZ
    Number of shells: 48
    Number of basis functions: 96
    Number of Cartesian functions: 100
    Spherical Harmonics?: true
    Max angular momentum: 2

   => Loading Basis Set <=

    Name: (CC-PVDZ AUX)
    Role: JKFIT
    Keyword: DF_BASIS_SCF
    atoms 1-4  entry C          line   121 file /home/peter/miniconda3/envs/research/share/psi4/basis/cc-pvdz-jkfit.gbs 
    atoms 5-12 entry H          line    51 file /home/peter/miniconda3/envs/research/share/psi4/basis/cc-pvdz-jkfit.gbs 

   => Loading Basis Set <=

    Name: CC-PVDZ
    Role: ORBITAL
    Keyword: BASIS
    atoms 1-4  entry C          line   138 file /home/peter/miniconda3/envs/research/share/psi4/basis/cc-pvdz.gbs 
    atoms 5-12 entry H          line    22 file /home/peter/miniconda3/envs/research/share/psi4/basis/cc-pvdz.gbs 

  Reading orbitals from file /tmp/psi4.default.339749.180.npy, no projection.

  ==> Integral Setup <==

  DFHelper Memory: AOs need 0.035 GiB; user supplied 6.286 GiB. 
  Using in-core AOs.

  ==> MemDFJK: Density-Fitted J/K Matrices <==

    J tasked:                   Yes
    K tasked:                   Yes
    wK tasked:                   No
    OpenMP threads:               7
    Memory [MiB]:              6437
    Algorithm:                 Core
    Schwarz Cutoff:           1E-12
    Mask sparsity (%):       1.3672
    Fitting Condition:        1E-10

   => Auxiliary Basis Set <=

  Basis Set: (CC-PVDZ AUX)
    Blend: CC-PVDZ-JKFIT
    Number of shells: 168
    Number of basis functions: 464
    Number of Cartesian functions: 524
    Spherical Harmonics?: true
    Max angular momentum: 3

  Minimum eigenvalue in the overlap matrix is 3.6179063639E-03.
  Reciprocal condition number of the overlap matrix is 6.5719488330E-04.
    Using symmetric orthogonalization.

  ==> Pre-Iterations <==

  SCF Guess: Orbitals guess was supplied from a previous computation.

   -------------------------------------------------------
    Irrep   Nso     Nmo     Nalpha   Nbeta   Ndocc  Nsocc
   -------------------------------------------------------
     Ag        48      48       8       8       8       0
     Au        48      48       8       8       8       0
   -------------------------------------------------------
    Total      96      96      16      16      16       0
   -------------------------------------------------------

  ==> Iterations <==

                           Total Energy        Delta E     RMS |[F,P]|

   @DF-RHF iter   0:  -156.09190263837607   -1.56092e+02   2.81425e-03 
   @DF-RHF iter   1:  -156.11165321277946   -1.97506e-02   4.36685e-04 ADIIS/DIIS
   @DF-RHF iter   2:  -156.11240955695550   -7.56344e-04   1.31408e-04 ADIIS/DIIS
   @DF-RHF iter   3:  -156.11252676401509   -1.17207e-04   4.93270e-05 DIIS
   @DF-RHF iter   4:  -156.11254479468667   -1.80307e-05   1.66573e-05 DIIS
   @DF-RHF iter   5:  -156.11254689228002   -2.09759e-06   4.81761e-06 DIIS
   @DF-RHF iter   6:  -156.11254707551836   -1.83238e-07   9.93301e-07 DIIS
   @DF-RHF iter   7:  -156.11254708376134   -8.24298e-09   1.87186e-07 DIIS
   @DF-RHF iter   8:  -156.11254708404960   -2.88253e-10   6.63323e-08 DIIS
   @DF-RHF iter   9:  -156.11254708408347   -3.38787e-11   2.26028e-08 DIIS
   @DF-RHF iter  10:  -156.11254708408805   -4.57590e-12   3.73182e-09 DIIS
   @DF-RHF iter  11:  -156.11254708408813   -8.52651e-14   5.13151e-10 DIIS
  Energy and wave function converged.


  ==> Post-Iterations <==

    Orbital Energies [Eh]
    ---------------------

    Doubly Occupied:                                                      

       1Ag   -11.228719     1Au   -11.227238     2Ag   -11.225910  
       2Au   -11.225852     3Ag    -1.074478     3Au    -0.986032  
       4Ag    -0.875175     4Au    -0.737952     5Au    -0.608549  
       5Ag    -0.607290     6Au    -0.555025     6Ag    -0.534817  
       7Au    -0.530539     7Ag    -0.511455     8Ag    -0.479437  
       8Au    -0.329001  

    Virtual:                                                              

       9Ag     0.176073    10Ag     0.197737     9Au     0.202747  
      10Au     0.212434    11Ag     0.257475    11Au     0.269341  
      12Ag     0.274996    13Ag     0.296199    12Au     0.297406  
      13Au     0.405124    14Ag     0.426742    14Au     0.512279  
      15Ag     0.582939    16Ag     0.603833    15Au     0.604456  
      16Au     0.637380    17Ag     0.716686    17Au     0.746174  
      18Au     0.762411    18Ag     0.802316    19Au     0.827065  
      20Au     0.866992    19Ag     0.870577    20Ag     0.875546  
      21Au     0.883031    21Ag     0.893594    22Au     0.912883  
      23Au     0.936059    22Ag     0.937245    23Ag     0.941596  
      24Au     0.995980    24Ag     1.016880    25Ag     1.109348  
      25Au     1.158060    26Au     1.281327    26Ag     1.281408  
      27Au     1.306742    27Ag     1.333156    28Au     1.424341  
      28Ag     1.464403    29Ag     1.560553    29Au     1.581767  
      30Ag     1.679524    30Au     1.679620    31Au     1.687955  
      31Ag     1.694596    32Au     1.823007    32Ag     1.830965  
      33Ag     1.872904    34Ag     1.906983    33Au     1.915510  
      35Ag     1.951176    34Au     1.951177    35Au     1.961105  
      36Au     1.979923    36Ag     1.987652    37Ag     2.014389  
      37Au     2.048874    38Au     2.090250    38Ag     2.115289  
      39Ag     2.176243    39Au     2.262359    40Au     2.331359  
      40Ag     2.336316    41Au     2.399715    41Ag     2.426315  
      42Au     2.477311    42Ag     2.485571    43Au     2.559524  
      43Ag     2.573554    44Au     2.618697    44Ag     2.670891  
      45Ag     2.744297    45Au     2.760080    46Ag     2.811620  
      46Au     2.812601    47Au     2.926255    47Ag     2.941828  
      48Au     3.158970    48Ag     3.317014  

    Final Occupation by Irrep:
             Ag    Au 
    DOCC [     8,    8 ]
    NA   [     8,    8 ]
    NB   [     8,    8 ]

  @DF-RHF Final Energy:  -156.11254708408813

   => Energetics <=

    Nuclear Repulsion Energy =            115.6248029026429407
    One-Electron Energy =                -437.9997646715531801
    Two-Electron Energy =                 166.2624146848220903
    Total Energy =                       -156.1125470840881349

Computation Completed


Properties will be evaluated at   0.000000,   0.000000,   0.000000 [a0]

Properties computed using the SCF density matrix


 Multipole Moments:

 ------------------------------------------------------------------------------------
     Multipole            Electronic (a.u.)      Nuclear  (a.u.)        Total (a.u.)
 ------------------------------------------------------------------------------------

 L = 1.  Multiply by 2.5417464519 to convert [e a0] to [Debye]
 Dipole X            :          0.0000000            0.0000000            0.0000000
 Dipole Y            :          0.0000000            0.0000000            0.0000000
 Dipole Z            :          0.0000000            0.0000000            0.0000000
 Magnitude           :                                                    0.0000000

 ------------------------------------------------------------------------------------

*** tstop() called on flexpad at Mon Aug  3 19:12:46 2026
Module time:
	user time   =       3.89 seconds =       0.06 minutes
	system time =       0.08 seconds =       0.00 minutes
	total time  =          1 seconds =       0.02 minutes
Total time:
	user time   =     385.60 seconds =       6.43 minutes
	system time =      15.12 seconds =       0.25 minutes
	total time  =         67 seconds =       1.12 minutes

*** tstart() called on flexpad
*** at Mon Aug  3 19:12:46 2026


  //>>>>>>>>>>>>>>>>>>>>>>>>>>>>>>>>>>>//
  //               DFMP2               //
  //<<<<<<<<<<<<<<<<<<<<<<<<<<<<<<<<<<<//

   => Loading Basis Set <=

    Name: (CC-PVDZ AUX)
    Role: RIFIT
    Keyword: DF_BASIS_MP2
    atoms 1-4  entry C          line   159 file /home/peter/miniconda3/envs/research/share/psi4/basis/cc-pvdz-ri.gbs 
    atoms 5-12 entry H          line    19 file /home/peter/miniconda3/envs/research/share/psi4/basis/cc-pvdz-ri.gbs 

	 --------------------------------------------------------
	                          DF-MP2                         
	      2nd-Order Density-Fitted Moller-Plesset Theory     
	              RMP2 Wavefunction,   7 Threads             
	                                                         
	        Rob Parrish, Justin Turney, Andy Simmonett,      
	           Ed Hohenstein, and C. David Sherrill          
	 --------------------------------------------------------

   => Auxiliary Basis Set <=

  Basis Set: (CC-PVDZ AUX)
    Blend: CC-PVDZ-RI
    Number of shells: 120
    Number of basis functions: 336
    Number of Cartesian functions: 384
    Spherical Harmonics?: true
    Max angular momentum: 3

	 --------------------------------------------------------
	                 NBF =    96, NAUX =   336
	 --------------------------------------------------------
	   CLASS    FOCC     OCC    AOCC    AVIR     VIR    FVIR
	   PAIRS       4      16      12      80      80       0
	 --------------------------------------------------------

  DFHelper Memory: AOs need 0.035 GiB; user supplied 6.286 GiB. 
  Using in-core AOs.


         ------------------------------------------------------------
                                     CPHF                           
                                  Rob Parrish                       
         ------------------------------------------------------------

  ==> Geometry <==

    Molecular point group: ci
    Full point group: Ci

    Geometry (in Angstrom), charge = 0, multiplicity = 1:

       Center              X                  Y                   Z               Mass       
    ------------   -----------------  -----------------  -----------------  -----------------
         C            0.596639423299    -0.312641113898    -0.032998543878    12.000000000000
         C           -0.596639423299     0.312641113898     0.032998543878    12.000000000000
         C            1.919277758284     0.343111882293    -0.184383491476    12.000000000000
         C           -1.919277758284    -0.343111882293     0.184383491476    12.000000000000
         H            0.592011235545    -1.412147055166     0.018150766345     1.007825032230
         H           -0.592011235545     1.412147055166    -0.018150766345     1.007825032230
         H            2.749564873299    -0.256429673949     0.217222481891     1.007825032230
         H            1.944402307918     1.407340873568     0.090641495458     1.007825032230
         H            2.157440722880     0.346052845873    -1.259481795454     1.007825032230
         H           -2.749564873299     0.256429673949    -0.217222481891     1.007825032230
         H           -1.944402307918    -1.407340873568    -0.090641495458     1.007825032230
         H           -2.157440722880    -0.346052845873     1.259481795454     1.007825032230

  Nuclear repulsion =  115.624802902642941
  Reference energy  = -156.112547084088135

  ==> Basis Set <==

  Basis Set: CC-PVDZ
    Blend: CC-PVDZ
    Number of shells: 48
    Number of basis functions: 96
    Number of Cartesian functions: 100
    Spherical Harmonics?: true
    Max angular momentum: 2

  ==> CGRSolver (by Rob Parrish) <==

   Number of roots    =         1
   Preconditioning    =    JACOBI
   Convergence cutoff =     1E-06
   Maximum iterations =       100

  ==> CPHFRHamiltonian (by Rob Parrish) <== 

  ==> MemDFJK: Density-Fitted J/K Matrices <==

    J tasked:                   Yes
    K tasked:                   Yes
    wK tasked:                   No
    OpenMP threads:               7
    Memory [MiB]:              6437
    Algorithm:                 Core
    Schwarz Cutoff:           1E-12
    Mask sparsity (%):       1.3672
    Fitting Condition:        1E-10

   => Auxiliary Basis Set <=

  Basis Set: (CC-PVDZ AUX)
    Blend: CC-PVDZ-JKFIT
    Number of shells: 168
    Number of basis functions: 464
    Number of Cartesian functions: 524
    Spherical Harmonics?: true
    Max angular momentum: 3

  ==> CPHF Iterations <==

  => Iterations <=

             Iter  Converged  Remaining    Residual
  CGR           1          0          1   7.721E-02
  CGR           2          0          1   1.226E-02
  CGR           3          0          1   2.259E-03
  CGR           4          0          1   6.586E-04
  CGR           5          0          1   1.317E-04
  CGR           6          0          1   3.571E-05
  CGR           7          0          1   8.342E-06
  CGR           8          0          1   1.743E-06
  CGR           9          1          0   3.114E-07

    CGRSolver converged.

  ==> DFCorrGrad: Density-Fitted Correlated Gradients <==

    OpenMP threads:              7
    Integrals threads:           7
    Memory [GiB]:            6.286
    Schwarz Cutoff:          0E+00
    Fitting Condition:       1E-10

   => Auxiliary Basis Set <=

  Basis Set: (CC-PVDZ AUX)
    Blend: CC-PVDZ-JKFIT
    Number of shells: 168
    Number of basis functions: 464
    Number of Cartesian functions: 524
    Spherical Harmonics?: true
    Max angular momentum: 3

	-----------------------------------------------------------
	 ==================> DF-MP2 Energies <==================== 
	-----------------------------------------------------------
	 Reference Energy          =    -156.1125470840881349 [Eh]
	 Singles Energy            =      -0.0000000000000000 [Eh]
	 Same-Spin Energy          =      -0.1286772621838790 [Eh]
	 Opposite-Spin Energy      =      -0.4344677837898728 [Eh]
	 Correlation Energy        =      -0.5631450459737518 [Eh]
	 Total Energy              =    -156.6756921300618899 [Eh]
	-----------------------------------------------------------
	 ================> DF-SCS-MP2 Energies <================== 
	-----------------------------------------------------------
	 SCS Same-Spin Scale       =       0.3333333333333333 [-]
	 SCS Opposite-Spin Scale   =       1.2000000000000000 [-]
	 SCS Same-Spin Energy      =      -0.0428924207279597 [Eh]
	 SCS Opposite-Spin Energy  =      -0.5213613405478473 [Eh]
	 SCS Correlation Energy    =      -0.5642537612758070 [Eh]
	 SCS Total Energy          =    -156.6768008453639425 [Eh]
	-----------------------------------------------------------


  -Total Gradient:
     Atom            X                  Y                   Z
    ------   -----------------  -----------------  -----------------
       1        0.013099584690     0.009991479436    -0.008299870852
       2       -0.013099584690    -0.009991479436     0.008299870852
       3       -0.009991287787    -0.000746800284     0.021720752990
       4        0.009991287787     0.000746800284    -0.021720752990
       5       -0.000774361554     0.000161543292     0.001896667921
       6        0.000774361554    -0.000161543292    -0.001896667921
       7        0.001024487985    -0.005167679137    -0.011724490052
       8       -0.000764628931     0.001690346986    -0.009149074207
       9       -0.001270398474    -0.000885303018     0.007099587359
      10       -0.001024487985     0.005167679137     0.011724490052
      11        0.000764628931    -0.001690346986     0.009149074207
      12        0.001270398474     0.000885303018    -0.007099587359


*** tstop() called on flexpad at Mon Aug  3 19:12:48 2026
Module time:
	user time   =      10.38 seconds =       0.17 minutes
	system time =       0.22 seconds =       0.00 minutes
	total time  =          2 seconds =       0.03 minutes
Total time:
	user time   =     395.98 seconds =       6.60 minutes
	system time =      15.34 seconds =       0.26 minutes
	total time  =         69 seconds =       1.15 minutes

    			-----------------------------------------

    			 OPTKING 3.0: for geometry optimizations 

    			     By R.A. King, Bethel University     

    			        with contributions from          

    			    A.V. Copan, J. Cayton, A. Heide      

    			-----------------------------------------

    
	                            ===> Fragment 1 <== 

	 Z (Atomic Numbers)          Masses                          Geom                  
	       6.000000            12.000000          1.12748511 -0.59080608 -0.06235821   
	       6.000000            12.000000         -1.12748511  0.59080608  0.06235821   
	       6.000000            12.000000          3.62690932  0.64838749 -0.34843430   
	       6.000000            12.000000         -3.62690932 -0.64838749  0.34843430   
	       1.000000             1.007825          1.11873910 -2.66857118  0.03429998   
	       1.000000             1.007825         -1.11873910  2.66857118 -0.03429998   
	       1.000000             1.007825          5.19592457 -0.48458185  0.41049100   
	       1.000000             1.007825          3.67438784  2.65948882  0.17128760   
	       1.000000             1.007825          4.07697210  0.65394510 -2.38007565   
	       1.000000             1.007825         -5.19592457  0.48458185 -0.41049100   
	       1.000000             1.007825         -3.67438784 -2.65948882 -0.17128760   
	       1.000000             1.007825         -4.07697210 -0.65394510  2.38007565   

	 - Coordinate -           - BOHR/RAD -       - ANG/DEG -
	 R(1,2)           =         2.548853           1.348795
	 R(1,3)           =         2.804383           1.484015
	 R(1,5)           =         2.080031           1.100705
	 R(2,4)           =         2.804383           1.484015
	 R(2,6)           =         2.080031           1.100705
	 R(3,7)           =         2.078797           1.100052
	 R(3,8)           =         2.077714           1.099479
	 R(3,9)           =         2.080902           1.101166
	 R(4,10)          =         2.078797           1.100052
	 R(4,11)          =         2.077714           1.099479
	 R(4,12)          =         2.080902           1.101166
	 B(1,2,4)         =         2.200169         126.060405
	 B(1,2,6)         =         2.045514         117.199308
	 B(1,3,7)         =         1.976455         113.242527
	 B(1,3,8)         =         2.007065         114.996326
	 B(1,3,9)         =         1.868723         107.069941
	 B(2,1,3)         =         2.200169         126.060405
	 B(2,1,5)         =         2.045514         117.199308
	 B(2,4,10)        =         1.976455         113.242527
	 B(2,4,11)        =         2.007065         114.996326
	 B(2,4,12)        =         1.868723         107.069941
	 B(3,1,5)         =         2.037432         116.736250
	 B(4,2,6)         =         2.037432         116.736250
	 B(7,3,8)         =         2.003107         114.769572
	 B(7,3,9)         =         1.766695         101.224192
	 B(8,3,9)         =         1.809756         103.691395
	 B(10,4,11)       =         2.003107         114.769572
	 B(10,4,12)       =         1.766695         101.224192
	 B(11,4,12)       =         1.809756         103.691395
	 D(1,2,4,10)      =         3.587212         205.532123
	 D(1,2,4,11)      =        -0.345099         -19.772731
	 D(1,2,4,12)      =         1.655125          94.831701
	 D(2,1,3,7)       =         2.695973         154.467877
	 D(2,1,3,8)       =         0.345099          19.772731
	 D(2,1,3,9)       =        -1.655125         -94.831701
	 D(3,1,2,4)       =         3.141593         180.000000
	 D(3,1,2,6)       =        -0.013229          -0.757981
	 D(4,2,1,5)       =         0.013229           0.757981
	 D(5,1,2,6)       =         3.141593         180.000000
	 D(5,1,3,7)       =        -0.458795         -26.286993
	 D(5,1,3,8)       =         3.473517         199.017861
	 D(5,1,3,9)       =         1.473292          84.413429
	 D(6,2,4,10)      =         0.458795          26.286993
	 D(6,2,4,11)      =         2.809668         160.982139
	 D(6,2,4,12)      =        -1.473292         -84.413429


	        --- Internal Coordinate Step in ANG or DEG, aJ/ANG or AJ/DEG ---
	-------------------------------------------------------------------------------
	           Coordinate      Previous         Force          Change          New 
	           ----------      --------        ------          ------        ------
	               R(1,2)       1.34879        0.01024        0.00108       1.34987
	               R(1,3)       1.48402        0.10606        0.01467       1.49868
	               R(1,5)       1.10070        0.00058       -0.00176       1.09895
	               R(2,4)       1.48402        0.10606        0.01467       1.49868
	               R(2,6)       1.10070        0.00058       -0.00176       1.09895
	               R(3,7)       1.10005        0.00569        0.00112       1.10117
	               R(3,8)       1.09948        0.00552        0.00122       1.10070
	               R(3,9)       1.10117        0.05939        0.00670       1.10786
	              R(4,10)       1.10005        0.00569        0.00112       1.10117
	              R(4,11)       1.09948        0.00552        0.00122       1.10070
	              R(4,12)       1.10117        0.05939        0.00670       1.10786
	             B(1,2,4)     126.06041       -0.00027       -1.32918     124.73123
	             B(1,2,6)     117.19931        0.00021        0.99663     118.19593
	             B(1,3,7)     113.24253       -0.00011       -3.40921     109.83332
	             B(1,3,8)     114.99633       -0.00035       -4.60790     110.38842
	             B(1,3,9)     107.06994        0.00037        4.40439     111.47433
	             B(2,1,3)     126.06041       -0.00027       -1.32918     124.73123
	             B(2,1,5)     117.19931        0.00021        0.99663     118.19593
	            B(2,4,10)     113.24253       -0.00011       -3.40921     109.83332
	            B(2,4,11)     114.99633       -0.00035       -4.60790     110.38842
	            B(2,4,12)     107.06994        0.00037        4.40439     111.47433
	             B(3,1,5)     116.73625        0.00006        0.32595     117.06220
	             B(4,2,6)     116.73625        0.00006        0.32595     117.06220
	             B(7,3,8)     114.76957       -0.00037       -4.64141     110.12816
	             B(7,3,9)     101.22419        0.00041        5.45294     106.67714
	             B(8,3,9)     103.69139        0.00029        4.57032     108.26172
	           B(10,4,11)     114.76957       -0.00037       -4.64141     110.12816
	           B(10,4,12)     101.22419        0.00041        5.45294     106.67714
	           B(11,4,12)     103.69139        0.00029        4.57032     108.26172
	          D(1,2,4,10)     205.53212        0.00063        7.95882     213.49094
	          D(1,2,4,11)     -19.77273       -0.00043       -5.11370     -24.88643
	          D(1,2,4,12)      94.83170       -0.00002        0.64310      95.47480
	           D(2,1,3,7)     154.46788       -0.00063       -7.95882     146.50906
	           D(2,1,3,8)      19.77273        0.00043        5.11370      24.88643
	           D(2,1,3,9)     -94.83170        0.00002       -0.64310     -95.47480
	           D(3,1,2,4)     180.00000        0.00000        0.00000     180.00000
	           D(3,1,2,6)      -0.75798       -0.00002       -0.46664      -1.22462
	           D(4,2,1,5)       0.75798        0.00002        0.46664       1.22462
	           D(5,1,2,6)     180.00000        0.00000        0.00000     180.00000
	           D(5,1,3,7)     -26.28699       -0.00065       -8.41595     -34.70294
	           D(5,1,3,8)     199.01786        0.00041        4.65657     203.67444
	           D(5,1,3,9)      84.41343        0.00000       -1.10022      83.31321
	          D(6,2,4,10)      26.28699        0.00065        8.41595      34.70294
	          D(6,2,4,11)     160.98214       -0.00041       -4.65657     156.32556
	          D(6,2,4,12)     -84.41343       -0.00000        1.10022     -83.31321
	-------------------------------------------------------------------------------

	                                 ==> Convergence Check <==                                  
    
	Measures of convergence in internal coordinates in au.
    
	Criteria marked as inactive (o), active & met (*), and active & unmet ( ).

	----------------------------------------------------------------------------------------------
	   Step    Total Energy     Delta E     Max Force     RMS Force      Max Disp      RMS Disp   
	----------------------------------------------------------------------------------------------
	  Convergence Criteria     1.00e-06 *    3.00e-04 *             o    1.20e-03 *             o
	----------------------------------------------------------------------------------------------
	     4    -156.67569213   -2.98e-02      1.29e-02      4.98e-03 o    1.47e-01      6.52e-02 o  ~
	----------------------------------------------------------------------------------------------

Next Geometry in Ang 
	Fragment 1 (Ang)

	    C   0.5886895950  -0.3267809607  -0.0468772215
	    C  -0.5886895950   0.3267809607   0.0468772215
	    C   1.9182067568   0.3340808506  -0.2510772550
	    C  -1.9182067568  -0.3340808506   0.2510772550
	    H   0.5793959719  -1.4241928477   0.0104700068
	    H  -0.5793959719   1.4241928477  -0.0104700068
	    H   2.7023908223  -0.2343832979   0.2728398495
	    H   1.8916954863   1.3709025807   0.1174745355
	    H   2.2012760201   0.3534444327  -1.3219910393
	    H  -2.7023908223   0.2343832979  -0.2728398495
	    H  -1.8916954863  -1.3709025807  -0.1174745355
	    H  -2.2012760201  -0.3534444327   1.3219910393


    Structure for next step:
    Molecular point group: ci
    Full point group: Ci

    Geometry (in Angstrom), charge = 0, multiplicity = 1:

    C            0.588689595031    -0.326780960719    -0.046877221464
    C           -0.588689595031     0.326780960719     0.046877221464
    C            1.918206756803     0.334080850588    -0.251077254975
    C           -1.918206756803    -0.334080850588     0.251077254975
    H            0.579395971865    -1.424192847666     0.010470006827
    H           -0.579395971865     1.424192847666    -0.010470006827
    H            2.702390822253    -0.234383297898     0.272839849537
    H            1.891695486326     1.370902580655     0.117474535491
    H            2.201276020121     0.353444432731    -1.321991039279
    H           -2.702390822253     0.234383297898    -0.272839849537
    H           -1.891695486326    -1.370902580655    -0.117474535491
    H           -2.201276020121    -0.353444432731     1.321991039279


Scratch directory: /tmp/
gradient() will perform analytic gradient computation.
   => Libint2 <=

    Primary   basis highest AM E, G, H:  6, 6, 3
    Auxiliary basis highest AM E, G, H:  7, 7, 4
    Onebody   basis highest AM E, G, H:  -, -, -
    Solid Harmonics ordering:            Gaussian

*** tstart() called on flexpad
*** at Mon Aug  3 19:12:48 2026

   => Loading Basis Set <=

    Name: CC-PVDZ
    Role: ORBITAL
    Keyword: BASIS
    atoms 1-4  entry C          line   138 file /home/peter/miniconda3/envs/research/share/psi4/basis/cc-pvdz.gbs 
    atoms 5-12 entry H          line    22 file /home/peter/miniconda3/envs/research/share/psi4/basis/cc-pvdz.gbs 


         ---------------------------------------------------------
                                   SCF
               by Justin Turney, Rob Parrish, Andy Simmonett
                          and Daniel G. A. Smith
                              RHF Reference
                        7 Threads,   8583 MiB Core
         ---------------------------------------------------------

  ==> Geometry <==

    Molecular point group: ci
    Full point group: Ci

    Geometry (in Angstrom), charge = 0, multiplicity = 1:

       Center              X                  Y                   Z               Mass       
    ------------   -----------------  -----------------  -----------------  -----------------
         C            0.588689595031    -0.326780960719    -0.046877221464    12.000000000000
         C           -0.588689595031     0.326780960719     0.046877221464    12.000000000000
         C            1.918206756803     0.334080850588    -0.251077254975    12.000000000000
         C           -1.918206756803    -0.334080850588     0.251077254975    12.000000000000
         H            0.579395971865    -1.424192847666     0.010470006827     1.007825032230
         H           -0.579395971865     1.424192847666    -0.010470006827     1.007825032230
         H            2.702390822253    -0.234383297898     0.272839849537     1.007825032230
         H            1.891695486326     1.370902580655     0.117474535491     1.007825032230
         H            2.201276020121     0.353444432731    -1.321991039279     1.007825032230
         H           -2.702390822253     0.234383297898    -0.272839849537     1.007825032230
         H           -1.891695486326    -1.370902580655    -0.117474535491     1.007825032230
         H           -2.201276020121    -0.353444432731     1.321991039279     1.007825032230

  Running in ci symmetry.

  Rotational constants: A =      1.13594  B =      0.12389  C =      0.11659 [cm^-1]
  Rotational constants: A =  34054.70259  B =   3714.08219  C =   3495.30270 [MHz]
  Nuclear repulsion =  115.315170935428654

  Charge       = 0
  Multiplicity = 1
  Electrons    = 32
  Nalpha       = 16
  Nbeta        = 16

  ==> Algorithm <==

  SCF Algorithm Type is DF.
  DIIS enabled.
  MOM disabled.
  Fractional occupation disabled.
  Guess Type is READ.
  Energy threshold   = 1.00e-09
  Density threshold  = 1.00e-09
  Integral threshold = 1.00e-12

  ==> Primary Basis <==

  Basis Set: CC-PVDZ
    Blend: CC-PVDZ
    Number of shells: 48
    Number of basis functions: 96
    Number of Cartesian functions: 100
    Spherical Harmonics?: true
    Max angular momentum: 2

   => Loading Basis Set <=

    Name: (CC-PVDZ AUX)
    Role: JKFIT
    Keyword: DF_BASIS_SCF
    atoms 1-4  entry C          line   121 file /home/peter/miniconda3/envs/research/share/psi4/basis/cc-pvdz-jkfit.gbs 
    atoms 5-12 entry H          line    51 file /home/peter/miniconda3/envs/research/share/psi4/basis/cc-pvdz-jkfit.gbs 

   => Loading Basis Set <=

    Name: CC-PVDZ
    Role: ORBITAL
    Keyword: BASIS
    atoms 1-4  entry C          line   138 file /home/peter/miniconda3/envs/research/share/psi4/basis/cc-pvdz.gbs 
    atoms 5-12 entry H          line    22 file /home/peter/miniconda3/envs/research/share/psi4/basis/cc-pvdz.gbs 

  Reading orbitals from file /tmp/psi4.default.339749.180.npy, no projection.

  ==> Integral Setup <==

  DFHelper Memory: AOs need 0.035 GiB; user supplied 6.286 GiB. 
  Using in-core AOs.

  ==> MemDFJK: Density-Fitted J/K Matrices <==

    J tasked:                   Yes
    K tasked:                   Yes
    wK tasked:                   No
    OpenMP threads:               7
    Memory [MiB]:              6437
    Algorithm:                 Core
    Schwarz Cutoff:           1E-12
    Mask sparsity (%):       1.0634
    Fitting Condition:        1E-10

   => Auxiliary Basis Set <=

  Basis Set: (CC-PVDZ AUX)
    Blend: CC-PVDZ-JKFIT
    Number of shells: 168
    Number of basis functions: 464
    Number of Cartesian functions: 524
    Spherical Harmonics?: true
    Max angular momentum: 3

  Minimum eigenvalue in the overlap matrix is 3.9174855566E-03.
  Reciprocal condition number of the overlap matrix is 7.1836526105E-04.
    Using symmetric orthogonalization.

  ==> Pre-Iterations <==

  SCF Guess: Orbitals guess was supplied from a previous computation.

   -------------------------------------------------------
    Irrep   Nso     Nmo     Nalpha   Nbeta   Ndocc  Nsocc
   -------------------------------------------------------
     Ag        48      48       8       8       8       0
     Au        48      48       8       8       8       0
   -------------------------------------------------------
    Total      96      96      16      16      16       0
   -------------------------------------------------------

  ==> Iterations <==

                           Total Energy        Delta E     RMS |[F,P]|

   @DF-RHF iter   0:  -156.10023831438812   -1.56100e+02   1.71858e-03 
   @DF-RHF iter   1:  -156.11873089543687   -1.84926e-02   2.72583e-04 ADIIS/DIIS
   @DF-RHF iter   2:  -156.11905879749139   -3.27902e-04   9.38215e-05 DIIS
   @DF-RHF iter   3:  -156.11911696377703   -5.81663e-05   3.68961e-05 DIIS
   @DF-RHF iter   4:  -156.11912618928605   -9.22551e-06   1.16097e-05 DIIS
   @DF-RHF iter   5:  -156.11912745039035   -1.26110e-06   2.52135e-06 DIIS
   @DF-RHF iter   6:  -156.11912750347429   -5.30839e-08   6.59307e-07 DIIS
   @DF-RHF iter   7:  -156.11912750703976   -3.56548e-09   1.79112e-07 DIIS
   @DF-RHF iter   8:  -156.11912750722533   -1.85565e-10   6.45192e-08 DIIS
   @DF-RHF iter   9:  -156.11912750726071   -3.53850e-11   1.47341e-08 DIIS
   @DF-RHF iter  10:  -156.11912750726302   -2.30216e-12   2.15974e-09 DIIS
   @DF-RHF iter  11:  -156.11912750726307   -5.68434e-14   3.17861e-10 DIIS
  Energy and wave function converged.


  ==> Post-Iterations <==

    Orbital Energies [Eh]
    ---------------------

    Doubly Occupied:                                                      

       1Ag   -11.229448     1Au   -11.228046     2Ag   -11.227355  
       2Au   -11.227225     3Ag    -1.072012     3Au    -0.980921  
       4Ag    -0.871268     4Au    -0.737642     5Ag    -0.602223  
       5Au    -0.601046     6Au    -0.564944     6Ag    -0.547810  
       7Au    -0.520907     7Ag    -0.502945     8Ag    -0.477395  
       8Au    -0.334495  

    Virtual:                                                              

       9Ag     0.173773    10Ag     0.198288     9Au     0.203553  
      10Au     0.213492    11Ag     0.255916    11Au     0.268418  
      12Ag     0.276202    12Au     0.296649    13Ag     0.300160  
      13Au     0.400578    14Ag     0.420290    14Au     0.509285  
      15Ag     0.582438    15Au     0.609539    16Ag     0.628301  
      16Au     0.657221    17Ag     0.716499    17Au     0.727139  
      18Au     0.764917    18Ag     0.771085    19Au     0.801375  
      19Ag     0.844949    20Au     0.870040    20Ag     0.875194  
      21Au     0.881892    21Ag     0.890434    22Au     0.901018  
      23Au     0.924738    22Ag     0.926323    23Ag     0.935263  
      24Au     0.990309    24Ag     1.013728    25Ag     1.105439  
      25Au     1.154236    26Au     1.277457    26Ag     1.286889  
      27Au     1.307995    27Ag     1.342870    28Au     1.438374  
      28Ag     1.472490    29Ag     1.539107    29Au     1.599033  
      30Au     1.672466    30Ag     1.682018    31Au     1.682236  
      31Ag     1.706477    32Au     1.802278    32Ag     1.843770  
      33Ag     1.855565    33Au     1.897472    34Ag     1.900466  
      34Au     1.932358    35Ag     1.938119    35Au     1.942588  
      36Ag     1.974941    36Au     1.995678    37Ag     2.006868  
      37Au     2.043221    38Au     2.082155    38Ag     2.122169  
      39Ag     2.215314    39Au     2.276743    40Ag     2.282260  
      40Au     2.326789    41Au     2.371064    41Ag     2.394370  
      42Au     2.465710    42Ag     2.489347    43Au     2.550662  
      43Ag     2.569435    44Au     2.640603    44Ag     2.666424  
      45Ag     2.741561    45Au     2.745088    46Ag     2.795355  
      46Au     2.828728    47Au     2.885571    47Ag     2.887404  
      48Au     3.092891    48Ag     3.270503  

    Final Occupation by Irrep:
             Ag    Au 
    DOCC [     8,    8 ]
    NA   [     8,    8 ]
    NB   [     8,    8 ]

  @DF-RHF Final Energy:  -156.11912750726307

   => Energetics <=

    Nuclear Repulsion Energy =            115.3151709354286538
    One-Electron Energy =                -437.4172280787312275
    Two-Electron Energy =                 165.9829296360394721
    Total Energy =                       -156.1191275072630731

Computation Completed


Properties will be evaluated at   0.000000,   0.000000,   0.000000 [a0]

Properties computed using the SCF density matrix


 Multipole Moments:

 ------------------------------------------------------------------------------------
     Multipole            Electronic (a.u.)      Nuclear  (a.u.)        Total (a.u.)
 ------------------------------------------------------------------------------------

 L = 1.  Multiply by 2.5417464519 to convert [e a0] to [Debye]
 Dipole X            :          0.0000000            0.0000000            0.0000000
 Dipole Y            :          0.0000000           -0.0000000           -0.0000000
 Dipole Z            :          0.0000000            0.0000000            0.0000000
 Magnitude           :                                                    0.0000000

 ------------------------------------------------------------------------------------

*** tstop() called on flexpad at Mon Aug  3 19:12:48 2026
Module time:
	user time   =       3.87 seconds =       0.06 minutes
	system time =       0.07 seconds =       0.00 minutes
	total time  =          0 seconds =       0.00 minutes
Total time:
	user time   =     401.33 seconds =       6.69 minutes
	system time =      15.44 seconds =       0.26 minutes
	total time  =         69 seconds =       1.15 minutes

*** tstart() called on flexpad
*** at Mon Aug  3 19:12:48 2026


  //>>>>>>>>>>>>>>>>>>>>>>>>>>>>>>>>>>>//
  //               DFMP2               //
  //<<<<<<<<<<<<<<<<<<<<<<<<<<<<<<<<<<<//

   => Loading Basis Set <=

    Name: (CC-PVDZ AUX)
    Role: RIFIT
    Keyword: DF_BASIS_MP2
    atoms 1-4  entry C          line   159 file /home/peter/miniconda3/envs/research/share/psi4/basis/cc-pvdz-ri.gbs 
    atoms 5-12 entry H          line    19 file /home/peter/miniconda3/envs/research/share/psi4/basis/cc-pvdz-ri.gbs 

	 --------------------------------------------------------
	                          DF-MP2                         
	      2nd-Order Density-Fitted Moller-Plesset Theory     
	              RMP2 Wavefunction,   7 Threads             
	                                                         
	        Rob Parrish, Justin Turney, Andy Simmonett,      
	           Ed Hohenstein, and C. David Sherrill          
	 --------------------------------------------------------

   => Auxiliary Basis Set <=

  Basis Set: (CC-PVDZ AUX)
    Blend: CC-PVDZ-RI
    Number of shells: 120
    Number of basis functions: 336
    Number of Cartesian functions: 384
    Spherical Harmonics?: true
    Max angular momentum: 3

	 --------------------------------------------------------
	                 NBF =    96, NAUX =   336
	 --------------------------------------------------------
	   CLASS    FOCC     OCC    AOCC    AVIR     VIR    FVIR
	   PAIRS       4      16      12      80      80       0
	 --------------------------------------------------------

  DFHelper Memory: AOs need 0.035 GiB; user supplied 6.286 GiB. 
  Using in-core AOs.


         ------------------------------------------------------------
                                     CPHF                           
                                  Rob Parrish                       
         ------------------------------------------------------------

  ==> Geometry <==

    Molecular point group: ci
    Full point group: Ci

    Geometry (in Angstrom), charge = 0, multiplicity = 1:

       Center              X                  Y                   Z               Mass       
    ------------   -----------------  -----------------  -----------------  -----------------
         C            0.588689595031    -0.326780960719    -0.046877221464    12.000000000000
         C           -0.588689595031     0.326780960719     0.046877221464    12.000000000000
         C            1.918206756803     0.334080850588    -0.251077254975    12.000000000000
         C           -1.918206756803    -0.334080850588     0.251077254975    12.000000000000
         H            0.579395971865    -1.424192847666     0.010470006827     1.007825032230
         H           -0.579395971865     1.424192847666    -0.010470006827     1.007825032230
         H            2.702390822253    -0.234383297898     0.272839849537     1.007825032230
         H            1.891695486326     1.370902580655     0.117474535491     1.007825032230
         H            2.201276020121     0.353444432731    -1.321991039279     1.007825032230
         H           -2.702390822253     0.234383297898    -0.272839849537     1.007825032230
         H           -1.891695486326    -1.370902580655    -0.117474535491     1.007825032230
         H           -2.201276020121    -0.353444432731     1.321991039279     1.007825032230

  Nuclear repulsion =  115.315170935428654
  Reference energy  = -156.119127507263073

  ==> Basis Set <==

  Basis Set: CC-PVDZ
    Blend: CC-PVDZ
    Number of shells: 48
    Number of basis functions: 96
    Number of Cartesian functions: 100
    Spherical Harmonics?: true
    Max angular momentum: 2

  ==> CGRSolver (by Rob Parrish) <==

   Number of roots    =         1
   Preconditioning    =    JACOBI
   Convergence cutoff =     1E-06
   Maximum iterations =       100

  ==> CPHFRHamiltonian (by Rob Parrish) <== 

  ==> MemDFJK: Density-Fitted J/K Matrices <==

    J tasked:                   Yes
    K tasked:                   Yes
    wK tasked:                   No
    OpenMP threads:               7
    Memory [MiB]:              6437
    Algorithm:                 Core
    Schwarz Cutoff:           1E-12
    Mask sparsity (%):       1.0634
    Fitting Condition:        1E-10

   => Auxiliary Basis Set <=

  Basis Set: (CC-PVDZ AUX)
    Blend: CC-PVDZ-JKFIT
    Number of shells: 168
    Number of basis functions: 464
    Number of Cartesian functions: 524
    Spherical Harmonics?: true
    Max angular momentum: 3

  ==> CPHF Iterations <==

  => Iterations <=

             Iter  Converged  Remaining    Residual
  CGR           1          0          1   7.597E-02
  CGR           2          0          1   1.208E-02
  CGR           3          0          1   2.220E-03
  CGR           4          0          1   6.389E-04
  CGR           5          0          1   1.258E-04
  CGR           6          0          1   3.153E-05
  CGR           7          0          1   6.924E-06
  CGR           8          0          1   1.636E-06
  CGR           9          1          0   3.053E-07

    CGRSolver converged.

  ==> DFCorrGrad: Density-Fitted Correlated Gradients <==

    OpenMP threads:              7
    Integrals threads:           7
    Memory [GiB]:            6.286
    Schwarz Cutoff:          0E+00
    Fitting Condition:       1E-10

   => Auxiliary Basis Set <=

  Basis Set: (CC-PVDZ AUX)
    Blend: CC-PVDZ-JKFIT
    Number of shells: 168
    Number of basis functions: 464
    Number of Cartesian functions: 524
    Spherical Harmonics?: true
    Max angular momentum: 3

	-----------------------------------------------------------
	 ==================> DF-MP2 Energies <==================== 
	-----------------------------------------------------------
	 Reference Energy          =    -156.1191275072630731 [Eh]
	 Singles Energy            =      -0.0000000000000000 [Eh]
	 Same-Spin Energy          =      -0.1282452849728291 [Eh]
	 Opposite-Spin Energy      =      -0.4345639616246594 [Eh]
	 Correlation Energy        =      -0.5628092465974885 [Eh]
	 Total Energy              =    -156.6819367538605547 [Eh]
	-----------------------------------------------------------
	 ================> DF-SCS-MP2 Energies <================== 
	-----------------------------------------------------------
	 SCS Same-Spin Scale       =       0.3333333333333333 [-]
	 SCS Opposite-Spin Scale   =       1.2000000000000000 [-]
	 SCS Same-Spin Energy      =      -0.0427484283242764 [Eh]
	 SCS Opposite-Spin Energy  =      -0.5214767539495913 [Eh]
	 SCS Correlation Energy    =      -0.5642251822738676 [Eh]
	 SCS Total Energy          =    -156.6833526895369459 [Eh]
	-----------------------------------------------------------


  -Total Gradient:
     Atom            X                  Y                   Z
    ------   -----------------  -----------------  -----------------
       1        0.006181362187     0.002336207644     0.001697091504
       2       -0.006181362187    -0.002336207644    -0.001697091504
       3       -0.001754600334     0.000809251630     0.002844491383
       4        0.001754600334    -0.000809251630    -0.002844491383
       5        0.000454040427     0.000910335118     0.001293940279
       6       -0.000454040427    -0.000910335118    -0.001293940279
       7       -0.002233286727    -0.003205788759    -0.001820339212
       8       -0.002733125442    -0.000827568430     0.000054464529
       9        0.000491381267     0.000214077593    -0.001732323125
      10        0.002233286727     0.003205788759     0.001820339212
      11        0.002733125442     0.000827568430    -0.000054464529
      12       -0.000491381267    -0.000214077593     0.001732323125


*** tstop() called on flexpad at Mon Aug  3 19:12:50 2026
Module time:
	user time   =       9.83 seconds =       0.16 minutes
	system time =       0.18 seconds =       0.00 minutes
	total time  =          2 seconds =       0.03 minutes
Total time:
	user time   =     411.16 seconds =       6.85 minutes
	system time =      15.62 seconds =       0.26 minutes
	total time  =         71 seconds =       1.18 minutes

    			-----------------------------------------

    			 OPTKING 3.0: for geometry optimizations 

    			     By R.A. King, Bethel University     

    			        with contributions from          

    			    A.V. Copan, J. Cayton, A. Heide      

    			-----------------------------------------

    
	                            ===> Fragment 1 <== 

	 Z (Atomic Numbers)          Masses                          Geom                  
	       6.000000            12.000000          1.11246211 -0.61752652 -0.08858511   
	       6.000000            12.000000         -1.11246211  0.61752652  0.08858511   
	       6.000000            12.000000          3.62488542  0.63132131 -0.47446725   
	       6.000000            12.000000         -3.62488542 -0.63132131  0.47446725   
	       1.000000             1.007825          1.09489971 -2.69133443  0.01978545   
	       1.000000             1.007825         -1.09489971  2.69133443 -0.01978545   
	       1.000000             1.007825          5.10677854 -0.44292024  0.51559259   
	       1.000000             1.007825          3.57478638  2.59063042  0.22199470   
	       1.000000             1.007825          4.15980880  0.66791318 -2.49820100   
	       1.000000             1.007825         -5.10677854  0.44292024 -0.51559259   
	       1.000000             1.007825         -3.57478638 -2.59063042 -0.22199470   
	       1.000000             1.007825         -4.15980880 -0.66791318  2.49820100   

	 - Coordinate -           - BOHR/RAD -       - ANG/DEG -
	 R(1,2)           =         2.550889           1.349872
	 R(1,3)           =         2.832101           1.498683
	 R(1,5)           =         2.076712           1.098949
	 R(2,4)           =         2.832101           1.498683
	 R(2,6)           =         2.076712           1.098949
	 R(3,7)           =         2.080918           1.101174
	 R(3,8)           =         2.080015           1.100696
	 R(3,9)           =         2.093557           1.107863
	 R(4,10)          =         2.080918           1.101174
	 R(4,11)          =         2.080015           1.100696
	 R(4,12)          =         2.093557           1.107863
	 B(1,2,4)         =         2.176971         124.731226
	 B(1,2,6)         =         2.062908         118.195934
	 B(1,3,7)         =         1.916953         109.833317
	 B(1,3,8)         =         1.926641         110.388422
	 B(1,3,9)         =         1.945594         111.474330
	 B(2,1,3)         =         2.176971         124.731226
	 B(2,1,5)         =         2.062908         118.195934
	 B(2,4,10)        =         1.916953         109.833317
	 B(2,4,11)        =         1.926641         110.388422
	 B(2,4,12)        =         1.945594         111.474330
	 B(3,1,5)         =         2.043121         117.062196
	 B(4,2,6)         =         2.043121         117.062196
	 B(7,3,8)         =         1.922099         110.128159
	 B(7,3,9)         =         1.861867         106.677136
	 B(8,3,9)         =         1.889523         108.261717
	 B(10,4,11)       =         1.922099         110.128159
	 B(10,4,12)       =         1.861867         106.677136
	 B(11,4,12)       =         1.889523         108.261717
	 D(1,2,4,10)      =         3.726120         213.490943
	 D(1,2,4,11)      =        -0.434350         -24.886432
	 D(1,2,4,12)      =         1.666350          95.474797
	 D(2,1,3,7)       =         2.557065         146.509057
	 D(2,1,3,8)       =         0.434350          24.886432
	 D(2,1,3,9)       =        -1.666350         -95.474797
	 D(3,1,2,4)       =         3.141593         180.000000
	 D(3,1,2,6)       =        -0.021374          -1.224617
	 D(4,2,1,5)       =         0.021374           1.224617
	 D(5,1,2,6)       =         3.141593         180.000000
	 D(5,1,3,7)       =        -0.605681         -34.702939
	 D(5,1,3,8)       =         3.554790         203.674436
	 D(5,1,3,9)       =         1.454090          83.313206
	 D(6,2,4,10)      =         0.605681          34.702939
	 D(6,2,4,11)      =         2.728396         156.325564
	 D(6,2,4,12)      =        -1.454090         -83.313206


	        --- Internal Coordinate Step in ANG or DEG, aJ/ANG or AJ/DEG ---
	-------------------------------------------------------------------------------
	           Coordinate      Previous         Force          Change          New 
	           ----------      --------        ------          ------        ------
	               R(1,2)       1.34987       -0.00063        0.00006       1.34993
	               R(1,3)       1.49868        0.05573        0.00637       1.50505
	               R(1,5)       1.09895        0.00696        0.00105       1.10000
	               R(2,4)       1.49868        0.05573        0.00637       1.50505
	               R(2,6)       1.09895        0.00696        0.00105       1.10000
	               R(3,7)       1.10117        0.00660        0.00128       1.10245
	               R(3,8)       1.10070        0.00573        0.00110       1.10180
	               R(3,9)       1.10786       -0.01486       -0.00172       1.10614
	              R(4,10)       1.10117        0.00660        0.00128       1.10245
	              R(4,11)       1.10070        0.00573        0.00110       1.10180
	              R(4,12)       1.10786       -0.01486       -0.00172       1.10614
	             B(1,2,4)     124.73123       -0.00002       -0.13721     124.59402
	             B(1,2,6)     118.19593       -0.00001       -0.02744     118.16849
	             B(1,3,7)     109.83332        0.00030        1.40372     111.23704
	             B(1,3,8)     110.38842        0.00022        0.92409     111.31251
	             B(1,3,9)     111.47433       -0.00009       -0.40805     111.06628
	             B(2,1,3)     124.73123       -0.00002       -0.13721     124.59402
	             B(2,1,5)     118.19593       -0.00001       -0.02744     118.16849
	            B(2,4,10)     109.83332        0.00030        1.40372     111.23704
	            B(2,4,11)     110.38842        0.00022        0.92409     111.31251
	            B(2,4,12)     111.47433       -0.00009       -0.40805     111.06628
	             B(3,1,5)     117.06220        0.00003        0.16366     117.22586
	             B(4,2,6)     117.06220        0.00003        0.16366     117.22586
	             B(7,3,8)     110.12816       -0.00032       -1.68346     108.44470
	             B(7,3,9)     106.67714       -0.00004        0.03186     106.70900
	             B(8,3,9)     108.26172       -0.00009       -0.37526     107.88646
	           B(10,4,11)     110.12816       -0.00032       -1.68346     108.44470
	           B(10,4,12)     106.67714       -0.00004        0.03186     106.70900
	           B(11,4,12)     108.26172       -0.00009       -0.37526     107.88646
	          D(1,2,4,10)     213.49094        0.00011        2.16541     215.65635
	          D(1,2,4,11)     -24.88643        0.00005        1.60524     -23.28119
	          D(1,2,4,12)      95.47480        0.00003        1.48026      96.95506
	           D(2,1,3,7)     146.50906       -0.00011       -2.16541     144.34365
	           D(2,1,3,8)      24.88643       -0.00005       -1.60524      23.28119
	           D(2,1,3,9)     -95.47480       -0.00003       -1.48026     -96.95506
	           D(3,1,2,4)     180.00000        0.00000        0.00000     180.00000
	           D(3,1,2,6)      -1.22462       -0.00000       -0.05338      -1.27799
	           D(4,2,1,5)       1.22462        0.00000        0.05338       1.27799
	           D(5,1,2,6)     180.00000        0.00000        0.00000     180.00000
	           D(5,1,3,7)     -34.70294       -0.00011       -2.22041     -36.92335
	           D(5,1,3,8)     203.67444       -0.00005       -1.66024     202.01419
	           D(5,1,3,9)      83.31321       -0.00003       -1.53527      81.77794
	          D(6,2,4,10)      34.70294        0.00011        2.22041      36.92335
	          D(6,2,4,11)     156.32556        0.00005        1.66024     157.98581
	          D(6,2,4,12)     -83.31321        0.00003        1.53527     -81.77794
	-------------------------------------------------------------------------------

	                                 ==> Convergence Check <==                                  
    
	Measures of convergence in internal coordinates in au.
    
	Criteria marked as inactive (o), active & met (*), and active & unmet ( ).

	----------------------------------------------------------------------------------------------
	   Step    Total Energy     Delta E     Max Force     RMS Force      Max Disp      RMS Disp   
	----------------------------------------------------------------------------------------------
	  Convergence Criteria     1.00e-06 *    3.00e-04 *             o    1.20e-03 *             o
	----------------------------------------------------------------------------------------------
	     5    -156.68193675   -6.24e-03      6.76e-03      2.11e-03 o    3.88e-02      1.88e-02 o  ~
	----------------------------------------------------------------------------------------------

Next Geometry in Ang 
	Fragment 1 (Ang)

	    C   0.5865131208  -0.3296392116  -0.0540467619
	    C  -0.5865131208   0.3296392116   0.0540467619
	    C   1.9237746002   0.3322932303  -0.2509132883
	    C  -1.9237746002  -0.3322932303   0.2509132883
	    H   0.5697490164  -1.4288697293  -0.0165612725
	    H  -0.5697490164   1.4288697293   0.0165612725
	    H   2.7203902062  -0.2097501728   0.2848001503
	    H   1.9109449132   1.3747531609   0.1055604182
	    H   2.2090445502   0.3421737373  -1.3195890090
	    H  -2.7203902062   0.2097501728  -0.2848001503
	    H  -1.9109449132  -1.3747531609  -0.1055604182
	    H  -2.2090445502  -0.3421737373   1.3195890090


    Structure for next step:
    Molecular point group: ci
    Full point group: Ci

    Geometry (in Angstrom), charge = 0, multiplicity = 1:

    C            0.586513120753    -0.329639211644    -0.054046761858
    C           -0.586513120753     0.329639211644     0.054046761858
    C            1.923774600241     0.332293230329    -0.250913288311
    C           -1.923774600241    -0.332293230329     0.250913288311
    H            0.569749016398    -1.428869729346    -0.016561272504
    H           -0.569749016398     1.428869729346     0.016561272504
    H            2.720390206212    -0.209750172832     0.284800150345
    H            1.910944913217     1.374753160910     0.105560418211
    H            2.209044550231     0.342173737271    -1.319589008966
    H           -2.720390206212     0.209750172832    -0.284800150345
    H           -1.910944913217    -1.374753160910    -0.105560418211
    H           -2.209044550231    -0.342173737271     1.319589008966


Scratch directory: /tmp/
gradient() will perform analytic gradient computation.
   => Libint2 <=

    Primary   basis highest AM E, G, H:  6, 6, 3
    Auxiliary basis highest AM E, G, H:  7, 7, 4
    Onebody   basis highest AM E, G, H:  -, -, -
    Solid Harmonics ordering:            Gaussian

*** tstart() called on flexpad
*** at Mon Aug  3 19:12:50 2026

   => Loading Basis Set <=

    Name: CC-PVDZ
    Role: ORBITAL
    Keyword: BASIS
    atoms 1-4  entry C          line   138 file /home/peter/miniconda3/envs/research/share/psi4/basis/cc-pvdz.gbs 
    atoms 5-12 entry H          line    22 file /home/peter/miniconda3/envs/research/share/psi4/basis/cc-pvdz.gbs 


         ---------------------------------------------------------
                                   SCF
               by Justin Turney, Rob Parrish, Andy Simmonett
                          and Daniel G. A. Smith
                              RHF Reference
                        7 Threads,   8583 MiB Core
         ---------------------------------------------------------

  ==> Geometry <==

    Molecular point group: ci
    Full point group: Ci

    Geometry (in Angstrom), charge = 0, multiplicity = 1:

       Center              X                  Y                   Z               Mass       
    ------------   -----------------  -----------------  -----------------  -----------------
         C            0.586513120753    -0.329639211644    -0.054046761858    12.000000000000
         C           -0.586513120753     0.329639211644     0.054046761858    12.000000000000
         C            1.923774600241     0.332293230329    -0.250913288311    12.000000000000
         C           -1.923774600241    -0.332293230329     0.250913288311    12.000000000000
         H            0.569749016398    -1.428869729346    -0.016561272504     1.007825032230
         H           -0.569749016398     1.428869729346     0.016561272504     1.007825032230
         H            2.720390206212    -0.209750172832     0.284800150345     1.007825032230
         H            1.910944913217     1.374753160910     0.105560418211     1.007825032230
         H            2.209044550231     0.342173737271    -1.319589008966     1.007825032230
         H           -2.720390206212     0.209750172832    -0.284800150345     1.007825032230
         H           -1.910944913217    -1.374753160910    -0.105560418211     1.007825032230
         H           -2.209044550231    -0.342173737271     1.319589008966     1.007825032230

  Running in ci symmetry.

  Rotational constants: A =      1.13528  B =      0.12309  C =      0.11589 [cm^-1]
  Rotational constants: A =  34034.76081  B =   3690.16974  C =   3474.36832 [MHz]
  Nuclear repulsion =  115.036948634251459

  Charge       = 0
  Multiplicity = 1
  Electrons    = 32
  Nalpha       = 16
  Nbeta        = 16

  ==> Algorithm <==

  SCF Algorithm Type is DF.
  DIIS enabled.
  MOM disabled.
  Fractional occupation disabled.
  Guess Type is READ.
  Energy threshold   = 1.00e-09
  Density threshold  = 1.00e-09
  Integral threshold = 1.00e-12

  ==> Primary Basis <==

  Basis Set: CC-PVDZ
    Blend: CC-PVDZ
    Number of shells: 48
    Number of basis functions: 96
    Number of Cartesian functions: 100
    Spherical Harmonics?: true
    Max angular momentum: 2

   => Loading Basis Set <=

    Name: (CC-PVDZ AUX)
    Role: JKFIT
    Keyword: DF_BASIS_SCF
    atoms 1-4  entry C          line   121 file /home/peter/miniconda3/envs/research/share/psi4/basis/cc-pvdz-jkfit.gbs 
    atoms 5-12 entry H          line    51 file /home/peter/miniconda3/envs/research/share/psi4/basis/cc-pvdz-jkfit.gbs 

   => Loading Basis Set <=

    Name: CC-PVDZ
    Role: ORBITAL
    Keyword: BASIS
    atoms 1-4  entry C          line   138 file /home/peter/miniconda3/envs/research/share/psi4/basis/cc-pvdz.gbs 
    atoms 5-12 entry H          line    22 file /home/peter/miniconda3/envs/research/share/psi4/basis/cc-pvdz.gbs 

  Reading orbitals from file /tmp/psi4.default.339749.180.npy, no projection.

  ==> Integral Setup <==

  DFHelper Memory: AOs need 0.035 GiB; user supplied 6.286 GiB. 
  Using in-core AOs.

  ==> MemDFJK: Density-Fitted J/K Matrices <==

    J tasked:                   Yes
    K tasked:                   Yes
    wK tasked:                   No
    OpenMP threads:               7
    Memory [MiB]:              6437
    Algorithm:                 Core
    Schwarz Cutoff:           1E-12
    Mask sparsity (%):       1.1502
    Fitting Condition:        1E-10

   => Auxiliary Basis Set <=

  Basis Set: (CC-PVDZ AUX)
    Blend: CC-PVDZ-JKFIT
    Number of shells: 168
    Number of basis functions: 464
    Number of Cartesian functions: 524
    Spherical Harmonics?: true
    Max angular momentum: 3

  Minimum eigenvalue in the overlap matrix is 3.9055372590E-03.
  Reciprocal condition number of the overlap matrix is 7.1886666792E-04.
    Using symmetric orthogonalization.

  ==> Pre-Iterations <==

  SCF Guess: Orbitals guess was supplied from a previous computation.

   -------------------------------------------------------
    Irrep   Nso     Nmo     Nalpha   Nbeta   Ndocc  Nsocc
   -------------------------------------------------------
     Ag        48      48       8       8       8       0
     Au        48      48       8       8       8       0
   -------------------------------------------------------
    Total      96      96      16      16      16       0
   -------------------------------------------------------

  ==> Iterations <==

                           Total Energy        Delta E     RMS |[F,P]|

   @DF-RHF iter   0:  -156.11344573918760   -1.56113e+02   4.47535e-04 
   @DF-RHF iter   1:  -156.11975771615269   -6.31198e-03   7.99393e-05 DIIS
   @DF-RHF iter   2:  -156.11979174699823   -3.40308e-05   3.00114e-05 DIIS
   @DF-RHF iter   3:  -156.11979848349532   -6.73650e-06   1.08683e-05 DIIS
   @DF-RHF iter   4:  -156.11979938643265   -9.02937e-07   3.10630e-06 DIIS
   @DF-RHF iter   5:  -156.11979947157272   -8.51401e-08   8.34265e-07 DIIS
   @DF-RHF iter   6:  -156.11979947761029   -6.03757e-09   1.75439e-07 DIIS
   @DF-RHF iter   7:  -156.11979947784963   -2.39339e-10   5.35466e-08 DIIS
   @DF-RHF iter   8:  -156.11979947786733   -1.77067e-11   1.93574e-08 DIIS
   @DF-RHF iter   9:  -156.11979947787054   -3.21165e-12   5.08748e-09 DIIS
   @DF-RHF iter  10:  -156.11979947787088   -3.41061e-13   1.05736e-09 DIIS
   @DF-RHF iter  11:  -156.11979947787074    1.42109e-13   1.64159e-10 DIIS
  Energy and wave function converged.


  ==> Post-Iterations <==

    Orbital Energies [Eh]
    ---------------------

    Doubly Occupied:                                                      

       1Ag   -11.230923     1Au   -11.229443     2Ag   -11.228133  
       2Au   -11.228082     3Ag    -1.070558     3Au    -0.979018  
       4Ag    -0.872509     4Au    -0.737838     5Au    -0.600772  
       5Ag    -0.599461     6Au    -0.565248     6Ag    -0.548423  
       7Au    -0.518991     7Ag    -0.502630     8Ag    -0.477723  
       8Au    -0.335791  

    Virtual:                                                              

       9Ag     0.174776    10Ag     0.198335     9Au     0.203058  
      10Au     0.213999    11Ag     0.257233    11Au     0.269125  
      12Ag     0.274200    12Au     0.295060    13Ag     0.297064  
      13Au     0.399718    14Ag     0.420954    14Au     0.510735  
      15Ag     0.579709    15Au     0.606420    16Ag     0.627217  
      16Au     0.657011    17Ag     0.714463    17Au     0.731735  
      18Au     0.766155    18Ag     0.776204    19Au     0.801410  
      19Ag     0.842780    20Au     0.868485    20Ag     0.875414  
      21Au     0.882536    21Ag     0.890055    22Au     0.901824  
      22Ag     0.922587    23Au     0.924441    23Ag     0.935282  
      24Au     0.989277    24Ag     1.013478    25Ag     1.104645  
      25Au     1.151041    26Au     1.278087    26Ag     1.289613  
      27Au     1.306067    27Ag     1.340425    28Au     1.429342  
      28Ag     1.462099    29Ag     1.533902    29Au     1.594591  
      30Au     1.669256    31Au     1.686150    30Ag     1.687341  
      31Ag     1.703584    32Au     1.801427    32Ag     1.846714  
      33Ag     1.853503    34Ag     1.903233    33Au     1.905941  
      34Au     1.934024    35Ag     1.936520    35Au     1.936902  
      36Ag     1.976917    36Au     1.998148    37Ag     2.003567  
      37Au     2.037281    38Au     2.067943    38Ag     2.119529  
      39Ag     2.206310    39Au     2.285458    40Ag     2.288918  
      40Au     2.322210    41Au     2.372171    41Ag     2.382369  
      42Au     2.458122    42Ag     2.490712    43Au     2.547731  
      43Ag     2.568956    44Au     2.630794    44Ag     2.660052  
      45Ag     2.737420    45Au     2.740278    46Ag     2.793794  
      46Au     2.834242    47Au     2.886618    47Ag     2.893593  
      48Au     3.093743    48Ag     3.262233  

    Final Occupation by Irrep:
             Ag    Au 
    DOCC [     8,    8 ]
    NA   [     8,    8 ]
    NB   [     8,    8 ]

  @DF-RHF Final Energy:  -156.11979947787074

   => Energetics <=

    Nuclear Repulsion Energy =            115.0369486342514591
    One-Electron Energy =                -436.8624079287588415
    Two-Electron Energy =                 165.7056598166366257
    Total Energy =                       -156.1197994778707425

Computation Completed


Properties will be evaluated at   0.000000,   0.000000,   0.000000 [a0]

Properties computed using the SCF density matrix


 Multipole Moments:

 ------------------------------------------------------------------------------------
     Multipole            Electronic (a.u.)      Nuclear  (a.u.)        Total (a.u.)
 ------------------------------------------------------------------------------------

 L = 1.  Multiply by 2.5417464519 to convert [e a0] to [Debye]
 Dipole X            :          0.0000000           -0.0000000           -0.0000000
 Dipole Y            :          0.0000000           -0.0000000           -0.0000000
 Dipole Z            :          0.0000000            0.0000000            0.0000000
 Magnitude           :                                                    0.0000000

 ------------------------------------------------------------------------------------

*** tstop() called on flexpad at Mon Aug  3 19:12:51 2026
Module time:
	user time   =       3.74 seconds =       0.06 minutes
	system time =       0.06 seconds =       0.00 minutes
	total time  =          1 seconds =       0.02 minutes
Total time:
	user time   =     416.14 seconds =       6.94 minutes
	system time =      15.72 seconds =       0.26 minutes
	total time  =         72 seconds =       1.20 minutes

*** tstart() called on flexpad
*** at Mon Aug  3 19:12:51 2026


  //>>>>>>>>>>>>>>>>>>>>>>>>>>>>>>>>>>>//
  //               DFMP2               //
  //<<<<<<<<<<<<<<<<<<<<<<<<<<<<<<<<<<<//

   => Loading Basis Set <=

    Name: (CC-PVDZ AUX)
    Role: RIFIT
    Keyword: DF_BASIS_MP2
    atoms 1-4  entry C          line   159 file /home/peter/miniconda3/envs/research/share/psi4/basis/cc-pvdz-ri.gbs 
    atoms 5-12 entry H          line    19 file /home/peter/miniconda3/envs/research/share/psi4/basis/cc-pvdz-ri.gbs 

	 --------------------------------------------------------
	                          DF-MP2                         
	      2nd-Order Density-Fitted Moller-Plesset Theory     
	              RMP2 Wavefunction,   7 Threads             
	                                                         
	        Rob Parrish, Justin Turney, Andy Simmonett,      
	           Ed Hohenstein, and C. David Sherrill          
	 --------------------------------------------------------

   => Auxiliary Basis Set <=

  Basis Set: (CC-PVDZ AUX)
    Blend: CC-PVDZ-RI
    Number of shells: 120
    Number of basis functions: 336
    Number of Cartesian functions: 384
    Spherical Harmonics?: true
    Max angular momentum: 3

	 --------------------------------------------------------
	                 NBF =    96, NAUX =   336
	 --------------------------------------------------------
	   CLASS    FOCC     OCC    AOCC    AVIR     VIR    FVIR
	   PAIRS       4      16      12      80      80       0
	 --------------------------------------------------------

  DFHelper Memory: AOs need 0.035 GiB; user supplied 6.286 GiB. 
  Using in-core AOs.


         ------------------------------------------------------------
                                     CPHF                           
                                  Rob Parrish                       
         ------------------------------------------------------------

  ==> Geometry <==

    Molecular point group: ci
    Full point group: Ci

    Geometry (in Angstrom), charge = 0, multiplicity = 1:

       Center              X                  Y                   Z               Mass       
    ------------   -----------------  -----------------  -----------------  -----------------
         C            0.586513120753    -0.329639211644    -0.054046761858    12.000000000000
         C           -0.586513120753     0.329639211644     0.054046761858    12.000000000000
         C            1.923774600241     0.332293230329    -0.250913288311    12.000000000000
         C           -1.923774600241    -0.332293230329     0.250913288311    12.000000000000
         H            0.569749016398    -1.428869729346    -0.016561272504     1.007825032230
         H           -0.569749016398     1.428869729346     0.016561272504     1.007825032230
         H            2.720390206212    -0.209750172832     0.284800150345     1.007825032230
         H            1.910944913217     1.374753160910     0.105560418211     1.007825032230
         H            2.209044550231     0.342173737271    -1.319589008966     1.007825032230
         H           -2.720390206212     0.209750172832    -0.284800150345     1.007825032230
         H           -1.910944913217    -1.374753160910    -0.105560418211     1.007825032230
         H           -2.209044550231    -0.342173737271     1.319589008966     1.007825032230

  Nuclear repulsion =  115.036948634251459
  Reference energy  = -156.119799477870743

  ==> Basis Set <==

  Basis Set: CC-PVDZ
    Blend: CC-PVDZ
    Number of shells: 48
    Number of basis functions: 96
    Number of Cartesian functions: 100
    Spherical Harmonics?: true
    Max angular momentum: 2

  ==> CGRSolver (by Rob Parrish) <==

   Number of roots    =         1
   Preconditioning    =    JACOBI
   Convergence cutoff =     1E-06
   Maximum iterations =       100

  ==> CPHFRHamiltonian (by Rob Parrish) <== 

  ==> MemDFJK: Density-Fitted J/K Matrices <==

    J tasked:                   Yes
    K tasked:                   Yes
    wK tasked:                   No
    OpenMP threads:               7
    Memory [MiB]:              6437
    Algorithm:                 Core
    Schwarz Cutoff:           1E-12
    Mask sparsity (%):       1.1502
    Fitting Condition:        1E-10

   => Auxiliary Basis Set <=

  Basis Set: (CC-PVDZ AUX)
    Blend: CC-PVDZ-JKFIT
    Number of shells: 168
    Number of basis functions: 464
    Number of Cartesian functions: 524
    Spherical Harmonics?: true
    Max angular momentum: 3

  ==> CPHF Iterations <==

  => Iterations <=

             Iter  Converged  Remaining    Residual
  CGR           1          0          1   7.606E-02
  CGR           2          0          1   1.200E-02
  CGR           3          0          1   2.198E-03
  CGR           4          0          1   6.341E-04
  CGR           5          0          1   1.249E-04
  CGR           6          0          1   3.022E-05
  CGR           7          0          1   6.247E-06
  CGR           8          0          1   1.515E-06
  CGR           9          1          0   2.970E-07

    CGRSolver converged.

  ==> DFCorrGrad: Density-Fitted Correlated Gradients <==

    OpenMP threads:              7
    Integrals threads:           7
    Memory [GiB]:            6.286
    Schwarz Cutoff:          0E+00
    Fitting Condition:       1E-10

   => Auxiliary Basis Set <=

  Basis Set: (CC-PVDZ AUX)
    Blend: CC-PVDZ-JKFIT
    Number of shells: 168
    Number of basis functions: 464
    Number of Cartesian functions: 524
    Spherical Harmonics?: true
    Max angular momentum: 3

	-----------------------------------------------------------
	 ==================> DF-MP2 Energies <==================== 
	-----------------------------------------------------------
	 Reference Energy          =    -156.1197994778707425 [Eh]
	 Singles Energy            =      -0.0000000000000000 [Eh]
	 Same-Spin Energy          =      -0.1281655300714387 [Eh]
	 Opposite-Spin Energy      =      -0.4346986179953529 [Eh]
	 Correlation Energy        =      -0.5628641480667915 [Eh]
	 Total Energy              =    -156.6826636259375221 [Eh]
	-----------------------------------------------------------
	 ================> DF-SCS-MP2 Energies <================== 
	-----------------------------------------------------------
	 SCS Same-Spin Scale       =       0.3333333333333333 [-]
	 SCS Opposite-Spin Scale   =       1.2000000000000000 [-]
	 SCS Same-Spin Energy      =      -0.0427218433571462 [Eh]
	 SCS Opposite-Spin Energy  =      -0.5216383415944235 [Eh]
	 SCS Correlation Energy    =      -0.5643601849515697 [Eh]
	 SCS Total Energy          =    -156.6841596628223101 [Eh]
	-----------------------------------------------------------


  -Total Gradient:
     Atom            X                  Y                   Z
    ------   -----------------  -----------------  -----------------
       1        0.002147875907     0.000952244763     0.000571268571
       2       -0.002147875907    -0.000952244763    -0.000571268571
       3       -0.001082269486     0.000276897015     0.001376698646
       4        0.001082269486    -0.000276897015    -0.001376698646
       5       -0.000096227642     0.000009826884     0.001319748445
       6        0.000096227642    -0.000009826884    -0.001319748445
       7        0.000019821143    -0.000769479409    -0.001059295057
       8        0.000031872432    -0.000452204232     0.000494475511
       9       -0.000100311116     0.000423625319    -0.000679123935
      10       -0.000019821143     0.000769479409     0.001059295057
      11       -0.000031872432     0.000452204232    -0.000494475511
      12        0.000100311116    -0.000423625319     0.000679123935


*** tstop() called on flexpad at Mon Aug  3 19:12:52 2026
Module time:
	user time   =       9.81 seconds =       0.16 minutes
	system time =       0.19 seconds =       0.00 minutes
	total time  =          1 seconds =       0.02 minutes
Total time:
	user time   =     425.96 seconds =       7.10 minutes
	system time =      15.91 seconds =       0.27 minutes
	total time  =         73 seconds =       1.22 minutes

    			-----------------------------------------

    			 OPTKING 3.0: for geometry optimizations 

    			     By R.A. King, Bethel University     

    			        with contributions from          

    			    A.V. Copan, J. Cayton, A. Heide      

    			-----------------------------------------

    
	                            ===> Fragment 1 <== 

	 Z (Atomic Numbers)          Masses                          Geom                  
	       6.000000            12.000000          1.10834917 -0.62292783 -0.10213358   
	       6.000000            12.000000         -1.10834917  0.62292783  0.10213358   
	       6.000000            12.000000          3.63540712  0.62794320 -0.47415740   
	       6.000000            12.000000         -3.63540712 -0.62794320  0.47415740   
	       1.000000             1.007825          1.07666960 -2.70017246 -0.03129627   
	       1.000000             1.007825         -1.07666960  2.70017246  0.03129627   
	       1.000000             1.007825          5.14079244 -0.39637038  0.53819428   
	       1.000000             1.007825          3.61116253  2.59790696  0.19948028   
	       1.000000             1.007825          4.17448920  0.64661465 -2.49366183   
	       1.000000             1.007825         -5.14079244  0.39637038 -0.53819428   
	       1.000000             1.007825         -3.61116253 -2.59790696 -0.19948028   
	       1.000000             1.007825         -4.17448920 -0.64661465  2.49366183   

	 - Coordinate -           - BOHR/RAD -       - ANG/DEG -
	 R(1,2)           =         2.551006           1.349934
	 R(1,3)           =         2.844135           1.505051
	 R(1,5)           =         2.078694           1.099997
	 R(2,4)           =         2.844135           1.505051
	 R(2,6)           =         2.078694           1.099997
	 R(3,7)           =         2.083329           1.102450
	 R(3,8)           =         2.082098           1.101799
	 R(3,9)           =         2.090301           1.106139
	 R(4,10)          =         2.083329           1.102450
	 R(4,11)          =         2.082098           1.101799
	 R(4,12)          =         2.090301           1.106139
	 B(1,2,4)         =         2.174576         124.594015
	 B(1,2,6)         =         2.062429         118.168494
	 B(1,3,7)         =         1.941453         111.237035
	 B(1,3,8)         =         1.942770         111.312509
	 B(1,3,9)         =         1.938472         111.066280
	 B(2,1,3)         =         2.174576         124.594015
	 B(2,1,5)         =         2.062429         118.168494
	 B(2,4,10)        =         1.941453         111.237035
	 B(2,4,11)        =         1.942770         111.312509
	 B(2,4,12)        =         1.938472         111.066280
	 B(3,1,5)         =         2.045977         117.225859
	 B(4,2,6)         =         2.045977         117.225859
	 B(7,3,8)         =         1.892717         108.444698
	 B(7,3,9)         =         1.862423         106.708998
	 B(8,3,9)         =         1.882974         107.886459
	 B(10,4,11)       =         1.892717         108.444698
	 B(10,4,12)       =         1.862423         106.708998
	 B(11,4,12)       =         1.882974         107.886459
	 D(1,2,4,10)      =         3.763913         215.656353
	 D(1,2,4,11)      =        -0.406333         -23.281193
	 D(1,2,4,12)      =         1.692185          96.955061
	 D(2,1,3,7)       =         2.519272         144.343647
	 D(2,1,3,8)       =         0.406333          23.281193
	 D(2,1,3,9)       =        -1.692185         -96.955061
	 D(3,1,2,4)       =         3.141593         180.000000
	 D(3,1,2,6)       =        -0.022305          -1.277993
	 D(4,2,1,5)       =         0.022305           1.277993
	 D(5,1,2,6)       =         3.141593         180.000000
	 D(5,1,3,7)       =        -0.644434         -36.923353
	 D(5,1,3,8)       =         3.525813         202.014192
	 D(5,1,3,9)       =         1.427294          81.777938
	 D(6,2,4,10)      =         0.644434          36.923353
	 D(6,2,4,11)      =         2.757373         157.985808
	 D(6,2,4,12)      =        -1.427294         -81.777938


	        --- Internal Coordinate Step in ANG or DEG, aJ/ANG or AJ/DEG ---
	-------------------------------------------------------------------------------
	           Coordinate      Previous         Force          Change          New 
	           ----------      --------        ------          ------        ------
	               R(1,2)       1.34993       -0.00348       -0.00055       1.34939
	               R(1,3)       1.50505        0.01031        0.00412       1.50917
	               R(1,5)       1.10000       -0.00030        0.00010       1.10009
	               R(2,4)       1.50505        0.01031        0.00412       1.50917
	               R(2,6)       1.10000       -0.00030        0.00010       1.10009
	               R(3,7)       1.10245        0.00101        0.00072       1.10317
	               R(3,8)       1.10180        0.00221        0.00100       1.10280
	               R(3,9)       1.10614       -0.00522       -0.00134       1.10480
	              R(4,10)       1.10245        0.00101        0.00072       1.10317
	              R(4,11)       1.10180        0.00221        0.00100       1.10280
	              R(4,12)       1.10614       -0.00522       -0.00134       1.10480
	             B(1,2,4)     124.59402       -0.00003       -0.20010     124.39391
	             B(1,2,6)     118.16849        0.00003        0.19837     118.36686
	             B(1,3,7)     111.23704        0.00001        0.43839     111.67543
	             B(1,3,8)     111.31251        0.00000        0.13776     111.45026
	             B(1,3,9)     111.06628        0.00001        0.04397     111.11025
	             B(2,1,3)     124.59402       -0.00003       -0.20010     124.39391
	             B(2,1,5)     118.16849        0.00003        0.19837     118.36686
	            B(2,4,10)     111.23704        0.00001        0.43839     111.67543
	            B(2,4,11)     111.31251        0.00000        0.13776     111.45026
	            B(2,4,12)     111.06628        0.00001        0.04397     111.11025
	             B(3,1,5)     117.22586       -0.00001       -0.00076     117.22510
	             B(4,2,6)     117.22586       -0.00001       -0.00076     117.22510
	             B(7,3,8)     108.44470       -0.00003       -0.95306     107.49164
	             B(7,3,9)     106.70900        0.00001        0.34882     107.05782
	             B(8,3,9)     107.88646       -0.00001       -0.04860     107.83786
	           B(10,4,11)     108.44470       -0.00003       -0.95306     107.49164
	           B(10,4,12)     106.70900        0.00001        0.34882     107.05782
	           B(11,4,12)     107.88646       -0.00001       -0.04860     107.83786
	          D(1,2,4,10)     215.65635        0.00008        3.37984     219.03619
	          D(1,2,4,11)     -23.28119        0.00005        2.56038     -20.72082
	          D(1,2,4,12)      96.95506        0.00005        2.62154      99.57660
	           D(2,1,3,7)     144.34365       -0.00008       -3.37984     140.96381
	           D(2,1,3,8)      23.28119       -0.00005       -2.56038      20.72082
	           D(2,1,3,9)     -96.95506       -0.00005       -2.62154     -99.57660
	           D(3,1,2,4)     180.00000       -0.00000        0.00000     180.00000
	           D(3,1,2,6)      -1.27799       -0.00000       -0.13000      -1.40799
	           D(4,2,1,5)       1.27799        0.00000        0.13000       1.40799
	           D(5,1,2,6)     180.00000        0.00000        0.00000     180.00000
	           D(5,1,3,7)     -36.92335       -0.00008       -3.50611     -40.42947
	           D(5,1,3,8)     202.01419       -0.00005       -2.68665     199.32754
	           D(5,1,3,9)      81.77794       -0.00005       -2.74781      79.03013
	          D(6,2,4,10)      36.92335        0.00008        3.50611      40.42947
	          D(6,2,4,11)     157.98581        0.00005        2.68665     160.67246
	          D(6,2,4,12)     -81.77794        0.00005        2.74781     -79.03013
	-------------------------------------------------------------------------------

	                                 ==> Convergence Check <==                                  
    
	Measures of convergence in internal coordinates in au.
    
	Criteria marked as inactive (o), active & met (*), and active & unmet ( ).

	----------------------------------------------------------------------------------------------
	   Step    Total Energy     Delta E     Max Force     RMS Force      Max Disp      RMS Disp   
	----------------------------------------------------------------------------------------------
	  Convergence Criteria     1.00e-06 *    3.00e-04 *             o    1.20e-03 *             o
	----------------------------------------------------------------------------------------------
	     6    -156.68266363   -7.27e-04      1.25e-03      5.39e-04 o    6.12e-02      2.69e-02 o  ~
	----------------------------------------------------------------------------------------------

Next Geometry in Ang 
	Fragment 1 (Ang)

	    C   0.5832643765  -0.3325843609  -0.0663403537
	    C  -0.5832643765   0.3325843609   0.0663403537
	    C   1.9257422559   0.3302195801  -0.2561749084
	    C  -1.9257422559  -0.3302195801   0.2561749084
	    H   0.5615578966  -1.4324402066  -0.0589380663
	    H  -0.5615578966   1.4324402066   0.0589380663
	    H   2.7198319674  -0.1892817333   0.3064328768
	    H   1.9096198328   1.3788236996   0.0849009807
	    H   2.2253706584   0.3247906306  -1.3195561498
	    H  -2.7198319674   0.1892817333  -0.3064328768
	    H  -1.9096198328  -1.3788236996  -0.0849009807
	    H  -2.2253706584  -0.3247906306   1.3195561498


    Structure for next step:
    Molecular point group: ci
    Full point group: Ci

    Geometry (in Angstrom), charge = 0, multiplicity = 1:

    C            0.583264376527    -0.332584360887    -0.066340353676
    C           -0.583264376527     0.332584360887     0.066340353676
    C            1.925742255876     0.330219580080    -0.256174908412
    C           -1.925742255876    -0.330219580080     0.256174908412
    H            0.561557896608    -1.432440206646    -0.058938066254
    H           -0.561557896608     1.432440206646     0.058938066254
    H            2.719831967361    -0.189281733251     0.306432876809
    H            1.909619832834     1.378823699552     0.084900980733
    H            2.225370658400     0.324790630556    -1.319556149820
    H           -2.719831967361     0.189281733251    -0.306432876809
    H           -1.909619832834    -1.378823699552    -0.084900980733
    H           -2.225370658400    -0.324790630556     1.319556149820


Scratch directory: /tmp/
gradient() will perform analytic gradient computation.
   => Libint2 <=

    Primary   basis highest AM E, G, H:  6, 6, 3
    Auxiliary basis highest AM E, G, H:  7, 7, 4
    Onebody   basis highest AM E, G, H:  -, -, -
    Solid Harmonics ordering:            Gaussian

*** tstart() called on flexpad
*** at Mon Aug  3 19:12:52 2026

   => Loading Basis Set <=

    Name: CC-PVDZ
    Role: ORBITAL
    Keyword: BASIS
    atoms 1-4  entry C          line   138 file /home/peter/miniconda3/envs/research/share/psi4/basis/cc-pvdz.gbs 
    atoms 5-12 entry H          line    22 file /home/peter/miniconda3/envs/research/share/psi4/basis/cc-pvdz.gbs 


         ---------------------------------------------------------
                                   SCF
               by Justin Turney, Rob Parrish, Andy Simmonett
                          and Daniel G. A. Smith
                              RHF Reference
                        7 Threads,   8583 MiB Core
         ---------------------------------------------------------

  ==> Geometry <==

    Molecular point group: ci
    Full point group: Ci

    Geometry (in Angstrom), charge = 0, multiplicity = 1:

       Center              X                  Y                   Z               Mass       
    ------------   -----------------  -----------------  -----------------  -----------------
         C            0.583264376527    -0.332584360887    -0.066340353676    12.000000000000
         C           -0.583264376527     0.332584360887     0.066340353676    12.000000000000
         C            1.925742255876     0.330219580080    -0.256174908412    12.000000000000
         C           -1.925742255876    -0.330219580080     0.256174908412    12.000000000000
         H            0.561557896608    -1.432440206646    -0.058938066254     1.007825032230
         H           -0.561557896608     1.432440206646     0.058938066254     1.007825032230
         H            2.719831967361    -0.189281733251     0.306432876809     1.007825032230
         H            1.909619832834     1.378823699552     0.084900980733     1.007825032230
         H            2.225370658400     0.324790630556    -1.319556149820     1.007825032230
         H           -2.719831967361     0.189281733251    -0.306432876809     1.007825032230
         H           -1.909619832834    -1.378823699552    -0.084900980733     1.007825032230
         H           -2.225370658400    -0.324790630556     1.319556149820     1.007825032230

  Running in ci symmetry.

  Rotational constants: A =      1.13260  B =      0.12280  C =      0.11563 [cm^-1]
  Rotational constants: A =  33954.41521  B =   3681.45559  C =   3466.61258 [MHz]
  Nuclear repulsion =  114.911834283350345

  Charge       = 0
  Multiplicity = 1
  Electrons    = 32
  Nalpha       = 16
  Nbeta        = 16

  ==> Algorithm <==

  SCF Algorithm Type is DF.
  DIIS enabled.
  MOM disabled.
  Fractional occupation disabled.
  Guess Type is READ.
  Energy threshold   = 1.00e-09
  Density threshold  = 1.00e-09
  Integral threshold = 1.00e-12

  ==> Primary Basis <==

  Basis Set: CC-PVDZ
    Blend: CC-PVDZ
    Number of shells: 48
    Number of basis functions: 96
    Number of Cartesian functions: 100
    Spherical Harmonics?: true
    Max angular momentum: 2

   => Loading Basis Set <=

    Name: (CC-PVDZ AUX)
    Role: JKFIT
    Keyword: DF_BASIS_SCF
    atoms 1-4  entry C          line   121 file /home/peter/miniconda3/envs/research/share/psi4/basis/cc-pvdz-jkfit.gbs 
    atoms 5-12 entry H          line    51 file /home/peter/miniconda3/envs/research/share/psi4/basis/cc-pvdz-jkfit.gbs 

   => Loading Basis Set <=

    Name: CC-PVDZ
    Role: ORBITAL
    Keyword: BASIS
    atoms 1-4  entry C          line   138 file /home/peter/miniconda3/envs/research/share/psi4/basis/cc-pvdz.gbs 
    atoms 5-12 entry H          line    22 file /home/peter/miniconda3/envs/research/share/psi4/basis/cc-pvdz.gbs 

  Reading orbitals from file /tmp/psi4.default.339749.180.npy, no projection.

  ==> Integral Setup <==

  DFHelper Memory: AOs need 0.035 GiB; user supplied 6.286 GiB. 
  Using in-core AOs.

  ==> MemDFJK: Density-Fitted J/K Matrices <==

    J tasked:                   Yes
    K tasked:                   Yes
    wK tasked:                   No
    OpenMP threads:               7
    Memory [MiB]:              6437
    Algorithm:                 Core
    Schwarz Cutoff:           1E-12
    Mask sparsity (%):       1.1502
    Fitting Condition:        1E-10

   => Auxiliary Basis Set <=

  Basis Set: (CC-PVDZ AUX)
    Blend: CC-PVDZ-JKFIT
    Number of shells: 168
    Number of basis functions: 464
    Number of Cartesian functions: 524
    Spherical Harmonics?: true
    Max angular momentum: 3

  Minimum eigenvalue in the overlap matrix is 3.8323452893E-03.
  Reciprocal condition number of the overlap matrix is 7.0712534725E-04.
    Using symmetric orthogonalization.

  ==> Pre-Iterations <==

  SCF Guess: Orbitals guess was supplied from a previous computation.

   -------------------------------------------------------
    Irrep   Nso     Nmo     Nalpha   Nbeta   Ndocc  Nsocc
   -------------------------------------------------------
     Ag        48      48       8       8       8       0
     Au        48      48       8       8       8       0
   -------------------------------------------------------
    Total      96      96      16      16      16       0
   -------------------------------------------------------

  ==> Iterations <==

                           Total Energy        Delta E     RMS |[F,P]|

   @DF-RHF iter   0:  -156.11541581354089   -1.56115e+02   5.64043e-04 
   @DF-RHF iter   1:  -156.12015236149284   -4.73655e-03   1.10548e-04 ADIIS/DIIS
   @DF-RHF iter   2:  -156.12022105906897   -6.86976e-05   4.28698e-05 DIIS
   @DF-RHF iter   3:  -156.12023532167066   -1.42626e-05   1.36257e-05 DIIS
   @DF-RHF iter   4:  -156.12023658626242   -1.26459e-06   4.40792e-06 DIIS
   @DF-RHF iter   5:  -156.12023676406500   -1.77803e-07   1.11553e-06 DIIS
   @DF-RHF iter   6:  -156.12023677501881   -1.09538e-08   2.60522e-07 DIIS
   @DF-RHF iter   7:  -156.12023677558597   -5.67155e-10   7.22626e-08 DIIS
   @DF-RHF iter   8:  -156.12023677562021   -3.42482e-11   2.66345e-08 DIIS
   @DF-RHF iter   9:  -156.12023677562632   -6.11067e-12   6.43020e-09 DIIS
   @DF-RHF iter  10:  -156.12023677562667   -3.41061e-13   1.07797e-09 DIIS
   @DF-RHF iter  11:  -156.12023677562681   -1.42109e-13   1.84177e-10 DIIS
  Energy and wave function converged.


  ==> Post-Iterations <==

    Orbital Energies [Eh]
    ---------------------

    Doubly Occupied:                                                      

       1Ag   -11.231690     1Au   -11.230190     2Ag   -11.228516  
       2Au   -11.228481     3Ag    -1.069955     3Au    -0.977894  
       4Ag    -0.872923     4Au    -0.738247     5Au    -0.600196  
       5Ag    -0.598177     6Au    -0.565845     6Ag    -0.549415  
       7Au    -0.517330     7Ag    -0.502004     8Ag    -0.477873  
       8Au    -0.336978  

    Virtual:                                                              

       9Ag     0.176277    10Ag     0.198407     9Au     0.202822  
      10Au     0.214092    11Ag     0.258905    11Au     0.269747  
      12Ag     0.272076    12Au     0.294106    13Ag     0.294718  
      13Au     0.398901    14Ag     0.420698    14Au     0.514679  
      15Ag     0.579123    15Au     0.605806    16Ag     0.625364  
      16Au     0.657046    17Ag     0.713281    17Au     0.736238  
      18Au     0.767290    18Ag     0.776783    19Au     0.799003  
      19Ag     0.839136    20Au     0.867502    20Ag     0.874455  
      21Au     0.882534    21Ag     0.890974    22Au     0.900745  
      22Ag     0.919832    23Au     0.923616    23Ag     0.935524  
      24Au     0.989635    24Ag     1.013406    25Ag     1.107664  
      25Au     1.148332    26Au     1.279370    26Ag     1.293055  
      27Au     1.305779    27Ag     1.339271    28Au     1.425047  
      28Ag     1.454659    29Ag     1.528485    29Au     1.593165  
      30Au     1.667191    31Au     1.687470    30Ag     1.688903  
      31Ag     1.703327    32Au     1.800862    32Ag     1.848647  
      33Ag     1.851941    34Ag     1.902487    33Au     1.909335  
      34Au     1.929753    35Ag     1.934831    35Au     1.938515  
      36Ag     1.984271    36Au     1.997755    37Ag     2.004354  
      37Au     2.032337    38Au     2.058396    38Ag     2.125097  
      39Ag     2.194074    40Ag     2.289334    39Au     2.292652  
      40Au     2.326879    41Ag     2.372587    41Au     2.374563  
      42Au     2.454919    42Ag     2.494016    43Au     2.541599  
      43Ag     2.570014    44Au     2.620147    44Ag     2.652968  
      45Ag     2.736099    45Au     2.738559    46Ag     2.795001  
      46Au     2.840782    47Au     2.889492    47Ag     2.895371  
      48Au     3.091021    48Ag     3.255685  

    Final Occupation by Irrep:
             Ag    Au 
    DOCC [     8,    8 ]
    NA   [     8,    8 ]
    NB   [     8,    8 ]

  @DF-RHF Final Energy:  -156.12023677562681

   => Energetics <=

    Nuclear Repulsion Energy =            114.9118342833503448
    One-Electron Energy =                -436.6127176130601697
    Two-Electron Energy =                 165.5806465540830175
    Total Energy =                       -156.1202367756268075

Computation Completed


Properties will be evaluated at   0.000000,   0.000000,   0.000000 [a0]

Properties computed using the SCF density matrix


 Multipole Moments:

 ------------------------------------------------------------------------------------
     Multipole            Electronic (a.u.)      Nuclear  (a.u.)        Total (a.u.)
 ------------------------------------------------------------------------------------

 L = 1.  Multiply by 2.5417464519 to convert [e a0] to [Debye]
 Dipole X            :          0.0000000            0.0000000            0.0000000
 Dipole Y            :          0.0000000           -0.0000000           -0.0000000
 Dipole Z            :          0.0000000           -0.0000000           -0.0000000
 Magnitude           :                                                    0.0000000

 ------------------------------------------------------------------------------------

*** tstop() called on flexpad at Mon Aug  3 19:12:53 2026
Module time:
	user time   =       3.70 seconds =       0.06 minutes
	system time =       0.07 seconds =       0.00 minutes
	total time  =          1 seconds =       0.02 minutes
Total time:
	user time   =     431.01 seconds =       7.18 minutes
	system time =      16.01 seconds =       0.27 minutes
	total time  =         74 seconds =       1.23 minutes

*** tstart() called on flexpad
*** at Mon Aug  3 19:12:53 2026


  //>>>>>>>>>>>>>>>>>>>>>>>>>>>>>>>>>>>//
  //               DFMP2               //
  //<<<<<<<<<<<<<<<<<<<<<<<<<<<<<<<<<<<//

   => Loading Basis Set <=

    Name: (CC-PVDZ AUX)
    Role: RIFIT
    Keyword: DF_BASIS_MP2
    atoms 1-4  entry C          line   159 file /home/peter/miniconda3/envs/research/share/psi4/basis/cc-pvdz-ri.gbs 
    atoms 5-12 entry H          line    19 file /home/peter/miniconda3/envs/research/share/psi4/basis/cc-pvdz-ri.gbs 

	 --------------------------------------------------------
	                          DF-MP2                         
	      2nd-Order Density-Fitted Moller-Plesset Theory     
	              RMP2 Wavefunction,   7 Threads             
	                                                         
	        Rob Parrish, Justin Turney, Andy Simmonett,      
	           Ed Hohenstein, and C. David Sherrill          
	 --------------------------------------------------------

   => Auxiliary Basis Set <=

  Basis Set: (CC-PVDZ AUX)
    Blend: CC-PVDZ-RI
    Number of shells: 120
    Number of basis functions: 336
    Number of Cartesian functions: 384
    Spherical Harmonics?: true
    Max angular momentum: 3

	 --------------------------------------------------------
	                 NBF =    96, NAUX =   336
	 --------------------------------------------------------
	   CLASS    FOCC     OCC    AOCC    AVIR     VIR    FVIR
	   PAIRS       4      16      12      80      80       0
	 --------------------------------------------------------

  DFHelper Memory: AOs need 0.035 GiB; user supplied 6.286 GiB. 
  Using in-core AOs.


         ------------------------------------------------------------
                                     CPHF                           
                                  Rob Parrish                       
         ------------------------------------------------------------

  ==> Geometry <==

    Molecular point group: ci
    Full point group: Ci

    Geometry (in Angstrom), charge = 0, multiplicity = 1:

       Center              X                  Y                   Z               Mass       
    ------------   -----------------  -----------------  -----------------  -----------------
         C            0.583264376527    -0.332584360887    -0.066340353676    12.000000000000
         C           -0.583264376527     0.332584360887     0.066340353676    12.000000000000
         C            1.925742255876     0.330219580080    -0.256174908412    12.000000000000
         C           -1.925742255876    -0.330219580080     0.256174908412    12.000000000000
         H            0.561557896608    -1.432440206646    -0.058938066254     1.007825032230
         H           -0.561557896608     1.432440206646     0.058938066254     1.007825032230
         H            2.719831967361    -0.189281733251     0.306432876809     1.007825032230
         H            1.909619832834     1.378823699552     0.084900980733     1.007825032230
         H            2.225370658400     0.324790630556    -1.319556149820     1.007825032230
         H           -2.719831967361     0.189281733251    -0.306432876809     1.007825032230
         H           -1.909619832834    -1.378823699552    -0.084900980733     1.007825032230
         H           -2.225370658400    -0.324790630556     1.319556149820     1.007825032230

  Nuclear repulsion =  114.911834283350345
  Reference energy  = -156.120236775626807

  ==> Basis Set <==

  Basis Set: CC-PVDZ
    Blend: CC-PVDZ
    Number of shells: 48
    Number of basis functions: 96
    Number of Cartesian functions: 100
    Spherical Harmonics?: true
    Max angular momentum: 2

  ==> CGRSolver (by Rob Parrish) <==

   Number of roots    =         1
   Preconditioning    =    JACOBI
   Convergence cutoff =     1E-06
   Maximum iterations =       100

  ==> CPHFRHamiltonian (by Rob Parrish) <== 

  ==> MemDFJK: Density-Fitted J/K Matrices <==

    J tasked:                   Yes
    K tasked:                   Yes
    wK tasked:                   No
    OpenMP threads:               7
    Memory [MiB]:              6437
    Algorithm:                 Core
    Schwarz Cutoff:           1E-12
    Mask sparsity (%):       1.1502
    Fitting Condition:        1E-10

   => Auxiliary Basis Set <=

  Basis Set: (CC-PVDZ AUX)
    Blend: CC-PVDZ-JKFIT
    Number of shells: 168
    Number of basis functions: 464
    Number of Cartesian functions: 524
    Spherical Harmonics?: true
    Max angular momentum: 3

  ==> CPHF Iterations <==

  => Iterations <=

             Iter  Converged  Remaining    Residual
  CGR           1          0          1   7.595E-02
  CGR           2          0          1   1.194E-02
  CGR           3          0          1   2.189E-03
  CGR           4          0          1   6.326E-04
  CGR           5          0          1   1.260E-04
  CGR           6          0          1   3.105E-05
  CGR           7          0          1   6.642E-06
  CGR           8          0          1   1.604E-06
  CGR           9          1          0   3.018E-07

    CGRSolver converged.

  ==> DFCorrGrad: Density-Fitted Correlated Gradients <==

    OpenMP threads:              7
    Integrals threads:           7
    Memory [GiB]:            6.286
    Schwarz Cutoff:          0E+00
    Fitting Condition:       1E-10

   => Auxiliary Basis Set <=

  Basis Set: (CC-PVDZ AUX)
    Blend: CC-PVDZ-JKFIT
    Number of shells: 168
    Number of basis functions: 464
    Number of Cartesian functions: 524
    Spherical Harmonics?: true
    Max angular momentum: 3

	-----------------------------------------------------------
	 ==================> DF-MP2 Energies <==================== 
	-----------------------------------------------------------
	 Reference Energy          =    -156.1202367756268075 [Eh]
	 Singles Energy            =      -0.0000000000000000 [Eh]
	 Same-Spin Energy          =      -0.1281189064385813 [Eh]
	 Opposite-Spin Energy      =      -0.4347361016835912 [Eh]
	 Correlation Energy        =      -0.5628550081221725 [Eh]
	 Total Energy              =    -156.6830917837489778 [Eh]
	-----------------------------------------------------------
	 ================> DF-SCS-MP2 Energies <================== 
	-----------------------------------------------------------
	 SCS Same-Spin Scale       =       0.3333333333333333 [-]
	 SCS Opposite-Spin Scale   =       1.2000000000000000 [-]
	 SCS Same-Spin Energy      =      -0.0427063021461938 [Eh]
	 SCS Opposite-Spin Energy  =      -0.5216833220203094 [Eh]
	 SCS Correlation Energy    =      -0.5643896241665032 [Eh]
	 SCS Total Energy          =    -156.6846263997933022 [Eh]
	-----------------------------------------------------------


  -Total Gradient:
     Atom            X                  Y                   Z
    ------   -----------------  -----------------  -----------------
       1       -0.001207916470    -0.000552196633     0.000888227300
       2        0.001207916470     0.000552196633    -0.000888227300
       3        0.000210841039    -0.000217479101    -0.000782359426
       4       -0.000210841039     0.000217479101     0.000782359426
       5       -0.000091770712    -0.000242257073     0.001131670933
       6        0.000091770712     0.000242257073    -0.001131670933
       7        0.000682634469     0.000509560836    -0.000207941916
       8        0.001141746500    -0.000130697670     0.001039241367
       9       -0.000428398129     0.000741143792    -0.000073242807
      10       -0.000682634469    -0.000509560836     0.000207941916
      11       -0.001141746500     0.000130697670    -0.001039241367
      12        0.000428398129    -0.000741143792     0.000073242807


*** tstop() called on flexpad at Mon Aug  3 19:12:54 2026
Module time:
	user time   =       9.80 seconds =       0.16 minutes
	system time =       0.22 seconds =       0.00 minutes
	total time  =          1 seconds =       0.02 minutes
Total time:
	user time   =     440.82 seconds =       7.35 minutes
	system time =      16.23 seconds =       0.27 minutes
	total time  =         75 seconds =       1.25 minutes

    			-----------------------------------------

    			 OPTKING 3.0: for geometry optimizations 

    			     By R.A. King, Bethel University     

    			        with contributions from          

    			    A.V. Copan, J. Cayton, A. Heide      

    			-----------------------------------------

    
	                            ===> Fragment 1 <== 

	 Z (Atomic Numbers)          Masses                          Geom                  
	       6.000000            12.000000          1.10220993 -0.62849336 -0.12536510   
	       6.000000            12.000000         -1.10220993  0.62849336  0.12536510   
	       6.000000            12.000000          3.63912545  0.62402457 -0.48410042   
	       6.000000            12.000000         -3.63912545 -0.62402457  0.48410042   
	       1.000000             1.007825          1.06119063 -2.70691968 -0.11137680   
	       1.000000             1.007825         -1.06119063  2.70691968  0.11137680   
	       1.000000             1.007825          5.13973753 -0.35769064  0.57907421   
	       1.000000             1.007825          3.60865849  2.60559917  0.16043960   
	       1.000000             1.007825          4.20534107  0.61376534 -2.49359973   
	       1.000000             1.007825         -5.13973753  0.35769064 -0.57907421   
	       1.000000             1.007825         -3.60865849 -2.60559917 -0.16043960   
	       1.000000             1.007825         -4.20534107 -0.61376534  2.49359973   

	 - Coordinate -           - BOHR/RAD -       - ANG/DEG -
	 R(1,2)           =         2.549970           1.349386
	 R(1,3)           =         2.851917           1.509170
	 R(1,5)           =         2.078878           1.100095
	 R(2,4)           =         2.851917           1.509170
	 R(2,6)           =         2.078878           1.100095
	 R(3,7)           =         2.084692           1.103172
	 R(3,8)           =         2.083986           1.102798
	 R(3,9)           =         2.087772           1.104801
	 R(4,10)          =         2.084692           1.103172
	 R(4,11)          =         2.083986           1.102798
	 R(4,12)          =         2.087772           1.104801
	 B(1,2,4)         =         2.171083         124.393912
	 B(1,2,6)         =         2.065891         118.366861
	 B(1,3,7)         =         1.949104         111.675427
	 B(1,3,8)         =         1.945174         111.450264
	 B(1,3,9)         =         1.939240         111.110246
	 B(2,1,3)         =         2.171083         124.393912
	 B(2,1,5)         =         2.065891         118.366861
	 B(2,4,10)        =         1.949104         111.675427
	 B(2,4,11)        =         1.945174         111.450264
	 B(2,4,12)        =         1.939240         111.110246
	 B(3,1,5)         =         2.045964         117.225101
	 B(4,2,6)         =         2.045964         117.225101
	 B(7,3,8)         =         1.876083         107.491637
	 B(7,3,9)         =         1.868511         107.057817
	 B(8,3,9)         =         1.882126         107.837858
	 B(10,4,11)       =         1.876083         107.491637
	 B(10,4,12)       =         1.868511         107.057817
	 B(11,4,12)       =         1.882126         107.837858
	 D(1,2,4,10)      =         3.822903         219.036194
	 D(1,2,4,11)      =        -0.361646         -20.720816
	 D(1,2,4,12)      =         1.737939          99.576598
	 D(2,1,3,7)       =         2.460283         140.963806
	 D(2,1,3,8)       =         0.361646          20.720816
	 D(2,1,3,9)       =        -1.737939         -99.576598
	 D(3,1,2,4)       =         3.141593         180.000000
	 D(3,1,2,6)       =        -0.024574          -1.407990
	 D(4,2,1,5)       =         0.024574           1.407990
	 D(5,1,2,6)       =         3.141593         180.000000
	 D(5,1,3,7)       =        -0.705627         -40.429467
	 D(5,1,3,8)       =         3.478922         199.327542
	 D(5,1,3,9)       =         1.379336          79.030128
	 D(6,2,4,10)      =         0.705627          40.429467
	 D(6,2,4,11)      =         2.804263         160.672458
	 D(6,2,4,12)      =        -1.379336         -79.030128


	        --- Internal Coordinate Step in ANG or DEG, aJ/ANG or AJ/DEG ---
	-------------------------------------------------------------------------------
	           Coordinate      Previous         Force          Change          New 
	           ----------      --------        ------          ------        ------
	               R(1,2)       1.34939       -0.00013       -0.00041       1.34897
	               R(1,3)       1.50917       -0.01507        0.00108       1.51025
	               R(1,5)       1.10009       -0.00207       -0.00027       1.09982
	               R(2,4)       1.50917       -0.01507        0.00108       1.51025
	               R(2,6)       1.10009       -0.00207       -0.00027       1.09982
	               R(3,7)       1.10317       -0.00120        0.00040       1.10357
	               R(3,8)       1.10280       -0.00149        0.00046       1.10326
	               R(3,9)       1.10480        0.00041       -0.00159       1.10322
	              R(4,10)       1.10317       -0.00120        0.00040       1.10357
	              R(4,11)       1.10280       -0.00149        0.00046       1.10326
	              R(4,12)       1.10480        0.00041       -0.00159       1.10322
	             B(1,2,4)     124.39391        0.00001       -0.06014     124.33377
	             B(1,2,6)     118.36686        0.00002        0.22946     118.59632
	             B(1,3,7)     111.67543       -0.00008        0.11166     111.78708
	             B(1,3,8)     111.45026       -0.00006       -0.07241     111.37785
	             B(1,3,9)     111.11025        0.00002       -0.03294     111.07730
	             B(2,1,3)     124.39391        0.00001       -0.06014     124.33377
	             B(2,1,5)     118.36686        0.00002        0.22946     118.59632
	            B(2,4,10)     111.67543       -0.00008        0.11166     111.78708
	            B(2,4,11)     111.45026       -0.00006       -0.07241     111.37785
	            B(2,4,12)     111.11025        0.00002       -0.03294     111.07730
	             B(3,1,5)     117.22510       -0.00002       -0.16989     117.05521
	             B(4,2,6)     117.22510       -0.00002       -0.16989     117.05521
	             B(7,3,8)     107.49164        0.00010        0.02353     107.51517
	             B(7,3,9)     107.05782        0.00001        0.09176     107.14957
	             B(8,3,9)     107.83786        0.00002       -0.12167     107.71619
	           B(10,4,11)     107.49164        0.00010        0.02353     107.51517
	           B(10,4,12)     107.05782        0.00001        0.09176     107.14957
	           B(11,4,12)     107.83786        0.00002       -0.12167     107.71619
	          D(1,2,4,10)     219.03619        0.00004        5.23476     224.27096
	          D(1,2,4,11)     -20.72082        0.00007        5.29150     -15.42931
	          D(1,2,4,12)      99.57660        0.00006        5.06602     104.64262
	           D(2,1,3,7)     140.96381       -0.00004       -5.23476     135.72904
	           D(2,1,3,8)      20.72082       -0.00007       -5.29150      15.42931
	           D(2,1,3,9)     -99.57660       -0.00006       -5.06602    -104.64262
	           D(3,1,2,4)     180.00000       -0.00000        0.00000     180.00000
	           D(3,1,2,6)      -1.40799        0.00000       -0.03052      -1.43851
	           D(4,2,1,5)       1.40799       -0.00000        0.03052       1.43851
	           D(5,1,2,6)     180.00000        0.00000        0.00000     180.00000
	           D(5,1,3,7)     -40.42947       -0.00003       -5.25972     -45.68919
	           D(5,1,3,8)     199.32754       -0.00006       -5.31646     194.01109
	           D(5,1,3,9)      79.03013       -0.00006       -5.09097      73.93915
	          D(6,2,4,10)      40.42947        0.00003        5.25972      45.68919
	          D(6,2,4,11)     160.67246        0.00006        5.31646     165.98891
	          D(6,2,4,12)     -79.03013        0.00006        5.09097     -73.93915
	-------------------------------------------------------------------------------

	                                 ==> Convergence Check <==                                  
    
	Measures of convergence in internal coordinates in au.
    
	Criteria marked as inactive (o), active & met (*), and active & unmet ( ).

	----------------------------------------------------------------------------------------------
	   Step    Total Energy     Delta E     Max Force     RMS Force      Max Disp      RMS Disp   
	----------------------------------------------------------------------------------------------
	  Convergence Criteria     1.00e-06 *    3.00e-04 *             o    1.20e-03 *             o
	----------------------------------------------------------------------------------------------
	     7    -156.68309178   -4.28e-04      1.83e-03      6.79e-04 o    9.28e-02      4.70e-02 o  ~
	----------------------------------------------------------------------------------------------

Next Geometry in Ang 
	Fragment 1 (Ang)

	    C   0.5795287512  -0.3334967262  -0.0886508049
	    C  -0.5795287512   0.3334967262   0.0886508049
	    C   1.9256608012   0.3289687906  -0.2616555013
	    C  -1.9256608012  -0.3289687906   0.2616555013
	    H   0.5530018252  -1.4320381370  -0.1345862129
	    H  -0.5530018252   1.4320381370   0.1345862129
	    H   2.7065288149  -0.1667756725   0.3402956191
	    H   1.8944103352   1.3888539259   0.0430412499
	    H   2.2537818604   0.2918075640  -1.3142901672
	    H  -2.7065288149   0.1667756725  -0.3402956191
	    H  -1.8944103352  -1.3888539259  -0.0430412499
	    H  -2.2537818604  -0.2918075640   1.3142901672


    Structure for next step:
    Molecular point group: ci
    Full point group: Ci

    Geometry (in Angstrom), charge = 0, multiplicity = 1:

    C            0.579528751222    -0.333496726197    -0.088650804915
    C           -0.579528751222     0.333496726197     0.088650804915
    C            1.925660801246     0.328968790557    -0.261655501294
    C           -1.925660801246    -0.328968790557     0.261655501294
    H            0.553001825163    -1.432038137034    -0.134586212857
    H           -0.553001825163     1.432038137034     0.134586212857
    H            2.706528814894    -0.166775672489     0.340295619085
    H            1.894410335247     1.388853925851     0.043041249934
    H            2.253781860440     0.291807563977    -1.314290167179
    H           -2.706528814894     0.166775672489    -0.340295619085
    H           -1.894410335247    -1.388853925851    -0.043041249934
    H           -2.253781860440    -0.291807563977     1.314290167179


Scratch directory: /tmp/
gradient() will perform analytic gradient computation.
   => Libint2 <=

    Primary   basis highest AM E, G, H:  6, 6, 3
    Auxiliary basis highest AM E, G, H:  7, 7, 4
    Onebody   basis highest AM E, G, H:  -, -, -
    Solid Harmonics ordering:            Gaussian

*** tstart() called on flexpad
*** at Mon Aug  3 19:12:54 2026

   => Loading Basis Set <=

    Name: CC-PVDZ
    Role: ORBITAL
    Keyword: BASIS
    atoms 1-4  entry C          line   138 file /home/peter/miniconda3/envs/research/share/psi4/basis/cc-pvdz.gbs 
    atoms 5-12 entry H          line    22 file /home/peter/miniconda3/envs/research/share/psi4/basis/cc-pvdz.gbs 


         ---------------------------------------------------------
                                   SCF
               by Justin Turney, Rob Parrish, Andy Simmonett
                          and Daniel G. A. Smith
                              RHF Reference
                        7 Threads,   8583 MiB Core
         ---------------------------------------------------------

  ==> Geometry <==

    Molecular point group: ci
    Full point group: Ci

    Geometry (in Angstrom), charge = 0, multiplicity = 1:

       Center              X                  Y                   Z               Mass       
    ------------   -----------------  -----------------  -----------------  -----------------
         C            0.579528751222    -0.333496726197    -0.088650804915    12.000000000000
         C           -0.579528751222     0.333496726197     0.088650804915    12.000000000000
         C            1.925660801246     0.328968790557    -0.261655501294    12.000000000000
         C           -1.925660801246    -0.328968790557     0.261655501294    12.000000000000
         H            0.553001825163    -1.432038137034    -0.134586212857     1.007825032230
         H           -0.553001825163     1.432038137034     0.134586212857     1.007825032230
         H            2.706528814894    -0.166775672489     0.340295619085     1.007825032230
         H            1.894410335247     1.388853925851     0.043041249934     1.007825032230
         H            2.253781860440     0.291807563977    -1.314290167179     1.007825032230
         H           -2.706528814894     0.166775672489    -0.340295619085     1.007825032230
         H           -1.894410335247    -1.388853925851    -0.043041249934     1.007825032230
         H           -2.253781860440    -0.291807563977     1.314290167179     1.007825032230

  Running in ci symmetry.

  Rotational constants: A =      1.13186  B =      0.12278  C =      0.11560 [cm^-1]
  Rotational constants: A =  33932.40782  B =   3680.79681  C =   3465.49259 [MHz]
  Nuclear repulsion =  114.900560412091906

  Charge       = 0
  Multiplicity = 1
  Electrons    = 32
  Nalpha       = 16
  Nbeta        = 16

  ==> Algorithm <==

  SCF Algorithm Type is DF.
  DIIS enabled.
  MOM disabled.
  Fractional occupation disabled.
  Guess Type is READ.
  Energy threshold   = 1.00e-09
  Density threshold  = 1.00e-09
  Integral threshold = 1.00e-12

  ==> Primary Basis <==

  Basis Set: CC-PVDZ
    Blend: CC-PVDZ
    Number of shells: 48
    Number of basis functions: 96
    Number of Cartesian functions: 100
    Spherical Harmonics?: true
    Max angular momentum: 2

   => Loading Basis Set <=

    Name: (CC-PVDZ AUX)
    Role: JKFIT
    Keyword: DF_BASIS_SCF
    atoms 1-4  entry C          line   121 file /home/peter/miniconda3/envs/research/share/psi4/basis/cc-pvdz-jkfit.gbs 
    atoms 5-12 entry H          line    51 file /home/peter/miniconda3/envs/research/share/psi4/basis/cc-pvdz-jkfit.gbs 

   => Loading Basis Set <=

    Name: CC-PVDZ
    Role: ORBITAL
    Keyword: BASIS
    atoms 1-4  entry C          line   138 file /home/peter/miniconda3/envs/research/share/psi4/basis/cc-pvdz.gbs 
    atoms 5-12 entry H          line    22 file /home/peter/miniconda3/envs/research/share/psi4/basis/cc-pvdz.gbs 

  Reading orbitals from file /tmp/psi4.default.339749.180.npy, no projection.

  ==> Integral Setup <==

  DFHelper Memory: AOs need 0.035 GiB; user supplied 6.286 GiB. 
  Using in-core AOs.

  ==> MemDFJK: Density-Fitted J/K Matrices <==

    J tasked:                   Yes
    K tasked:                   Yes
    wK tasked:                   No
    OpenMP threads:               7
    Memory [MiB]:              6437
    Algorithm:                 Core
    Schwarz Cutoff:           1E-12
    Mask sparsity (%):       1.1502
    Fitting Condition:        1E-10

   => Auxiliary Basis Set <=

  Basis Set: (CC-PVDZ AUX)
    Blend: CC-PVDZ-JKFIT
    Number of shells: 168
    Number of basis functions: 464
    Number of Cartesian functions: 524
    Spherical Harmonics?: true
    Max angular momentum: 3

  Minimum eigenvalue in the overlap matrix is 3.6565408905E-03.
  Reciprocal condition number of the overlap matrix is 6.7537764717E-04.
    Using symmetric orthogonalization.

  ==> Pre-Iterations <==

  SCF Guess: Orbitals guess was supplied from a previous computation.

   -------------------------------------------------------
    Irrep   Nso     Nmo     Nalpha   Nbeta   Ndocc  Nsocc
   -------------------------------------------------------
     Ag        48      48       8       8       8       0
     Au        48      48       8       8       8       0
   -------------------------------------------------------
    Total      96      96      16      16      16       0
   -------------------------------------------------------

  ==> Iterations <==

                           Total Energy        Delta E     RMS |[F,P]|

   @DF-RHF iter   0:  -156.11673591859793   -1.56117e+02   9.53375e-04 
   @DF-RHF iter   1:  -156.12074245329757   -4.00653e-03   1.94701e-04 ADIIS/DIIS
   @DF-RHF iter   2:  -156.12095674885188   -2.14296e-04   7.58732e-05 DIIS
   @DF-RHF iter   3:  -156.12100151596425   -4.47671e-05   2.42254e-05 DIIS
   @DF-RHF iter   4:  -156.12100526197543   -3.74601e-06   7.93168e-06 DIIS
   @DF-RHF iter   5:  -156.12100582798536   -5.66010e-07   2.00085e-06 DIIS
   @DF-RHF iter   6:  -156.12100586161012   -3.36248e-08   5.31360e-07 DIIS
   @DF-RHF iter   7:  -156.12100586364522   -2.03511e-09   1.58575e-07 DIIS
   @DF-RHF iter   8:  -156.12100586381399   -1.68768e-10   4.70634e-08 DIIS
   @DF-RHF iter   9:  -156.12100586383565   -2.16573e-11   1.07234e-08 DIIS
   @DF-RHF iter  10:  -156.12100586383676   -1.10845e-12   1.63285e-09 DIIS
   @DF-RHF iter  11:  -156.12100586383676    0.00000e+00   2.74339e-10 DIIS
  Energy and wave function converged.


  ==> Post-Iterations <==

    Orbital Energies [Eh]
    ---------------------

    Doubly Occupied:                                                      

       1Ag   -11.232041     1Au   -11.230532     2Ag   -11.228566  
       2Au   -11.228538     3Ag    -1.070006     3Au    -0.977768  
       4Ag    -0.873036     4Au    -0.738784     5Au    -0.600099  
       5Ag    -0.598201     6Au    -0.565883     6Ag    -0.549620  
       7Au    -0.516764     7Ag    -0.502358     8Ag    -0.478139  
       8Au    -0.337693  

    Virtual:                                                              

       9Ag     0.178926    10Ag     0.198480     9Au     0.202708  
      10Au     0.213772    11Ag     0.261740    12Ag     0.269057  
      11Au     0.270729    13Ag     0.291785    12Au     0.293446  
      13Au     0.398545    14Ag     0.420488    14Au     0.523420  
      15Ag     0.580361    15Au     0.606507    16Ag     0.619843  
      16Au     0.655323    17Ag     0.712651    17Au     0.744414  
      18Au     0.769137    18Ag     0.777799    19Au     0.794472  
      19Ag     0.834867    20Au     0.867079    20Ag     0.871889  
      21Au     0.880361    21Ag     0.892872    22Au     0.898593  
      22Ag     0.918127    23Au     0.923347    23Ag     0.936414  
      24Au     0.991666    24Ag     1.013715    25Ag     1.115729  
      25Au     1.145438    26Au     1.282773    26Ag     1.297398  
      27Au     1.305047    27Ag     1.338027    28Au     1.422639  
      28Ag     1.448241    29Ag     1.522706    29Au     1.592280  
      30Au     1.667507    31Au     1.687102    30Ag     1.688184  
      31Ag     1.704494    32Au     1.802318    32Ag     1.846221  
      33Ag     1.857336    34Ag     1.896834    33Au     1.909583  
      34Au     1.927115    35Ag     1.932830    35Au     1.943959  
      36Au     1.993403    36Ag     1.994584    37Ag     2.018028  
      37Au     2.025444    38Au     2.050464    38Ag     2.137267  
      39Ag     2.171396    40Ag     2.287368    39Au     2.302239  
      40Au     2.338642    41Ag     2.363516    41Au     2.379765  
      42Au     2.456693    42Ag     2.502228    43Au     2.531892  
      43Ag     2.573838    44Au     2.604264    44Ag     2.644185  
      45Ag     2.736723    45Au     2.739847    46Ag     2.799855  
      46Au     2.847530    47Au     2.896608    47Ag     2.897415  
      48Au     3.091057    48Ag     3.251596  

    Final Occupation by Irrep:
             Ag    Au 
    DOCC [     8,    8 ]
    NA   [     8,    8 ]
    NB   [     8,    8 ]

  @DF-RHF Final Energy:  -156.12100586383676

   => Energetics <=

    Nuclear Repulsion Energy =            114.9005604120919060
    One-Electron Energy =                -436.5870815741722595
    Two-Electron Energy =                 165.5655152982435823
    Total Energy =                       -156.1210058638367570

Computation Completed


Properties will be evaluated at   0.000000,   0.000000,   0.000000 [a0]

Properties computed using the SCF density matrix


 Multipole Moments:

 ------------------------------------------------------------------------------------
     Multipole            Electronic (a.u.)      Nuclear  (a.u.)        Total (a.u.)
 ------------------------------------------------------------------------------------

 L = 1.  Multiply by 2.5417464519 to convert [e a0] to [Debye]
 Dipole X            :          0.0000000            0.0000000            0.0000000
 Dipole Y            :          0.0000000            0.0000000            0.0000000
 Dipole Z            :          0.0000000            0.0000000            0.0000000
 Magnitude           :                                                    0.0000000

 ------------------------------------------------------------------------------------

*** tstop() called on flexpad at Mon Aug  3 19:12:55 2026
Module time:
	user time   =       3.79 seconds =       0.06 minutes
	system time =       0.09 seconds =       0.00 minutes
	total time  =          1 seconds =       0.02 minutes
Total time:
	user time   =     446.01 seconds =       7.43 minutes
	system time =      16.36 seconds =       0.27 minutes
	total time  =         76 seconds =       1.27 minutes

*** tstart() called on flexpad
*** at Mon Aug  3 19:12:55 2026


  //>>>>>>>>>>>>>>>>>>>>>>>>>>>>>>>>>>>//
  //               DFMP2               //
  //<<<<<<<<<<<<<<<<<<<<<<<<<<<<<<<<<<<//

   => Loading Basis Set <=

    Name: (CC-PVDZ AUX)
    Role: RIFIT
    Keyword: DF_BASIS_MP2
    atoms 1-4  entry C          line   159 file /home/peter/miniconda3/envs/research/share/psi4/basis/cc-pvdz-ri.gbs 
    atoms 5-12 entry H          line    19 file /home/peter/miniconda3/envs/research/share/psi4/basis/cc-pvdz-ri.gbs 

	 --------------------------------------------------------
	                          DF-MP2                         
	      2nd-Order Density-Fitted Moller-Plesset Theory     
	              RMP2 Wavefunction,   7 Threads             
	                                                         
	        Rob Parrish, Justin Turney, Andy Simmonett,      
	           Ed Hohenstein, and C. David Sherrill          
	 --------------------------------------------------------

   => Auxiliary Basis Set <=

  Basis Set: (CC-PVDZ AUX)
    Blend: CC-PVDZ-RI
    Number of shells: 120
    Number of basis functions: 336
    Number of Cartesian functions: 384
    Spherical Harmonics?: true
    Max angular momentum: 3

	 --------------------------------------------------------
	                 NBF =    96, NAUX =   336
	 --------------------------------------------------------
	   CLASS    FOCC     OCC    AOCC    AVIR     VIR    FVIR
	   PAIRS       4      16      12      80      80       0
	 --------------------------------------------------------

  DFHelper Memory: AOs need 0.035 GiB; user supplied 6.286 GiB. 
  Using in-core AOs.


         ------------------------------------------------------------
                                     CPHF                           
                                  Rob Parrish                       
         ------------------------------------------------------------

  ==> Geometry <==

    Molecular point group: ci
    Full point group: Ci

    Geometry (in Angstrom), charge = 0, multiplicity = 1:

       Center              X                  Y                   Z               Mass       
    ------------   -----------------  -----------------  -----------------  -----------------
         C            0.579528751222    -0.333496726197    -0.088650804915    12.000000000000
         C           -0.579528751222     0.333496726197     0.088650804915    12.000000000000
         C            1.925660801246     0.328968790557    -0.261655501294    12.000000000000
         C           -1.925660801246    -0.328968790557     0.261655501294    12.000000000000
         H            0.553001825163    -1.432038137034    -0.134586212857     1.007825032230
         H           -0.553001825163     1.432038137034     0.134586212857     1.007825032230
         H            2.706528814894    -0.166775672489     0.340295619085     1.007825032230
         H            1.894410335247     1.388853925851     0.043041249934     1.007825032230
         H            2.253781860440     0.291807563977    -1.314290167179     1.007825032230
         H           -2.706528814894     0.166775672489    -0.340295619085     1.007825032230
         H           -1.894410335247    -1.388853925851    -0.043041249934     1.007825032230
         H           -2.253781860440    -0.291807563977     1.314290167179     1.007825032230

  Nuclear repulsion =  114.900560412091906
  Reference energy  = -156.121005863836757

  ==> Basis Set <==

  Basis Set: CC-PVDZ
    Blend: CC-PVDZ
    Number of shells: 48
    Number of basis functions: 96
    Number of Cartesian functions: 100
    Spherical Harmonics?: true
    Max angular momentum: 2

  ==> CGRSolver (by Rob Parrish) <==

   Number of roots    =         1
   Preconditioning    =    JACOBI
   Convergence cutoff =     1E-06
   Maximum iterations =       100

  ==> CPHFRHamiltonian (by Rob Parrish) <== 

  ==> MemDFJK: Density-Fitted J/K Matrices <==

    J tasked:                   Yes
    K tasked:                   Yes
    wK tasked:                   No
    OpenMP threads:               7
    Memory [MiB]:              6437
    Algorithm:                 Core
    Schwarz Cutoff:           1E-12
    Mask sparsity (%):       1.1502
    Fitting Condition:        1E-10

   => Auxiliary Basis Set <=

  Basis Set: (CC-PVDZ AUX)
    Blend: CC-PVDZ-JKFIT
    Number of shells: 168
    Number of basis functions: 464
    Number of Cartesian functions: 524
    Spherical Harmonics?: true
    Max angular momentum: 3

  ==> CPHF Iterations <==

  => Iterations <=

             Iter  Converged  Remaining    Residual
  CGR           1          0          1   7.581E-02
  CGR           2          0          1   1.189E-02
  CGR           3          0          1   2.193E-03
  CGR           4          0          1   6.307E-04
  CGR           5          0          1   1.255E-04
  CGR           6          0          1   3.116E-05
  CGR           7          0          1   6.669E-06
  CGR           8          0          1   1.609E-06
  CGR           9          1          0   2.999E-07

    CGRSolver converged.

  ==> DFCorrGrad: Density-Fitted Correlated Gradients <==

    OpenMP threads:              7
    Integrals threads:           7
    Memory [GiB]:            6.286
    Schwarz Cutoff:          0E+00
    Fitting Condition:       1E-10

   => Auxiliary Basis Set <=

  Basis Set: (CC-PVDZ AUX)
    Blend: CC-PVDZ-JKFIT
    Number of shells: 168
    Number of basis functions: 464
    Number of Cartesian functions: 524
    Spherical Harmonics?: true
    Max angular momentum: 3

	-----------------------------------------------------------
	 ==================> DF-MP2 Energies <==================== 
	-----------------------------------------------------------
	 Reference Energy          =    -156.1210058638367570 [Eh]
	 Singles Energy            =      -0.0000000000000000 [Eh]
	 Same-Spin Energy          =      -0.1281030185272146 [Eh]
	 Opposite-Spin Energy      =      -0.4346485298869794 [Eh]
	 Correlation Energy        =      -0.5627515484141941 [Eh]
	 Total Energy              =    -156.6837574122509409 [Eh]
	-----------------------------------------------------------
	 ================> DF-SCS-MP2 Energies <================== 
	-----------------------------------------------------------
	 SCS Same-Spin Scale       =       0.3333333333333333 [-]
	 SCS Opposite-Spin Scale   =       1.2000000000000000 [-]
	 SCS Same-Spin Energy      =      -0.0427010061757382 [Eh]
	 SCS Opposite-Spin Energy  =      -0.5215782358643754 [Eh]
	 SCS Correlation Energy    =      -0.5642792420401136 [Eh]
	 SCS Total Energy          =    -156.6852851058768579 [Eh]
	-----------------------------------------------------------


  -Total Gradient:
     Atom            X                  Y                   Z
    ------   -----------------  -----------------  -----------------
       1       -0.002968786191    -0.001544358832     0.001098941275
       2        0.002968786191     0.001544358832    -0.001098941275
       3        0.001414104692    -0.000600023964    -0.001646319536
       4       -0.001414104692     0.000600023964     0.001646319536
       5        0.000172781282    -0.000162333520     0.000763210198
       6       -0.000172781282     0.000162333520    -0.000763210198
       7        0.000788243811     0.000710112764    -0.000045972601
       8        0.001137276163     0.000277784100     0.000769363467
       9       -0.000717778072     0.000948839949     0.000846906544
      10       -0.000788243811    -0.000710112764     0.000045972601
      11       -0.001137276163    -0.000277784100    -0.000769363467
      12        0.000717778072    -0.000948839949    -0.000846906544


*** tstop() called on flexpad at Mon Aug  3 19:12:57 2026
Module time:
	user time   =      10.07 seconds =       0.17 minutes
	system time =       0.25 seconds =       0.00 minutes
	total time  =          2 seconds =       0.03 minutes
Total time:
	user time   =     456.08 seconds =       7.60 minutes
	system time =      16.61 seconds =       0.28 minutes
	total time  =         78 seconds =       1.30 minutes

    			-----------------------------------------

    			 OPTKING 3.0: for geometry optimizations 

    			     By R.A. King, Bethel University     

    			        with contributions from          

    			    A.V. Copan, J. Cayton, A. Heide      

    			-----------------------------------------

    
	                            ===> Fragment 1 <== 

	 Z (Atomic Numbers)          Masses                          Geom                  
	       6.000000            12.000000          1.09515062 -0.63021748 -0.16752574   
	       6.000000            12.000000         -1.09515062  0.63021748  0.16752574   
	       6.000000            12.000000          3.63897152  0.62166092 -0.49445724   
	       6.000000            12.000000         -3.63897152 -0.62166092  0.49445724   
	       1.000000             1.007825          1.04502200 -2.70615988 -0.25433108   
	       1.000000             1.007825         -1.04502200  2.70615988  0.25433108   
	       1.000000             1.007825          5.11459821 -0.31516035  0.64306552   
	       1.000000             1.007825          3.57991670  2.62455355  0.08133617   
	       1.000000             1.007825          4.25903046  0.55143638 -2.48364847   
	       1.000000             1.007825         -5.11459821  0.31516035 -0.64306552   
	       1.000000             1.007825         -3.57991670 -2.62455355 -0.08133617   
	       1.000000             1.007825         -4.25903046 -0.55143638  2.48364847   

	 - Coordinate -           - BOHR/RAD -       - ANG/DEG -
	 R(1,2)           =         2.549191           1.348974
	 R(1,3)           =         2.853964           1.510253
	 R(1,5)           =         2.078361           1.099821
	 R(2,4)           =         2.853964           1.510253
	 R(2,6)           =         2.078361           1.099821
	 R(3,7)           =         2.085441           1.103568
	 R(3,8)           =         2.084851           1.103256
	 R(3,9)           =         2.084775           1.103215
	 R(4,10)          =         2.085441           1.103568
	 R(4,11)          =         2.084851           1.103256
	 R(4,12)          =         2.084775           1.103215
	 B(1,2,4)         =         2.170034         124.333767
	 B(1,2,6)         =         2.069896         118.596324
	 B(1,3,7)         =         1.951053         111.787084
	 B(1,3,8)         =         1.943910         111.377854
	 B(1,3,9)         =         1.938665         111.077301
	 B(2,1,3)         =         2.170034         124.333767
	 B(2,1,5)         =         2.069896         118.596324
	 B(2,4,10)        =         1.951053         111.787084
	 B(2,4,11)        =         1.943910         111.377854
	 B(2,4,12)        =         1.938665         111.077301
	 B(3,1,5)         =         2.042999         117.055208
	 B(4,2,6)         =         2.042999         117.055208
	 B(7,3,8)         =         1.876494         107.515171
	 B(7,3,9)         =         1.870113         107.149573
	 B(8,3,9)         =         1.880002         107.716188
	 B(10,4,11)       =         1.876494         107.515171
	 B(10,4,12)       =         1.870113         107.149573
	 B(11,4,12)       =         1.880002         107.716188
	 D(1,2,4,10)      =         3.914267         224.270958
	 D(1,2,4,11)      =        -0.269292         -15.429315
	 D(1,2,4,12)      =         1.826358         104.642616
	 D(2,1,3,7)       =         2.368919         135.729042
	 D(2,1,3,8)       =         0.269292          15.429315
	 D(2,1,3,9)       =        -1.826358        -104.642616
	 D(3,1,2,4)       =         3.141593         180.000000
	 D(3,1,2,6)       =        -0.025107          -1.438513
	 D(4,2,1,5)       =         0.025107           1.438513
	 D(5,1,2,6)       =         3.141593         180.000000
	 D(5,1,3,7)       =        -0.797427         -45.689187
	 D(5,1,3,8)       =         3.386132         194.011085
	 D(5,1,3,9)       =         1.290482          73.939155
	 D(6,2,4,10)      =         0.797427          45.689187
	 D(6,2,4,11)      =         2.897053         165.988915
	 D(6,2,4,12)      =        -1.290482         -73.939155


	        --- Internal Coordinate Step in ANG or DEG, aJ/ANG or AJ/DEG ---
	-------------------------------------------------------------------------------
	           Coordinate      Previous         Force          Change          New 
	           ----------      --------        ------          ------        ------
	               R(1,2)       1.34897        0.00166       -0.00022       1.34875
	               R(1,3)       1.51025       -0.02416       -0.00278       1.50747
	               R(1,5)       1.09982       -0.00104       -0.00035       1.09947
	               R(2,4)       1.51025       -0.02416       -0.00278       1.50747
	               R(2,6)       1.09982       -0.00104       -0.00035       1.09947
	               R(3,7)       1.10357       -0.00176        0.00019       1.10375
	               R(3,8)       1.10326       -0.00368       -0.00056       1.10270
	               R(3,9)       1.10322        0.00868       -0.00101       1.10221
	              R(4,10)       1.10357       -0.00176        0.00019       1.10375
	              R(4,11)       1.10326       -0.00368       -0.00056       1.10270
	              R(4,12)       1.10322        0.00868       -0.00101       1.10221
	             B(1,2,4)     124.33377        0.00003        0.13790     124.47166
	             B(1,2,6)     118.59632       -0.00002        0.14501     118.74133
	             B(1,3,7)     111.78708       -0.00010       -0.44595     111.34113
	             B(1,3,8)     111.37785       -0.00007       -0.47605     110.90180
	             B(1,3,9)     111.07730        0.00002        0.00209     111.07939
	             B(2,1,3)     124.33377        0.00003        0.13790     124.47166
	             B(2,1,5)     118.59632       -0.00002        0.14501     118.74133
	            B(2,4,10)     111.78708       -0.00010       -0.44595     111.34113
	            B(2,4,11)     111.37785       -0.00007       -0.47605     110.90180
	            B(2,4,12)     111.07730        0.00002        0.00209     111.07939
	             B(3,1,5)     117.05521       -0.00001       -0.27634     116.77887
	             B(4,2,6)     117.05521       -0.00001       -0.27634     116.77887
	             B(7,3,8)     107.51517        0.00011        0.81916     108.33433
	             B(7,3,9)     107.14957        0.00001       -0.00981     107.13976
	             B(8,3,9)     107.71619        0.00004        0.16845     107.88464
	           B(10,4,11)     107.51517        0.00011        0.81916     108.33433
	           B(10,4,12)     107.14957        0.00001       -0.00981     107.13976
	           B(11,4,12)     107.71619        0.00004        0.16845     107.88464
	          D(1,2,4,10)     224.27096        0.00002       10.15320     234.42415
	          D(1,2,4,11)     -15.42931        0.00005       10.56529      -4.86402
	          D(1,2,4,12)     104.64262        0.00006       10.46125     115.10387
	           D(2,1,3,7)     135.72904       -0.00002      -10.15320     125.57585
	           D(2,1,3,8)      15.42931       -0.00005      -10.56529       4.86402
	           D(2,1,3,9)    -104.64262       -0.00006      -10.46125    -115.10387
	           D(3,1,2,4)     180.00000       -0.00000        0.00000     180.00000
	           D(3,1,2,6)      -1.43851        0.00001        0.36558      -1.07293
	           D(4,2,1,5)       1.43851       -0.00001       -0.36558       1.07293
	           D(5,1,2,6)     180.00000       -0.00000        0.00000     180.00000
	           D(5,1,3,7)     -45.68919       -0.00002       -9.78873     -55.47791
	           D(5,1,3,8)     194.01109       -0.00004      -10.20082     183.81027
	           D(5,1,3,9)      73.93915       -0.00006      -10.09678      63.84237
	          D(6,2,4,10)      45.68919        0.00002        9.78873      55.47791
	          D(6,2,4,11)     165.98891        0.00004       10.20082     176.18973
	          D(6,2,4,12)     -73.93915        0.00006       10.09678     -63.84237
	-------------------------------------------------------------------------------

	                                 ==> Convergence Check <==                                  
    
	Measures of convergence in internal coordinates in au.
    
	Criteria marked as inactive (o), active & met (*), and active & unmet ( ).

	----------------------------------------------------------------------------------------------
	   Step    Total Energy     Delta E     Max Force     RMS Force      Max Disp      RMS Disp   
	----------------------------------------------------------------------------------------------
	  Convergence Criteria     1.00e-06 *    3.00e-04 *             o    1.20e-03 *             o
	----------------------------------------------------------------------------------------------
	     8    -156.68375741   -6.66e-04      2.93e-03      8.75e-04 o    1.84e-01      9.22e-02 o  ~
	----------------------------------------------------------------------------------------------

Next Geometry in Ang 
	Fragment 1 (Ang)

	    C   0.5733306055  -0.3288112806  -0.1340020378
	    C  -0.5733306055   0.3288112806   0.1340020378
	    C   1.9221580712   0.3298181616  -0.2730668081
	    C  -1.9221580712  -0.3298181616   0.2730668081
	    H   0.5363962399  -1.4178713565  -0.2803774229
	    H  -0.5363962399   1.4178713565   0.2803774229
	    H   2.6646210695  -0.1286208367   0.4028434289
	    H   1.8601654070   1.4061187490  -0.0413921263
	    H   2.3099007332   0.2263267145  -1.2996151350
	    H  -2.6646210695   0.1286208367  -0.4028434289
	    H  -1.8601654070  -1.4061187490   0.0413921263
	    H  -2.3099007332  -0.2263267145   1.2996151350


    Structure for next step:
    Molecular point group: ci
    Full point group: Ci

    Geometry (in Angstrom), charge = 0, multiplicity = 1:

    C            0.573330605528    -0.328811280565    -0.134002037832
    C           -0.573330605528     0.328811280565     0.134002037832
    C            1.922158071190     0.329818161586    -0.273066808092
    C           -1.922158071190    -0.329818161586     0.273066808092
    H            0.536396239877    -1.417871356506    -0.280377422892
    H           -0.536396239877     1.417871356506     0.280377422892
    H            2.664621069471    -0.128620836688     0.402843428929
    H            1.860165406968     1.406118749008    -0.041392126346
    H            2.309900733203     0.226326714518    -1.299615134995
    H           -2.664621069471     0.128620836688    -0.402843428929
    H           -1.860165406968    -1.406118749008     0.041392126346
    H           -2.309900733203    -0.226326714518     1.299615134995


Scratch directory: /tmp/
gradient() will perform analytic gradient computation.
   => Libint2 <=

    Primary   basis highest AM E, G, H:  6, 6, 3
    Auxiliary basis highest AM E, G, H:  7, 7, 4
    Onebody   basis highest AM E, G, H:  -, -, -
    Solid Harmonics ordering:            Gaussian

*** tstart() called on flexpad
*** at Mon Aug  3 19:12:57 2026

   => Loading Basis Set <=

    Name: CC-PVDZ
    Role: ORBITAL
    Keyword: BASIS
    atoms 1-4  entry C          line   138 file /home/peter/miniconda3/envs/research/share/psi4/basis/cc-pvdz.gbs 
    atoms 5-12 entry H          line    22 file /home/peter/miniconda3/envs/research/share/psi4/basis/cc-pvdz.gbs 


         ---------------------------------------------------------
                                   SCF
               by Justin Turney, Rob Parrish, Andy Simmonett
                          and Daniel G. A. Smith
                              RHF Reference
                        7 Threads,   8583 MiB Core
         ---------------------------------------------------------

  ==> Geometry <==

    Molecular point group: ci
    Full point group: Ci

    Geometry (in Angstrom), charge = 0, multiplicity = 1:

       Center              X                  Y                   Z               Mass       
    ------------   -----------------  -----------------  -----------------  -----------------
         C            0.573330605528    -0.328811280565    -0.134002037832    12.000000000000
         C           -0.573330605528     0.328811280565     0.134002037832    12.000000000000
         C            1.922158071190     0.329818161586    -0.273066808092    12.000000000000
         C           -1.922158071190    -0.329818161586     0.273066808092    12.000000000000
         H            0.536396239877    -1.417871356506    -0.280377422892     1.007825032230
         H           -0.536396239877     1.417871356506     0.280377422892     1.007825032230
         H            2.664621069471    -0.128620836688     0.402843428929     1.007825032230
         H            1.860165406968     1.406118749008    -0.041392126346     1.007825032230
         H            2.309900733203     0.226326714518    -1.299615134995     1.007825032230
         H           -2.664621069471     0.128620836688    -0.402843428929     1.007825032230
         H           -1.860165406968    -1.406118749008     0.041392126346     1.007825032230
         H           -2.309900733203    -0.226326714518     1.299615134995     1.007825032230

  Running in ci symmetry.

  Rotational constants: A =      1.13354  B =      0.12307  C =      0.11586 [cm^-1]
  Rotational constants: A =  33982.65297  B =   3689.50014  C =   3473.33155 [MHz]
  Nuclear repulsion =  115.027216387287638

  Charge       = 0
  Multiplicity = 1
  Electrons    = 32
  Nalpha       = 16
  Nbeta        = 16

  ==> Algorithm <==

  SCF Algorithm Type is DF.
  DIIS enabled.
  MOM disabled.
  Fractional occupation disabled.
  Guess Type is READ.
  Energy threshold   = 1.00e-09
  Density threshold  = 1.00e-09
  Integral threshold = 1.00e-12

  ==> Primary Basis <==

  Basis Set: CC-PVDZ
    Blend: CC-PVDZ
    Number of shells: 48
    Number of basis functions: 96
    Number of Cartesian functions: 100
    Spherical Harmonics?: true
    Max angular momentum: 2

   => Loading Basis Set <=

    Name: (CC-PVDZ AUX)
    Role: JKFIT
    Keyword: DF_BASIS_SCF
    atoms 1-4  entry C          line   121 file /home/peter/miniconda3/envs/research/share/psi4/basis/cc-pvdz-jkfit.gbs 
    atoms 5-12 entry H          line    51 file /home/peter/miniconda3/envs/research/share/psi4/basis/cc-pvdz-jkfit.gbs 

   => Loading Basis Set <=

    Name: CC-PVDZ
    Role: ORBITAL
    Keyword: BASIS
    atoms 1-4  entry C          line   138 file /home/peter/miniconda3/envs/research/share/psi4/basis/cc-pvdz.gbs 
    atoms 5-12 entry H          line    22 file /home/peter/miniconda3/envs/research/share/psi4/basis/cc-pvdz.gbs 

  Reading orbitals from file /tmp/psi4.default.339749.180.npy, no projection.

  ==> Integral Setup <==

  DFHelper Memory: AOs need 0.035 GiB; user supplied 6.286 GiB. 
  Using in-core AOs.

  ==> MemDFJK: Density-Fitted J/K Matrices <==

    J tasked:                   Yes
    K tasked:                   Yes
    wK tasked:                   No
    OpenMP threads:               7
    Memory [MiB]:              6437
    Algorithm:                 Core
    Schwarz Cutoff:           1E-12
    Mask sparsity (%):       1.0634
    Fitting Condition:        1E-10

   => Auxiliary Basis Set <=

  Basis Set: (CC-PVDZ AUX)
    Blend: CC-PVDZ-JKFIT
    Number of shells: 168
    Number of basis functions: 464
    Number of Cartesian functions: 524
    Spherical Harmonics?: true
    Max angular momentum: 3

  Minimum eigenvalue in the overlap matrix is 3.4039207731E-03.
  Reciprocal condition number of the overlap matrix is 6.2865927182E-04.
    Using symmetric orthogonalization.

  ==> Pre-Iterations <==

  SCF Guess: Orbitals guess was supplied from a previous computation.

   -------------------------------------------------------
    Irrep   Nso     Nmo     Nalpha   Nbeta   Ndocc  Nsocc
   -------------------------------------------------------
     Ag        48      48       8       8       8       0
     Au        48      48       8       8       8       0
   -------------------------------------------------------
    Total      96      96      16      16      16       0
   -------------------------------------------------------

  ==> Iterations <==

                           Total Energy        Delta E     RMS |[F,P]|

   @DF-RHF iter   0:  -156.10760056434398   -1.56108e+02   1.90964e-03 
   @DF-RHF iter   1:  -156.12102592565859   -1.34254e-02   3.95127e-04 ADIIS/DIIS
   @DF-RHF iter   2:  -156.12186360321937   -8.37678e-04   1.54457e-04 ADIIS/DIIS
   @DF-RHF iter   3:  -156.12202479747111   -1.61194e-04   6.19938e-05 DIIS
   @DF-RHF iter   4:  -156.12204878044901   -2.39830e-05   1.59798e-05 DIIS
   @DF-RHF iter   5:  -156.12205119609095   -2.41564e-06   4.14430e-06 DIIS
   @DF-RHF iter   6:  -156.12205133368366   -1.37593e-07   1.24008e-06 DIIS
   @DF-RHF iter   7:  -156.12205134390950   -1.02258e-08   3.22824e-07 DIIS
   @DF-RHF iter   8:  -156.12205134472578   -8.16271e-10   8.80713e-08 DIIS
   @DF-RHF iter   9:  -156.12205134480303   -7.72502e-11   2.07149e-08 DIIS
   @DF-RHF iter  10:  -156.12205134480706   -4.03588e-12   3.33496e-09 DIIS
   @DF-RHF iter  11:  -156.12205134480723   -1.70530e-13   5.52578e-10 DIIS
  Energy and wave function converged.


  ==> Post-Iterations <==

    Orbital Energies [Eh]
    ---------------------

    Doubly Occupied:                                                      

       1Ag   -11.231783     1Au   -11.230273     2Ag   -11.228297  
       2Au   -11.228269     3Ag    -1.070844     3Au    -0.978828  
       4Ag    -0.872676     4Au    -0.739097     5Au    -0.600516  
       5Ag    -0.599201     6Au    -0.566037     6Ag    -0.549735  
       7Au    -0.516825     7Ag    -0.503554     8Ag    -0.478214  
       8Au    -0.337868  

    Virtual:                                                              

       9Ag     0.182653    10Ag     0.198555     9Au     0.202807  
      10Au     0.213139    11Ag     0.264907    12Ag     0.266063  
      11Au     0.271779    13Ag     0.288469    12Au     0.293031  
      13Au     0.398701    14Ag     0.420296    14Au     0.537209  
      15Ag     0.583416    15Au     0.608483    16Ag     0.612536  
      16Au     0.651886    17Ag     0.712570    17Au     0.755423  
      18Au     0.772671    18Ag     0.778169    19Au     0.786424  
      19Ag     0.829817    20Ag     0.868310    20Au     0.868660  
      21Au     0.874918    22Au     0.895466    21Ag     0.895492  
      22Ag     0.918060    23Au     0.923473    23Ag     0.937478  
      24Au     0.995350    24Ag     1.014600    25Ag     1.126400  
      25Au     1.142662    26Au     1.291217    27Au     1.299257  
      26Ag     1.301952    27Ag     1.339036    28Au     1.423867  
      28Ag     1.445607    29Ag     1.516639    29Au     1.593230  
      30Au     1.670030    31Au     1.683877    30Ag     1.684477  
      31Ag     1.707488    32Au     1.804570    32Ag     1.843302  
      33Ag     1.866996    34Ag     1.886059    33Au     1.908444  
      34Au     1.923771    35Ag     1.930365    35Au     1.952236  
      36Au     1.991951    36Ag     1.996179    37Au     2.011836  
      38Au     2.047022    37Ag     2.067757    38Ag     2.125765  
      39Ag     2.160535    40Ag     2.279989    39Au     2.314074  
      41Ag     2.353923    40Au     2.355532    41Au     2.386943  
      42Au     2.464713    42Ag     2.515681    43Au     2.515771  
      43Ag     2.581174    44Au     2.588245    44Ag     2.632992  
      45Ag     2.740252    45Au     2.743804    46Ag     2.807262  
      46Au     2.852418    47Ag     2.896872    47Au     2.904921  
      48Au     3.092978    48Ag     3.248644  

    Final Occupation by Irrep:
             Ag    Au 
    DOCC [     8,    8 ]
    NA   [     8,    8 ]
    NB   [     8,    8 ]

  @DF-RHF Final Energy:  -156.12205134480723

   => Energetics <=

    Nuclear Repulsion Energy =            115.0272163872876376
    One-Electron Energy =                -436.8344993653513484
    Two-Electron Energy =                 165.6852316332564783
    Total Energy =                       -156.1220513448072325

Computation Completed


Properties will be evaluated at   0.000000,   0.000000,   0.000000 [a0]

Properties computed using the SCF density matrix


 Multipole Moments:

 ------------------------------------------------------------------------------------
     Multipole            Electronic (a.u.)      Nuclear  (a.u.)        Total (a.u.)
 ------------------------------------------------------------------------------------

 L = 1.  Multiply by 2.5417464519 to convert [e a0] to [Debye]
 Dipole X            :          0.0000000            0.0000000            0.0000000
 Dipole Y            :          0.0000000           -0.0000000           -0.0000000
 Dipole Z            :          0.0000000            0.0000000            0.0000000
 Magnitude           :                                                    0.0000000

 ------------------------------------------------------------------------------------

*** tstop() called on flexpad at Mon Aug  3 19:12:57 2026
Module time:
	user time   =       3.86 seconds =       0.06 minutes
	system time =       0.08 seconds =       0.00 minutes
	total time  =          0 seconds =       0.00 minutes
Total time:
	user time   =     461.35 seconds =       7.69 minutes
	system time =      16.73 seconds =       0.28 minutes
	total time  =         78 seconds =       1.30 minutes

*** tstart() called on flexpad
*** at Mon Aug  3 19:12:57 2026


  //>>>>>>>>>>>>>>>>>>>>>>>>>>>>>>>>>>>//
  //               DFMP2               //
  //<<<<<<<<<<<<<<<<<<<<<<<<<<<<<<<<<<<//

   => Loading Basis Set <=

    Name: (CC-PVDZ AUX)
    Role: RIFIT
    Keyword: DF_BASIS_MP2
    atoms 1-4  entry C          line   159 file /home/peter/miniconda3/envs/research/share/psi4/basis/cc-pvdz-ri.gbs 
    atoms 5-12 entry H          line    19 file /home/peter/miniconda3/envs/research/share/psi4/basis/cc-pvdz-ri.gbs 

	 --------------------------------------------------------
	                          DF-MP2                         
	      2nd-Order Density-Fitted Moller-Plesset Theory     
	              RMP2 Wavefunction,   7 Threads             
	                                                         
	        Rob Parrish, Justin Turney, Andy Simmonett,      
	           Ed Hohenstein, and C. David Sherrill          
	 --------------------------------------------------------

   => Auxiliary Basis Set <=

  Basis Set: (CC-PVDZ AUX)
    Blend: CC-PVDZ-RI
    Number of shells: 120
    Number of basis functions: 336
    Number of Cartesian functions: 384
    Spherical Harmonics?: true
    Max angular momentum: 3

	 --------------------------------------------------------
	                 NBF =    96, NAUX =   336
	 --------------------------------------------------------
	   CLASS    FOCC     OCC    AOCC    AVIR     VIR    FVIR
	   PAIRS       4      16      12      80      80       0
	 --------------------------------------------------------

  DFHelper Memory: AOs need 0.035 GiB; user supplied 6.286 GiB. 
  Using in-core AOs.


         ------------------------------------------------------------
                                     CPHF                           
                                  Rob Parrish                       
         ------------------------------------------------------------

  ==> Geometry <==

    Molecular point group: ci
    Full point group: Ci

    Geometry (in Angstrom), charge = 0, multiplicity = 1:

       Center              X                  Y                   Z               Mass       
    ------------   -----------------  -----------------  -----------------  -----------------
         C            0.573330605528    -0.328811280565    -0.134002037832    12.000000000000
         C           -0.573330605528     0.328811280565     0.134002037832    12.000000000000
         C            1.922158071190     0.329818161586    -0.273066808092    12.000000000000
         C           -1.922158071190    -0.329818161586     0.273066808092    12.000000000000
         H            0.536396239877    -1.417871356506    -0.280377422892     1.007825032230
         H           -0.536396239877     1.417871356506     0.280377422892     1.007825032230
         H            2.664621069471    -0.128620836688     0.402843428929     1.007825032230
         H            1.860165406968     1.406118749008    -0.041392126346     1.007825032230
         H            2.309900733203     0.226326714518    -1.299615134995     1.007825032230
         H           -2.664621069471     0.128620836688    -0.402843428929     1.007825032230
         H           -1.860165406968    -1.406118749008     0.041392126346     1.007825032230
         H           -2.309900733203    -0.226326714518     1.299615134995     1.007825032230

  Nuclear repulsion =  115.027216387287638
  Reference energy  = -156.122051344807232

  ==> Basis Set <==

  Basis Set: CC-PVDZ
    Blend: CC-PVDZ
    Number of shells: 48
    Number of basis functions: 96
    Number of Cartesian functions: 100
    Spherical Harmonics?: true
    Max angular momentum: 2

  ==> CGRSolver (by Rob Parrish) <==

   Number of roots    =         1
   Preconditioning    =    JACOBI
   Convergence cutoff =     1E-06
   Maximum iterations =       100

  ==> CPHFRHamiltonian (by Rob Parrish) <== 

  ==> MemDFJK: Density-Fitted J/K Matrices <==

    J tasked:                   Yes
    K tasked:                   Yes
    wK tasked:                   No
    OpenMP threads:               7
    Memory [MiB]:              6437
    Algorithm:                 Core
    Schwarz Cutoff:           1E-12
    Mask sparsity (%):       1.0634
    Fitting Condition:        1E-10

   => Auxiliary Basis Set <=

  Basis Set: (CC-PVDZ AUX)
    Blend: CC-PVDZ-JKFIT
    Number of shells: 168
    Number of basis functions: 464
    Number of Cartesian functions: 524
    Spherical Harmonics?: true
    Max angular momentum: 3

  ==> CPHF Iterations <==

  => Iterations <=

             Iter  Converged  Remaining    Residual
  CGR           1          0          1   7.565E-02
  CGR           2          0          1   1.185E-02
  CGR           3          0          1   2.208E-03
  CGR           4          0          1   6.271E-04
  CGR           5          0          1   1.226E-04
  CGR           6          0          1   2.973E-05
  CGR           7          0          1   5.991E-06
  CGR           8          0          1   1.470E-06
  CGR           9          1          0   2.887E-07

    CGRSolver converged.

  ==> DFCorrGrad: Density-Fitted Correlated Gradients <==

    OpenMP threads:              7
    Integrals threads:           7
    Memory [GiB]:            6.286
    Schwarz Cutoff:          0E+00
    Fitting Condition:       1E-10

   => Auxiliary Basis Set <=

  Basis Set: (CC-PVDZ AUX)
    Blend: CC-PVDZ-JKFIT
    Number of shells: 168
    Number of basis functions: 464
    Number of Cartesian functions: 524
    Spherical Harmonics?: true
    Max angular momentum: 3

	-----------------------------------------------------------
	 ==================> DF-MP2 Energies <==================== 
	-----------------------------------------------------------
	 Reference Energy          =    -156.1220513448072325 [Eh]
	 Singles Energy            =      -0.0000000000000000 [Eh]
	 Same-Spin Energy          =      -0.1281258173955828 [Eh]
	 Opposite-Spin Energy      =      -0.4344444379879879 [Eh]
	 Correlation Energy        =      -0.5625702553835707 [Eh]
	 Total Energy              =    -156.6846216001908090 [Eh]
	-----------------------------------------------------------
	 ================> DF-SCS-MP2 Energies <================== 
	-----------------------------------------------------------
	 SCS Same-Spin Scale       =       0.3333333333333333 [-]
	 SCS Opposite-Spin Scale   =       1.2000000000000000 [-]
	 SCS Same-Spin Energy      =      -0.0427086057985276 [Eh]
	 SCS Opposite-Spin Energy  =      -0.5213333255855854 [Eh]
	 SCS Correlation Energy    =      -0.5640419313841131 [Eh]
	 SCS Total Energy          =    -156.6860932761913432 [Eh]
	-----------------------------------------------------------


  -Total Gradient:
     Atom            X                  Y                   Z
    ------   -----------------  -----------------  -----------------
       1       -0.002317151426    -0.001217696567     0.001239942069
       2        0.002317151426     0.001217696567    -0.001239942069
       3        0.002255163250    -0.000521241257    -0.001296273660
       4       -0.002255163250     0.000521241257     0.001296273660
       5        0.000533105088     0.000202045425    -0.000008670100
       6       -0.000533105088    -0.000202045425     0.000008670100
       7        0.000061538332    -0.000063615661    -0.000125662857
       8       -0.000191300557     0.000237690628    -0.000126172818
       9       -0.000769365783     0.000700389146     0.001269644603
      10       -0.000061538332     0.000063615661     0.000125662857
      11        0.000191300557    -0.000237690628     0.000126172818
      12        0.000769365783    -0.000700389146    -0.001269644603


*** tstop() called on flexpad at Mon Aug  3 19:12:59 2026
Module time:
	user time   =      10.09 seconds =       0.17 minutes
	system time =       0.24 seconds =       0.00 minutes
	total time  =          2 seconds =       0.03 minutes
Total time:
	user time   =     471.45 seconds =       7.86 minutes
	system time =      16.97 seconds =       0.28 minutes
	total time  =         80 seconds =       1.33 minutes

    			-----------------------------------------

    			 OPTKING 3.0: for geometry optimizations 

    			     By R.A. King, Bethel University     

    			        with contributions from          

    			    A.V. Copan, J. Cayton, A. Heide      

    			-----------------------------------------

    
	                            ===> Fragment 1 <== 

	 Z (Atomic Numbers)          Masses                          Geom                  
	       6.000000            12.000000          1.08343782 -0.62136327 -0.25322715   
	       6.000000            12.000000         -1.08343782  0.62136327  0.25322715   
	       6.000000            12.000000          3.63235232  0.62326600 -0.51602148   
	       6.000000            12.000000         -3.63235232 -0.62326600  0.51602148   
	       1.000000             1.007825          1.01364199 -2.67938854 -0.52983654   
	       1.000000             1.007825         -1.01364199  2.67938854  0.52983654   
	       1.000000             1.007825          5.03540405 -0.24305816  0.76126375   
	       1.000000             1.007825          3.51520317  2.65717934 -0.07821978   
	       1.000000             1.007825          4.36507976  0.42769551 -2.45591667   
	       1.000000             1.007825         -5.03540405  0.24305816 -0.76126375   
	       1.000000             1.007825         -3.51520317 -2.65717934  0.07821978   
	       1.000000             1.007825         -4.36507976 -0.42769551  2.45591667   

	 - Coordinate -           - BOHR/RAD -       - ANG/DEG -
	 R(1,2)           =         2.548767           1.348750
	 R(1,3)           =         2.848706           1.507470
	 R(1,5)           =         2.077704           1.099473
	 R(2,4)           =         2.848706           1.507470
	 R(2,6)           =         2.077704           1.099473
	 R(3,7)           =         2.085792           1.103754
	 R(3,8)           =         2.083794           1.102696
	 R(3,9)           =         2.082866           1.102205
	 R(4,10)          =         2.085792           1.103754
	 R(4,11)          =         2.083794           1.102696
	 R(4,12)          =         2.082866           1.102205
	 B(1,2,4)         =         2.172440         124.471664
	 B(1,2,6)         =         2.072427         118.741333
	 B(1,3,7)         =         1.943269         111.341131
	 B(1,3,8)         =         1.935602         110.901802
	 B(1,3,9)         =         1.938701         111.079391
	 B(2,1,3)         =         2.172440         124.471664
	 B(2,1,5)         =         2.072427         118.741333
	 B(2,4,10)        =         1.943269         111.341131
	 B(2,4,11)        =         1.935602         110.901802
	 B(2,4,12)        =         1.938701         111.079391
	 B(3,1,5)         =         2.038176         116.778869
	 B(4,2,6)         =         2.038176         116.778869
	 B(7,3,8)         =         1.890791         108.334329
	 B(7,3,9)         =         1.869942         107.139760
	 B(8,3,9)         =         1.882942         107.884636
	 B(10,4,11)       =         1.890791         108.334329
	 B(10,4,12)       =         1.869942         107.139760
	 B(11,4,12)       =         1.882942         107.884636
	 D(1,2,4,10)      =         4.091473         234.424155
	 D(1,2,4,11)      =        -0.084893          -4.864025
	 D(1,2,4,12)      =         2.008941         115.103869
	 D(2,1,3,7)       =         2.191712         125.575845
	 D(2,1,3,8)       =         0.084893           4.864025
	 D(2,1,3,9)       =        -2.008941        -115.103869
	 D(3,1,2,4)       =         3.141593         180.000000
	 D(3,1,2,6)       =        -0.018726          -1.072933
	 D(4,2,1,5)       =         0.018726           1.072933
	 D(5,1,2,6)       =         3.141593         180.000000
	 D(5,1,3,7)       =        -0.968272         -55.477913
	 D(5,1,3,8)       =         3.208094         183.810266
	 D(5,1,3,9)       =         1.114260          63.842372
	 D(6,2,4,10)      =         0.968272          55.477913
	 D(6,2,4,11)      =         3.075091         176.189734
	 D(6,2,4,12)      =        -1.114260         -63.842372


	        --- Internal Coordinate Step in ANG or DEG, aJ/ANG or AJ/DEG ---
	-------------------------------------------------------------------------------
	           Coordinate      Previous         Force          Change          New 
	           ----------      --------        ------          ------        ------
	               R(1,2)       1.34875        0.00190        0.00007       1.34882
	               R(1,3)       1.50747       -0.01148       -0.00185       1.50562
	               R(1,5)       1.09947        0.00179        0.00030       1.09977
	               R(2,4)       1.50747       -0.01148       -0.00185       1.50562
	               R(2,6)       1.09947        0.00179        0.00030       1.09977
	               R(3,7)       1.10375        0.00008        0.00025       1.10401
	               R(3,8)       1.10270       -0.00178       -0.00038       1.10232
	               R(3,9)       1.10221        0.01251        0.00050       1.10271
	              R(4,10)       1.10375        0.00008        0.00025       1.10401
	              R(4,11)       1.10270       -0.00178       -0.00038       1.10232
	              R(4,12)       1.10221        0.01251        0.00050       1.10271
	             B(1,2,4)     124.47166        0.00002        0.10461     124.57628
	             B(1,2,6)     118.74133       -0.00005       -0.17199     118.56934
	             B(1,3,7)     111.34113       -0.00002       -0.19576     111.14537
	             B(1,3,8)     110.90180        0.00003        0.00670     110.90850
	             B(1,3,9)     111.07939       -0.00000       -0.00009     111.07930
	             B(2,1,3)     124.47166        0.00002        0.10461     124.57628
	             B(2,1,5)     118.74133       -0.00005       -0.17199     118.56934
	            B(2,4,10)     111.34113       -0.00002       -0.19576     111.14537
	            B(2,4,11)     110.90180        0.00003        0.00670     110.90850
	            B(2,4,12)     111.07939       -0.00000       -0.00009     111.07930
	             B(3,1,5)     116.77887        0.00003        0.07415     116.85302
	             B(4,2,6)     116.77887        0.00003        0.07415     116.85302
	             B(7,3,8)     108.33433       -0.00001        0.04251     108.37684
	             B(7,3,9)     107.13976       -0.00001       -0.05783     107.08193
	             B(8,3,9)     107.88464        0.00002        0.21498     108.09961
	           B(10,4,11)     108.33433       -0.00001        0.04251     108.37684
	           B(10,4,12)     107.13976       -0.00001       -0.05783     107.08193
	           B(11,4,12)     107.88464        0.00002        0.21498     108.09961
	          D(1,2,4,10)     234.42415        0.00002        5.34897     239.77313
	          D(1,2,4,11)      -4.86402        0.00000        5.27531       0.41129
	          D(1,2,4,12)     115.10387        0.00004        5.55087     120.65474
	           D(2,1,3,7)     125.57585       -0.00002       -5.34897     120.22687
	           D(2,1,3,8)       4.86402       -0.00000       -5.27531      -0.41129
	           D(2,1,3,9)    -115.10387       -0.00004       -5.55087    -120.65474
	           D(3,1,2,4)     180.00000        0.00000        0.00000     180.00000
	           D(3,1,2,6)      -1.07293        0.00001        0.63335      -0.43958
	           D(4,2,1,5)       1.07293       -0.00001       -0.63335       0.43958
	           D(5,1,2,6)     180.00000        0.00000        0.00000     180.00000
	           D(5,1,3,7)     -55.47791       -0.00000       -4.72793     -60.20585
	           D(5,1,3,8)     183.81027        0.00001       -4.65427     179.15599
	           D(5,1,3,9)      63.84237       -0.00003       -4.92983      58.91254
	          D(6,2,4,10)      55.47791        0.00000        4.72793      60.20585
	          D(6,2,4,11)     176.18973       -0.00001        4.65427     180.84401
	          D(6,2,4,12)     -63.84237        0.00003        4.92983     -58.91254
	-------------------------------------------------------------------------------

	                                 ==> Convergence Check <==                                  
    
	Measures of convergence in internal coordinates in au.
    
	Criteria marked as inactive (o), active & met (*), and active & unmet ( ).

	----------------------------------------------------------------------------------------------
	   Step    Total Energy     Delta E     Max Force     RMS Force      Max Disp      RMS Disp   
	----------------------------------------------------------------------------------------------
	  Convergence Criteria     1.00e-06 *    3.00e-04 *             o    1.20e-03 *             o
	----------------------------------------------------------------------------------------------
	     9    -156.68462160   -8.64e-04      1.52e-03      5.12e-04 o    9.69e-02      4.60e-02 o  ~
	----------------------------------------------------------------------------------------------

Next Geometry in Ang 
	Fragment 1 (Ang)

	    C   0.5699945524  -0.3238618009  -0.1582714110
	    C  -0.5699945524   0.3238618009   0.1582714110
	    C   1.9198489281   0.3319195776  -0.2797123426
	    C  -1.9198489281  -0.3319195776   0.2797123426
	    H   0.5241958435  -1.4057348434  -0.3504978430
	    H  -0.5241958435   1.4057348434   0.3504978430
	    H   2.6409744099  -0.1062416306   0.4322016420
	    H   1.8505944442   1.4142158088  -0.0823654828
	    H   2.3382210013   0.1941043437  -1.2906224110
	    H  -2.6409744099   0.1062416306  -0.4322016420
	    H  -1.8505944442  -1.4142158088   0.0823654828
	    H  -2.3382210013  -0.1941043437   1.2906224110


    Structure for next step:
    Molecular point group: ci
    Full point group: Ci

    Geometry (in Angstrom), charge = 0, multiplicity = 1:

    C            0.569994552393    -0.323861800905    -0.158271410951
    C           -0.569994552393     0.323861800905     0.158271410951
    C            1.919848928077     0.331919577565    -0.279712342559
    C           -1.919848928077    -0.331919577565     0.279712342559
    H            0.524195843504    -1.405734843440    -0.350497842974
    H           -0.524195843504     1.405734843440     0.350497842974
    H            2.640974409898    -0.106241630604     0.432201642048
    H            1.850594444238     1.414215808844    -0.082365482813
    H            2.338221001328     0.194104343693    -1.290622411029
    H           -2.640974409898     0.106241630604    -0.432201642048
    H           -1.850594444238    -1.414215808844     0.082365482813
    H           -2.338221001328    -0.194104343693     1.290622411029


Scratch directory: /tmp/
gradient() will perform analytic gradient computation.
   => Libint2 <=

    Primary   basis highest AM E, G, H:  6, 6, 3
    Auxiliary basis highest AM E, G, H:  7, 7, 4
    Onebody   basis highest AM E, G, H:  -, -, -
    Solid Harmonics ordering:            Gaussian

*** tstart() called on flexpad
*** at Mon Aug  3 19:12:59 2026

   => Loading Basis Set <=

    Name: CC-PVDZ
    Role: ORBITAL
    Keyword: BASIS
    atoms 1-4  entry C          line   138 file /home/peter/miniconda3/envs/research/share/psi4/basis/cc-pvdz.gbs 
    atoms 5-12 entry H          line    22 file /home/peter/miniconda3/envs/research/share/psi4/basis/cc-pvdz.gbs 


         ---------------------------------------------------------
                                   SCF
               by Justin Turney, Rob Parrish, Andy Simmonett
                          and Daniel G. A. Smith
                              RHF Reference
                        7 Threads,   8583 MiB Core
         ---------------------------------------------------------

  ==> Geometry <==

    Molecular point group: ci
    Full point group: Ci

    Geometry (in Angstrom), charge = 0, multiplicity = 1:

       Center              X                  Y                   Z               Mass       
    ------------   -----------------  -----------------  -----------------  -----------------
         C            0.569994552393    -0.323861800905    -0.158271410951    12.000000000000
         C           -0.569994552393     0.323861800905     0.158271410951    12.000000000000
         C            1.919848928077     0.331919577565    -0.279712342559    12.000000000000
         C           -1.919848928077    -0.331919577565     0.279712342559    12.000000000000
         H            0.524195843504    -1.405734843440    -0.350497842974     1.007825032230
         H           -0.524195843504     1.405734843440     0.350497842974     1.007825032230
         H            2.640974409898    -0.106241630604     0.432201642048     1.007825032230
         H            1.850594444238     1.414215808844    -0.082365482813     1.007825032230
         H            2.338221001328     0.194104343693    -1.290622411029     1.007825032230
         H           -2.640974409898     0.106241630604    -0.432201642048     1.007825032230
         H           -1.850594444238    -1.414215808844     0.082365482813     1.007825032230
         H           -2.338221001328    -0.194104343693     1.290622411029     1.007825032230

  Running in ci symmetry.

  Rotational constants: A =      1.13487  B =      0.12317  C =      0.11597 [cm^-1]
  Rotational constants: A =  34022.46391  B =   3692.61732  C =   3476.58157 [MHz]
  Nuclear repulsion =  115.076770252898854

  Charge       = 0
  Multiplicity = 1
  Electrons    = 32
  Nalpha       = 16
  Nbeta        = 16

  ==> Algorithm <==

  SCF Algorithm Type is DF.
  DIIS enabled.
  MOM disabled.
  Fractional occupation disabled.
  Guess Type is READ.
  Energy threshold   = 1.00e-09
  Density threshold  = 1.00e-09
  Integral threshold = 1.00e-12

  ==> Primary Basis <==

  Basis Set: CC-PVDZ
    Blend: CC-PVDZ
    Number of shells: 48
    Number of basis functions: 96
    Number of Cartesian functions: 100
    Spherical Harmonics?: true
    Max angular momentum: 2

   => Loading Basis Set <=

    Name: (CC-PVDZ AUX)
    Role: JKFIT
    Keyword: DF_BASIS_SCF
    atoms 1-4  entry C          line   121 file /home/peter/miniconda3/envs/research/share/psi4/basis/cc-pvdz-jkfit.gbs 
    atoms 5-12 entry H          line    51 file /home/peter/miniconda3/envs/research/share/psi4/basis/cc-pvdz-jkfit.gbs 

   => Loading Basis Set <=

    Name: CC-PVDZ
    Role: ORBITAL
    Keyword: BASIS
    atoms 1-4  entry C          line   138 file /home/peter/miniconda3/envs/research/share/psi4/basis/cc-pvdz.gbs 
    atoms 5-12 entry H          line    22 file /home/peter/miniconda3/envs/research/share/psi4/basis/cc-pvdz.gbs 

  Reading orbitals from file /tmp/psi4.default.339749.180.npy, no projection.

  ==> Integral Setup <==

  DFHelper Memory: AOs need 0.035 GiB; user supplied 6.286 GiB. 
  Using in-core AOs.

  ==> MemDFJK: Density-Fitted J/K Matrices <==

    J tasked:                   Yes
    K tasked:                   Yes
    wK tasked:                   No
    OpenMP threads:               7
    Memory [MiB]:              6437
    Algorithm:                 Core
    Schwarz Cutoff:           1E-12
    Mask sparsity (%):       0.9766
    Fitting Condition:        1E-10

   => Auxiliary Basis Set <=

  Basis Set: (CC-PVDZ AUX)
    Blend: CC-PVDZ-JKFIT
    Number of shells: 168
    Number of basis functions: 464
    Number of Cartesian functions: 524
    Spherical Harmonics?: true
    Max angular momentum: 3

  Minimum eigenvalue in the overlap matrix is 3.3655244796E-03.
  Reciprocal condition number of the overlap matrix is 6.2177813741E-04.
    Using symmetric orthogonalization.

  ==> Pre-Iterations <==

  SCF Guess: Orbitals guess was supplied from a previous computation.

   -------------------------------------------------------
    Irrep   Nso     Nmo     Nalpha   Nbeta   Ndocc  Nsocc
   -------------------------------------------------------
     Ag        48      48       8       8       8       0
     Au        48      48       8       8       8       0
   -------------------------------------------------------
    Total      96      96      16      16      16       0
   -------------------------------------------------------

  ==> Iterations <==

                           Total Energy        Delta E     RMS |[F,P]|

   @DF-RHF iter   0:  -156.11850375250202   -1.56119e+02   1.00441e-03 
   @DF-RHF iter   1:  -156.12192394183131   -3.42019e-03   1.91526e-04 ADIIS/DIIS
   @DF-RHF iter   2:  -156.12212833102885   -2.04389e-04   7.34969e-05 DIIS
   @DF-RHF iter   3:  -156.12216988822871   -4.15572e-05   2.25346e-05 DIIS
   @DF-RHF iter   4:  -156.12217298231081   -3.09408e-06   7.81200e-06 DIIS
   @DF-RHF iter   5:  -156.12217352824965   -5.45939e-07   1.89132e-06 DIIS
   @DF-RHF iter   6:  -156.12217355900967   -3.07600e-08   4.84616e-07 DIIS
   @DF-RHF iter   7:  -156.12217356075530   -1.74563e-09   1.41108e-07 DIIS
   @DF-RHF iter   8:  -156.12217356089135   -1.36055e-10   4.20089e-08 DIIS
   @DF-RHF iter   9:  -156.12217356090818   -1.68257e-11   1.00907e-08 DIIS
   @DF-RHF iter  10:  -156.12217356090920   -1.02318e-12   1.67598e-09 DIIS
   @DF-RHF iter  11:  -156.12217356090915    5.68434e-14   2.72410e-10 DIIS
  Energy and wave function converged.


  ==> Post-Iterations <==

    Orbital Energies [Eh]
    ---------------------

    Doubly Occupied:                                                      

       1Ag   -11.231567     1Au   -11.230063     2Ag   -11.228289  
       2Au   -11.228255     3Ag    -1.071186     3Au    -0.979302  
       4Ag    -0.872579     4Au    -0.738895     5Au    -0.600819  
       5Ag    -0.599303     6Au    -0.566096     6Ag    -0.549715  
       7Au    -0.517089     7Ag    -0.503591     8Ag    -0.478433  
       8Au    -0.337648  

    Virtual:                                                              

       9Ag     0.183232    10Ag     0.198535     9Au     0.202810  
      10Au     0.213031    11Ag     0.264715    12Ag     0.266267  
      11Au     0.271794    13Ag     0.287951    12Au     0.293193  
      13Au     0.399064    14Ag     0.420526    14Au     0.538958  
      15Ag     0.583549    15Au     0.608749    16Ag     0.611798  
      16Au     0.651483    17Ag     0.712658    17Au     0.757263  
      18Au     0.773544    18Ag     0.778490    19Au     0.784858  
      19Ag     0.829315    20Ag     0.867826    20Au     0.869166  
      21Au     0.873504    22Au     0.895267    21Ag     0.895616  
      22Ag     0.918765    23Au     0.923321    23Ag     0.937478  
      24Au     0.996047    24Ag     1.014836    25Ag     1.127065  
      25Au     1.142441    26Au     1.293083    27Au     1.297858  
      26Ag     1.303503    27Ag     1.339976    28Au     1.424632  
      28Ag     1.445536    29Ag     1.516035    29Au     1.593087  
      30Au     1.670908    31Au     1.683054    30Ag     1.683689  
      31Ag     1.707867    32Au     1.805005    32Ag     1.843647  
      33Ag     1.868301    34Ag     1.884777    33Au     1.908405  
      34Au     1.922375    35Ag     1.930550    35Au     1.952910  
      36Au     1.994069    36Ag     1.995892    37Au     2.007552  
      38Au     2.048391    37Ag     2.078854    38Ag     2.116738  
      39Ag     2.162800    40Ag     2.278948    39Au     2.315834  
      41Ag     2.353087    40Au     2.357474    41Au     2.388681  
      42Au     2.466022    43Au     2.513626    42Ag     2.517278  
      43Ag     2.581978    44Au     2.585634    44Ag     2.632516  
      45Ag     2.740688    45Au     2.743912    46Ag     2.807677  
      46Au     2.852078    47Ag     2.896935    47Au     2.905208  
      48Au     3.094858    48Ag     3.247631  

    Final Occupation by Irrep:
             Ag    Au 
    DOCC [     8,    8 ]
    NA   [     8,    8 ]
    NB   [     8,    8 ]

  @DF-RHF Final Energy:  -156.12217356090915

   => Energetics <=

    Nuclear Repulsion Energy =            115.0767702528988536
    One-Electron Energy =                -436.9322192652556396
    Two-Electron Energy =                 165.7332754514476107
    Total Energy =                       -156.1221735609091468

Computation Completed


Properties will be evaluated at   0.000000,   0.000000,   0.000000 [a0]

Properties computed using the SCF density matrix


 Multipole Moments:

 ------------------------------------------------------------------------------------
     Multipole            Electronic (a.u.)      Nuclear  (a.u.)        Total (a.u.)
 ------------------------------------------------------------------------------------

 L = 1.  Multiply by 2.5417464519 to convert [e a0] to [Debye]
 Dipole X            :          0.0000000            0.0000000            0.0000000
 Dipole Y            :          0.0000000            0.0000000            0.0000000
 Dipole Z            :          0.0000000            0.0000000            0.0000000
 Magnitude           :                                                    0.0000000

 ------------------------------------------------------------------------------------

*** tstop() called on flexpad at Mon Aug  3 19:13:00 2026
Module time:
	user time   =       3.73 seconds =       0.06 minutes
	system time =       0.09 seconds =       0.00 minutes
	total time  =          1 seconds =       0.02 minutes
Total time:
	user time   =     476.59 seconds =       7.94 minutes
	system time =      17.09 seconds =       0.28 minutes
	total time  =         81 seconds =       1.35 minutes

*** tstart() called on flexpad
*** at Mon Aug  3 19:13:00 2026


  //>>>>>>>>>>>>>>>>>>>>>>>>>>>>>>>>>>>//
  //               DFMP2               //
  //<<<<<<<<<<<<<<<<<<<<<<<<<<<<<<<<<<<//

   => Loading Basis Set <=

    Name: (CC-PVDZ AUX)
    Role: RIFIT
    Keyword: DF_BASIS_MP2
    atoms 1-4  entry C          line   159 file /home/peter/miniconda3/envs/research/share/psi4/basis/cc-pvdz-ri.gbs 
    atoms 5-12 entry H          line    19 file /home/peter/miniconda3/envs/research/share/psi4/basis/cc-pvdz-ri.gbs 

	 --------------------------------------------------------
	                          DF-MP2                         
	      2nd-Order Density-Fitted Moller-Plesset Theory     
	              RMP2 Wavefunction,   7 Threads             
	                                                         
	        Rob Parrish, Justin Turney, Andy Simmonett,      
	           Ed Hohenstein, and C. David Sherrill          
	 --------------------------------------------------------

   => Auxiliary Basis Set <=

  Basis Set: (CC-PVDZ AUX)
    Blend: CC-PVDZ-RI
    Number of shells: 120
    Number of basis functions: 336
    Number of Cartesian functions: 384
    Spherical Harmonics?: true
    Max angular momentum: 3

	 --------------------------------------------------------
	                 NBF =    96, NAUX =   336
	 --------------------------------------------------------
	   CLASS    FOCC     OCC    AOCC    AVIR     VIR    FVIR
	   PAIRS       4      16      12      80      80       0
	 --------------------------------------------------------

  DFHelper Memory: AOs need 0.035 GiB; user supplied 6.286 GiB. 
  Using in-core AOs.


         ------------------------------------------------------------
                                     CPHF                           
                                  Rob Parrish                       
         ------------------------------------------------------------

  ==> Geometry <==

    Molecular point group: ci
    Full point group: Ci

    Geometry (in Angstrom), charge = 0, multiplicity = 1:

       Center              X                  Y                   Z               Mass       
    ------------   -----------------  -----------------  -----------------  -----------------
         C            0.569994552393    -0.323861800905    -0.158271410951    12.000000000000
         C           -0.569994552393     0.323861800905     0.158271410951    12.000000000000
         C            1.919848928077     0.331919577565    -0.279712342559    12.000000000000
         C           -1.919848928077    -0.331919577565     0.279712342559    12.000000000000
         H            0.524195843504    -1.405734843440    -0.350497842974     1.007825032230
         H           -0.524195843504     1.405734843440     0.350497842974     1.007825032230
         H            2.640974409898    -0.106241630604     0.432201642048     1.007825032230
         H            1.850594444238     1.414215808844    -0.082365482813     1.007825032230
         H            2.338221001328     0.194104343693    -1.290622411029     1.007825032230
         H           -2.640974409898     0.106241630604    -0.432201642048     1.007825032230
         H           -1.850594444238    -1.414215808844     0.082365482813     1.007825032230
         H           -2.338221001328    -0.194104343693     1.290622411029     1.007825032230

  Nuclear repulsion =  115.076770252898854
  Reference energy  = -156.122173560909147

  ==> Basis Set <==

  Basis Set: CC-PVDZ
    Blend: CC-PVDZ
    Number of shells: 48
    Number of basis functions: 96
    Number of Cartesian functions: 100
    Spherical Harmonics?: true
    Max angular momentum: 2

  ==> CGRSolver (by Rob Parrish) <==

   Number of roots    =         1
   Preconditioning    =    JACOBI
   Convergence cutoff =     1E-06
   Maximum iterations =       100

  ==> CPHFRHamiltonian (by Rob Parrish) <== 

  ==> MemDFJK: Density-Fitted J/K Matrices <==

    J tasked:                   Yes
    K tasked:                   Yes
    wK tasked:                   No
    OpenMP threads:               7
    Memory [MiB]:              6437
    Algorithm:                 Core
    Schwarz Cutoff:           1E-12
    Mask sparsity (%):       0.9766
    Fitting Condition:        1E-10

   => Auxiliary Basis Set <=

  Basis Set: (CC-PVDZ AUX)
    Blend: CC-PVDZ-JKFIT
    Number of shells: 168
    Number of basis functions: 464
    Number of Cartesian functions: 524
    Spherical Harmonics?: true
    Max angular momentum: 3

  ==> CPHF Iterations <==

  => Iterations <=

             Iter  Converged  Remaining    Residual
  CGR           1          0          1   7.570E-02
  CGR           2          0          1   1.186E-02
  CGR           3          0          1   2.206E-03
  CGR           4          0          1   6.233E-04
  CGR           5          0          1   1.194E-04
  CGR           6          0          1   2.720E-05
  CGR           7          0          1   4.476E-06
  CGR           8          1          0   9.226E-07

    CGRSolver converged.

  ==> DFCorrGrad: Density-Fitted Correlated Gradients <==

    OpenMP threads:              7
    Integrals threads:           7
    Memory [GiB]:            6.286
    Schwarz Cutoff:          0E+00
    Fitting Condition:       1E-10

   => Auxiliary Basis Set <=

  Basis Set: (CC-PVDZ AUX)
    Blend: CC-PVDZ-JKFIT
    Number of shells: 168
    Number of basis functions: 464
    Number of Cartesian functions: 524
    Spherical Harmonics?: true
    Max angular momentum: 3

	-----------------------------------------------------------
	 ==================> DF-MP2 Energies <==================== 
	-----------------------------------------------------------
	 Reference Energy          =    -156.1221735609091468 [Eh]
	 Singles Energy            =      -0.0000000000000000 [Eh]
	 Same-Spin Energy          =      -0.1281477063230394 [Eh]
	 Opposite-Spin Energy      =      -0.4344117583918669 [Eh]
	 Correlation Energy        =      -0.5625594647149063 [Eh]
	 Total Energy              =    -156.6847330256240411 [Eh]
	-----------------------------------------------------------
	 ================> DF-SCS-MP2 Energies <================== 
	-----------------------------------------------------------
	 SCS Same-Spin Scale       =       0.3333333333333333 [-]
	 SCS Opposite-Spin Scale   =       1.2000000000000000 [-]
	 SCS Same-Spin Energy      =      -0.0427159021076798 [Eh]
	 SCS Opposite-Spin Energy  =      -0.5212941100702402 [Eh]
	 SCS Correlation Energy    =      -0.5640100121779200 [Eh]
	 SCS Total Energy          =    -156.6861835730870780 [Eh]
	-----------------------------------------------------------


  -Total Gradient:
     Atom            X                  Y                   Z
    ------   -----------------  -----------------  -----------------
       1       -0.001033792702    -0.000304787784     0.000685580401
       2        0.001033792702     0.000304787784    -0.000685580401
       3        0.001497395748    -0.000184733642    -0.000722104491
       4       -0.001497395748     0.000184733642     0.000722104491
       5        0.000239752749     0.000126700844    -0.000241823730
       6       -0.000239752749    -0.000126700844     0.000241823730
       7       -0.000197529045    -0.000115966158    -0.000015749062
       8       -0.000349626654     0.000053954416    -0.000256576337
       9       -0.000541011074     0.000250069727     0.000830182233
      10        0.000197529045     0.000115966158     0.000015749062
      11        0.000349626654    -0.000053954416     0.000256576337
      12        0.000541011074    -0.000250069727    -0.000830182233


*** tstop() called on flexpad at Mon Aug  3 19:13:01 2026
Module time:
	user time   =       9.75 seconds =       0.16 minutes
	system time =       0.22 seconds =       0.00 minutes
	total time  =          1 seconds =       0.02 minutes
Total time:
	user time   =     486.34 seconds =       8.11 minutes
	system time =      17.31 seconds =       0.29 minutes
	total time  =         82 seconds =       1.37 minutes

    			-----------------------------------------

    			 OPTKING 3.0: for geometry optimizations 

    			     By R.A. King, Bethel University     

    			        with contributions from          

    			    A.V. Copan, J. Cayton, A. Heide      

    			-----------------------------------------

    
	                            ===> Fragment 1 <== 

	 Z (Atomic Numbers)          Masses                          Geom                  
	       6.000000            12.000000          1.07713360 -0.61201011 -0.29908962   
	       6.000000            12.000000         -1.07713360  0.61201011  0.29908962   
	       6.000000            12.000000          3.62798868  0.62723710 -0.52857972   
	       6.000000            12.000000         -3.62798868 -0.62723710  0.52857972   
	       1.000000             1.007825          0.99058658 -2.65645386 -0.66234493   
	       1.000000             1.007825         -0.99058658  2.65645386  0.66234493   
	       1.000000             1.007825          4.99071834 -0.20076758  0.81674273   
	       1.000000             1.007825          3.49711667  2.67248056 -0.15564820   
	       1.000000             1.007825          4.41859731  0.36680405 -2.43892289   
	       1.000000             1.007825         -4.99071834  0.20076758 -0.81674273   
	       1.000000             1.007825         -3.49711667 -2.67248056  0.15564820   
	       1.000000             1.007825         -4.41859731 -0.36680405  2.43892289   

	 - Coordinate -           - BOHR/RAD -       - ANG/DEG -
	 R(1,2)           =         2.548904           1.348822
	 R(1,3)           =         2.845217           1.505624
	 R(1,5)           =         2.078267           1.099772
	 R(2,4)           =         2.845217           1.505624
	 R(2,6)           =         2.078267           1.099772
	 R(3,7)           =         2.086269           1.104006
	 R(3,8)           =         2.083081           1.102319
	 R(3,9)           =         2.083818           1.102709
	 R(4,10)          =         2.086269           1.104006
	 R(4,11)          =         2.083081           1.102319
	 R(4,12)          =         2.083818           1.102709
	 B(1,2,4)         =         2.174266         124.576277
	 B(1,2,6)         =         2.069425         118.569339
	 B(1,3,7)         =         1.939853         111.145372
	 B(1,3,8)         =         1.935719         110.908501
	 B(1,3,9)         =         1.938699         111.079299
	 B(2,1,3)         =         2.174266         124.576277
	 B(2,1,5)         =         2.069425         118.569339
	 B(2,4,10)        =         1.939853         111.145372
	 B(2,4,11)        =         1.935719         110.908501
	 B(2,4,12)        =         1.938699         111.079299
	 B(3,1,5)         =         2.039470         116.853017
	 B(4,2,6)         =         2.039470         116.853017
	 B(7,3,8)         =         1.891533         108.376836
	 B(7,3,9)         =         1.868932         107.081934
	 B(8,3,9)         =         1.886694         108.099615
	 B(10,4,11)       =         1.891533         108.376836
	 B(10,4,12)       =         1.868932         107.081934
	 B(11,4,12)       =         1.886694         108.099615
	 D(1,2,4,10)      =         4.184831         239.773127
	 D(1,2,4,11)      =         0.007178           0.411289
	 D(1,2,4,12)      =         2.105822         120.654738
	 D(2,1,3,7)       =         2.098355         120.226873
	 D(2,1,3,8)       =        -0.007178          -0.411289
	 D(2,1,3,9)       =        -2.105822        -120.654738
	 D(3,1,2,4)       =         3.141593         180.000000
	 D(3,1,2,6)       =        -0.007672          -0.439582
	 D(4,2,1,5)       =         0.007672           0.439582
	 D(5,1,2,6)       =         3.141593         180.000000
	 D(5,1,3,7)       =        -1.050790         -60.205846
	 D(5,1,3,8)       =         3.126862         179.155992
	 D(5,1,3,9)       =         1.028218          58.912543
	 D(6,2,4,10)      =         1.050790          60.205846
	 D(6,2,4,11)      =         3.156323         180.844008
	 D(6,2,4,12)      =        -1.028218         -58.912543


	        --- Internal Coordinate Step in ANG or DEG, aJ/ANG or AJ/DEG ---
	-------------------------------------------------------------------------------
	           Coordinate      Previous         Force          Change          New 
	           ----------      --------        ------          ------        ------
	               R(1,2)       1.34882        0.00253        0.00035       1.34917
	               R(1,3)       1.50562       -0.00314       -0.00048       1.50514
	               R(1,5)       1.09977        0.00076        0.00015       1.09992
	               R(2,4)       1.50562       -0.00314       -0.00048       1.50514
	               R(2,6)       1.09977        0.00076        0.00015       1.09992
	               R(3,7)       1.10401        0.00077        0.00010       1.10410
	               R(3,8)       1.10232       -0.00024       -0.00006       1.10226
	               R(3,9)       1.10271        0.00822        0.00083       1.10354
	              R(4,10)       1.10401        0.00077        0.00010       1.10410
	              R(4,11)       1.10232       -0.00024       -0.00006       1.10226
	              R(4,12)       1.10271        0.00822        0.00083       1.10354
	             B(1,2,4)     124.57628        0.00001        0.01955     124.59582
	             B(1,2,6)     118.56934       -0.00003       -0.12853     118.44081
	             B(1,3,7)     111.14537        0.00001        0.01615     111.16152
	             B(1,3,8)     110.90850        0.00003        0.15232     111.06082
	             B(1,3,9)     111.07930        0.00000        0.03771     111.11701
	             B(2,1,3)     124.57628        0.00001        0.01955     124.59582
	             B(2,1,5)     118.56934       -0.00003       -0.12853     118.44081
	            B(2,4,10)     111.14537        0.00001        0.01615     111.16152
	            B(2,4,11)     110.90850        0.00003        0.15232     111.06082
	            B(2,4,12)     111.07930        0.00000        0.03771     111.11701
	             B(3,1,5)     116.85302        0.00002        0.11021     116.96323
	             B(4,2,6)     116.85302        0.00002        0.11021     116.96323
	             B(7,3,8)     108.37684       -0.00003       -0.15948     108.21736
	             B(7,3,9)     107.08193       -0.00002       -0.10174     106.98020
	             B(8,3,9)     108.09961       -0.00000        0.04199     108.14161
	           B(10,4,11)     108.37684       -0.00003       -0.15948     108.21736
	           B(10,4,12)     107.08193       -0.00002       -0.10174     106.98020
	           B(11,4,12)     108.09961       -0.00000        0.04199     108.14161
	          D(1,2,4,10)     239.77313        0.00000       -0.57014     239.20299
	          D(1,2,4,11)       0.41129       -0.00001       -0.65824      -0.24696
	          D(1,2,4,12)     120.65474        0.00001       -0.47761     120.17712
	           D(2,1,3,7)     120.22687       -0.00000        0.57014     120.79701
	           D(2,1,3,8)      -0.41129        0.00001        0.65824       0.24696
	           D(2,1,3,9)    -120.65474       -0.00001        0.47761    -120.17712
	           D(3,1,2,4)     180.00000        0.00000        0.00000     180.00000
	           D(3,1,2,6)      -0.43958        0.00001        0.29877      -0.14082
	           D(4,2,1,5)       0.43958       -0.00001       -0.29877       0.14082
	           D(5,1,2,6)     180.00000        0.00000        0.00000     180.00000
	           D(5,1,3,7)     -60.20585        0.00001        0.86394     -59.34191
	           D(5,1,3,8)     179.15599        0.00002        0.95204     180.10803
	           D(5,1,3,9)      58.91254       -0.00000        0.77141      59.68395
	          D(6,2,4,10)      60.20585       -0.00001       -0.86394      59.34191
	          D(6,2,4,11)     180.84401       -0.00002       -0.95204     179.89197
	          D(6,2,4,12)     -58.91254        0.00000       -0.77141     -59.68395
	-------------------------------------------------------------------------------

	                                 ==> Convergence Check <==                                  
    
	Measures of convergence in internal coordinates in au.
    
	Criteria marked as inactive (o), active & met (*), and active & unmet ( ).

	----------------------------------------------------------------------------------------------
	   Step    Total Energy     Delta E     Max Force     RMS Force      Max Disp      RMS Disp   
	----------------------------------------------------------------------------------------------
	  Convergence Criteria     1.00e-06 *    3.00e-04 *             o    1.20e-03 *             o
	----------------------------------------------------------------------------------------------
	    10    -156.68473303   -1.11e-04      9.98e-04      2.90e-04 o    1.66e-02      6.81e-03 o  ~
	----------------------------------------------------------------------------------------------

Next Geometry in Ang 
	Fragment 1 (Ang)

	    C   0.5706901082  -0.3238365799  -0.1565467245
	    C  -0.5706901082   0.3238365799   0.1565467245
	    C   1.9195917437   0.3325225172  -0.2794836498
	    C  -1.9195917437  -0.3325225172   0.2794836498
	    H   0.5248467105  -1.4075019624  -0.3392625455
	    H  -0.5248467105   1.4075019624   0.3392625455
	    H   2.6435691301  -0.1088817387   0.4276685235
	    H   1.8540531662   1.4137575627  -0.0755020587
	    H   2.3360418148   0.1986129212  -1.2926146073
	    H  -2.6435691301   0.1088817387  -0.4276685235
	    H  -1.8540531662  -1.4137575627   0.0755020587
	    H  -2.3360418148  -0.1986129212   1.2926146073


    Structure for next step:
    Molecular point group: ci
    Full point group: Ci

    Geometry (in Angstrom), charge = 0, multiplicity = 1:

    C            0.570690108197    -0.323836579853    -0.156546724472
    C           -0.570690108197     0.323836579853     0.156546724472
    C            1.919591743706     0.332522517155    -0.279483649810
    C           -1.919591743706    -0.332522517155     0.279483649810
    H            0.524846710548    -1.407501962435    -0.339262545547
    H           -0.524846710548     1.407501962435     0.339262545547
    H            2.643569130126    -0.108881738725     0.427668523474
    H            1.854053166247     1.413757562694    -0.075502058673
    H            2.336041814773     0.198612921167    -1.292614607255
    H           -2.643569130126     0.108881738725    -0.427668523474
    H           -1.854053166247    -1.413757562694     0.075502058673
    H           -2.336041814773    -0.198612921167     1.292614607255


Scratch directory: /tmp/
gradient() will perform analytic gradient computation.
   => Libint2 <=

    Primary   basis highest AM E, G, H:  6, 6, 3
    Auxiliary basis highest AM E, G, H:  7, 7, 4
    Onebody   basis highest AM E, G, H:  -, -, -
    Solid Harmonics ordering:            Gaussian

*** tstart() called on flexpad
*** at Mon Aug  3 19:13:01 2026

   => Loading Basis Set <=

    Name: CC-PVDZ
    Role: ORBITAL
    Keyword: BASIS
    atoms 1-4  entry C          line   138 file /home/peter/miniconda3/envs/research/share/psi4/basis/cc-pvdz.gbs 
    atoms 5-12 entry H          line    22 file /home/peter/miniconda3/envs/research/share/psi4/basis/cc-pvdz.gbs 


         ---------------------------------------------------------
                                   SCF
               by Justin Turney, Rob Parrish, Andy Simmonett
                          and Daniel G. A. Smith
                              RHF Reference
                        7 Threads,   8583 MiB Core
         ---------------------------------------------------------

  ==> Geometry <==

    Molecular point group: ci
    Full point group: Ci

    Geometry (in Angstrom), charge = 0, multiplicity = 1:

       Center              X                  Y                   Z               Mass       
    ------------   -----------------  -----------------  -----------------  -----------------
         C            0.570690108197    -0.323836579853    -0.156546724472    12.000000000000
         C           -0.570690108197     0.323836579853     0.156546724472    12.000000000000
         C            1.919591743706     0.332522517155    -0.279483649810    12.000000000000
         C           -1.919591743706    -0.332522517155     0.279483649810    12.000000000000
         H            0.524846710548    -1.407501962435    -0.339262545547     1.007825032230
         H           -0.524846710548     1.407501962435     0.339262545547     1.007825032230
         H            2.643569130126    -0.108881738725     0.427668523474     1.007825032230
         H            1.854053166247     1.413757562694    -0.075502058673     1.007825032230
         H            2.336041814773     0.198612921167    -1.292614607255     1.007825032230
         H           -2.643569130126     0.108881738725    -0.427668523474     1.007825032230
         H           -1.854053166247    -1.413757562694     0.075502058673     1.007825032230
         H           -2.336041814773    -0.198612921167     1.292614607255     1.007825032230

  Running in ci symmetry.

  Rotational constants: A =      1.13521  B =      0.12315  C =      0.11595 [cm^-1]
  Rotational constants: A =  34032.60109  B =   3692.01472  C =   3476.07209 [MHz]
  Nuclear repulsion =  115.069097917476398

  Charge       = 0
  Multiplicity = 1
  Electrons    = 32
  Nalpha       = 16
  Nbeta        = 16

  ==> Algorithm <==

  SCF Algorithm Type is DF.
  DIIS enabled.
  MOM disabled.
  Fractional occupation disabled.
  Guess Type is READ.
  Energy threshold   = 1.00e-09
  Density threshold  = 1.00e-09
  Integral threshold = 1.00e-12

  ==> Primary Basis <==

  Basis Set: CC-PVDZ
    Blend: CC-PVDZ
    Number of shells: 48
    Number of basis functions: 96
    Number of Cartesian functions: 100
    Spherical Harmonics?: true
    Max angular momentum: 2

   => Loading Basis Set <=

    Name: (CC-PVDZ AUX)
    Role: JKFIT
    Keyword: DF_BASIS_SCF
    atoms 1-4  entry C          line   121 file /home/peter/miniconda3/envs/research/share/psi4/basis/cc-pvdz-jkfit.gbs 
    atoms 5-12 entry H          line    51 file /home/peter/miniconda3/envs/research/share/psi4/basis/cc-pvdz-jkfit.gbs 

   => Loading Basis Set <=

    Name: CC-PVDZ
    Role: ORBITAL
    Keyword: BASIS
    atoms 1-4  entry C          line   138 file /home/peter/miniconda3/envs/research/share/psi4/basis/cc-pvdz.gbs 
    atoms 5-12 entry H          line    22 file /home/peter/miniconda3/envs/research/share/psi4/basis/cc-pvdz.gbs 

  Reading orbitals from file /tmp/psi4.default.339749.180.npy, no projection.

  ==> Integral Setup <==

  DFHelper Memory: AOs need 0.035 GiB; user supplied 6.286 GiB. 
  Using in-core AOs.

  ==> MemDFJK: Density-Fitted J/K Matrices <==

    J tasked:                   Yes
    K tasked:                   Yes
    wK tasked:                   No
    OpenMP threads:               7
    Memory [MiB]:              6437
    Algorithm:                 Core
    Schwarz Cutoff:           1E-12
    Mask sparsity (%):       0.9766
    Fitting Condition:        1E-10

   => Auxiliary Basis Set <=

  Basis Set: (CC-PVDZ AUX)
    Blend: CC-PVDZ-JKFIT
    Number of shells: 168
    Number of basis functions: 464
    Number of Cartesian functions: 524
    Spherical Harmonics?: true
    Max angular momentum: 3

  Minimum eigenvalue in the overlap matrix is 3.3752820130E-03.
  Reciprocal condition number of the overlap matrix is 6.2360834053E-04.
    Using symmetric orthogonalization.

  ==> Pre-Iterations <==

  SCF Guess: Orbitals guess was supplied from a previous computation.

   -------------------------------------------------------
    Irrep   Nso     Nmo     Nalpha   Nbeta   Ndocc  Nsocc
   -------------------------------------------------------
     Ag        48      48       8       8       8       0
     Au        48      48       8       8       8       0
   -------------------------------------------------------
    Total      96      96      16      16      16       0
   -------------------------------------------------------

  ==> Iterations <==

                           Total Energy        Delta E     RMS |[F,P]|

   @DF-RHF iter   0:  -156.12152042051218   -1.56122e+02   1.14957e-04 
   @DF-RHF iter   1:  -156.12213717914560   -6.16759e-04   2.57947e-05 DIIS
   @DF-RHF iter   2:  -156.12214095303239   -3.77389e-06   9.92758e-06 DIIS
   @DF-RHF iter   3:  -156.12214178133797   -8.28306e-07   2.26804e-06 DIIS
   @DF-RHF iter   4:  -156.12214182763739   -4.62994e-08   7.91882e-07 DIIS
   @DF-RHF iter   5:  -156.12214183251285   -4.87546e-09   2.50973e-07 DIIS
   @DF-RHF iter   6:  -156.12214183294668   -4.33829e-10   6.15510e-08 DIIS
   @DF-RHF iter   7:  -156.12214183297877   -3.20881e-11   1.28095e-08 DIIS
   @DF-RHF iter   8:  -156.12214183298050   -1.73372e-12   3.22685e-09 DIIS
   @DF-RHF iter   9:  -156.12214183298050    0.00000e+00   6.30754e-10 DIIS
  Energy and wave function converged.


  ==> Post-Iterations <==

    Orbital Energies [Eh]
    ---------------------

    Doubly Occupied:                                                      

       1Ag   -11.231618     1Au   -11.230119     2Ag   -11.228414  
       2Au   -11.228378     3Ag    -1.071185     3Au    -0.979327  
       4Ag    -0.872601     4Au    -0.738864     5Au    -0.601008  
       5Ag    -0.599169     6Au    -0.565849     6Ag    -0.549423  
       7Au    -0.517278     7Ag    -0.503416     8Ag    -0.478800  
       8Au    -0.337513  

    Virtual:                                                              

       9Ag     0.183099    10Ag     0.198501     9Au     0.202722  
      10Au     0.213047    11Ag     0.264802    12Ag     0.266221  
      11Au     0.271789    13Ag     0.287663    12Au     0.293258  
      13Au     0.399315    14Ag     0.420745    14Au     0.538586  
      15Ag     0.583297    15Au     0.608643    16Ag     0.611725  
      16Au     0.651335    17Ag     0.712623    17Au     0.757564  
      18Au     0.774037    18Ag     0.779238    19Au     0.784700  
      19Ag     0.829169    20Ag     0.867688    20Au     0.868939  
      21Au     0.873295    21Ag     0.895386    22Au     0.895539  
      22Ag     0.918858    23Au     0.923065    23Ag     0.937378  
      24Au     0.996072    24Ag     1.014808    25Ag     1.127031  
      25Au     1.142357    26Au     1.293552    27Au     1.297247  
      26Ag     1.304176    27Ag     1.339761    28Au     1.424238  
      28Ag     1.444744    29Ag     1.515820    29Au     1.592435  
      30Au     1.670492    31Au     1.683304    30Ag     1.683953  
      31Ag     1.707608    32Au     1.805036    32Ag     1.844222  
      33Ag     1.868592    34Ag     1.884673    33Au     1.908509  
      34Au     1.922226    35Ag     1.930971    35Au     1.952207  
      36Au     1.993316    36Ag     1.995696    37Au     2.008380  
      38Au     2.048342    37Ag     2.078223    38Ag     2.115180  
      39Ag     2.162210    40Ag     2.280630    39Au     2.316633  
      41Ag     2.352456    40Au     2.356783    41Au     2.388823  
      42Au     2.465711    43Au     2.513341    42Ag     2.516545  
      43Ag     2.581858    44Au     2.584172    44Ag     2.632739  
      45Ag     2.739689    45Au     2.742827    46Ag     2.807011  
      46Au     2.851902    47Ag     2.897782    47Au     2.904798  
      48Au     3.096037    48Ag     3.246986  

    Final Occupation by Irrep:
             Ag    Au 
    DOCC [     8,    8 ]
    NA   [     8,    8 ]
    NB   [     8,    8 ]

  @DF-RHF Final Energy:  -156.12214183298050

   => Energetics <=

    Nuclear Repulsion Energy =            115.0690979174763982
    One-Electron Energy =                -436.9165538997447129
    Two-Electron Energy =                 165.7253141492878399
    Total Energy =                       -156.1221418329805033

Computation Completed


Properties will be evaluated at   0.000000,   0.000000,   0.000000 [a0]

Properties computed using the SCF density matrix


 Multipole Moments:

 ------------------------------------------------------------------------------------
     Multipole            Electronic (a.u.)      Nuclear  (a.u.)        Total (a.u.)
 ------------------------------------------------------------------------------------

 L = 1.  Multiply by 2.5417464519 to convert [e a0] to [Debye]
 Dipole X            :          0.0000000           -0.0000000           -0.0000000
 Dipole Y            :          0.0000000            0.0000000            0.0000000
 Dipole Z            :          0.0000000            0.0000000            0.0000000
 Magnitude           :                                                    0.0000000

 ------------------------------------------------------------------------------------

*** tstop() called on flexpad at Mon Aug  3 19:13:02 2026
Module time:
	user time   =       3.59 seconds =       0.06 minutes
	system time =       0.09 seconds =       0.00 minutes
	total time  =          1 seconds =       0.02 minutes
Total time:
	user time   =     491.31 seconds =       8.19 minutes
	system time =      17.42 seconds =       0.29 minutes
	total time  =         83 seconds =       1.38 minutes

*** tstart() called on flexpad
*** at Mon Aug  3 19:13:02 2026


  //>>>>>>>>>>>>>>>>>>>>>>>>>>>>>>>>>>>//
  //               DFMP2               //
  //<<<<<<<<<<<<<<<<<<<<<<<<<<<<<<<<<<<//

   => Loading Basis Set <=

    Name: (CC-PVDZ AUX)
    Role: RIFIT
    Keyword: DF_BASIS_MP2
    atoms 1-4  entry C          line   159 file /home/peter/miniconda3/envs/research/share/psi4/basis/cc-pvdz-ri.gbs 
    atoms 5-12 entry H          line    19 file /home/peter/miniconda3/envs/research/share/psi4/basis/cc-pvdz-ri.gbs 

	 --------------------------------------------------------
	                          DF-MP2                         
	      2nd-Order Density-Fitted Moller-Plesset Theory     
	              RMP2 Wavefunction,   7 Threads             
	                                                         
	        Rob Parrish, Justin Turney, Andy Simmonett,      
	           Ed Hohenstein, and C. David Sherrill          
	 --------------------------------------------------------

   => Auxiliary Basis Set <=

  Basis Set: (CC-PVDZ AUX)
    Blend: CC-PVDZ-RI
    Number of shells: 120
    Number of basis functions: 336
    Number of Cartesian functions: 384
    Spherical Harmonics?: true
    Max angular momentum: 3

	 --------------------------------------------------------
	                 NBF =    96, NAUX =   336
	 --------------------------------------------------------
	   CLASS    FOCC     OCC    AOCC    AVIR     VIR    FVIR
	   PAIRS       4      16      12      80      80       0
	 --------------------------------------------------------

  DFHelper Memory: AOs need 0.035 GiB; user supplied 6.286 GiB. 
  Using in-core AOs.


         ------------------------------------------------------------
                                     CPHF                           
                                  Rob Parrish                       
         ------------------------------------------------------------

  ==> Geometry <==

    Molecular point group: ci
    Full point group: Ci

    Geometry (in Angstrom), charge = 0, multiplicity = 1:

       Center              X                  Y                   Z               Mass       
    ------------   -----------------  -----------------  -----------------  -----------------
         C            0.570690108197    -0.323836579853    -0.156546724472    12.000000000000
         C           -0.570690108197     0.323836579853     0.156546724472    12.000000000000
         C            1.919591743706     0.332522517155    -0.279483649810    12.000000000000
         C           -1.919591743706    -0.332522517155     0.279483649810    12.000000000000
         H            0.524846710548    -1.407501962435    -0.339262545547     1.007825032230
         H           -0.524846710548     1.407501962435     0.339262545547     1.007825032230
         H            2.643569130126    -0.108881738725     0.427668523474     1.007825032230
         H            1.854053166247     1.413757562694    -0.075502058673     1.007825032230
         H            2.336041814773     0.198612921167    -1.292614607255     1.007825032230
         H           -2.643569130126     0.108881738725    -0.427668523474     1.007825032230
         H           -1.854053166247    -1.413757562694     0.075502058673     1.007825032230
         H           -2.336041814773    -0.198612921167     1.292614607255     1.007825032230

  Nuclear repulsion =  115.069097917476398
  Reference energy  = -156.122141832980503

  ==> Basis Set <==

  Basis Set: CC-PVDZ
    Blend: CC-PVDZ
    Number of shells: 48
    Number of basis functions: 96
    Number of Cartesian functions: 100
    Spherical Harmonics?: true
    Max angular momentum: 2

  ==> CGRSolver (by Rob Parrish) <==

   Number of roots    =         1
   Preconditioning    =    JACOBI
   Convergence cutoff =     1E-06
   Maximum iterations =       100

  ==> CPHFRHamiltonian (by Rob Parrish) <== 

  ==> MemDFJK: Density-Fitted J/K Matrices <==

    J tasked:                   Yes
    K tasked:                   Yes
    wK tasked:                   No
    OpenMP threads:               7
    Memory [MiB]:              6437
    Algorithm:                 Core
    Schwarz Cutoff:           1E-12
    Mask sparsity (%):       0.9766
    Fitting Condition:        1E-10

   => Auxiliary Basis Set <=

  Basis Set: (CC-PVDZ AUX)
    Blend: CC-PVDZ-JKFIT
    Number of shells: 168
    Number of basis functions: 464
    Number of Cartesian functions: 524
    Spherical Harmonics?: true
    Max angular momentum: 3

  ==> CPHF Iterations <==

  => Iterations <=

             Iter  Converged  Remaining    Residual
  CGR           1          0          1   7.579E-02
  CGR           2          0          1   1.186E-02
  CGR           3          0          1   2.200E-03
  CGR           4          0          1   6.214E-04
  CGR           5          0          1   1.186E-04
  CGR           6          0          1   2.649E-05
  CGR           7          0          1   3.976E-06
  CGR           8          1          0   5.648E-07

    CGRSolver converged.

  ==> DFCorrGrad: Density-Fitted Correlated Gradients <==

    OpenMP threads:              7
    Integrals threads:           7
    Memory [GiB]:            6.286
    Schwarz Cutoff:          0E+00
    Fitting Condition:       1E-10

   => Auxiliary Basis Set <=

  Basis Set: (CC-PVDZ AUX)
    Blend: CC-PVDZ-JKFIT
    Number of shells: 168
    Number of basis functions: 464
    Number of Cartesian functions: 524
    Spherical Harmonics?: true
    Max angular momentum: 3

	-----------------------------------------------------------
	 ==================> DF-MP2 Energies <==================== 
	-----------------------------------------------------------
	 Reference Energy          =    -156.1221418329805033 [Eh]
	 Singles Energy            =      -0.0000000000000000 [Eh]
	 Same-Spin Energy          =      -0.1281598792870918 [Eh]
	 Opposite-Spin Energy      =      -0.4344434686043177 [Eh]
	 Correlation Energy        =      -0.5626033478914095 [Eh]
	 Total Energy              =    -156.6847451808719143 [Eh]
	-----------------------------------------------------------
	 ================> DF-SCS-MP2 Energies <================== 
	-----------------------------------------------------------
	 SCS Same-Spin Scale       =       0.3333333333333333 [-]
	 SCS Opposite-Spin Scale   =       1.2000000000000000 [-]
	 SCS Same-Spin Energy      =      -0.0427199597623639 [Eh]
	 SCS Opposite-Spin Energy  =      -0.5213321623251812 [Eh]
	 SCS Correlation Energy    =      -0.5640521220875452 [Eh]
	 SCS Total Energy          =    -156.6861939550680347 [Eh]
	-----------------------------------------------------------


  -Total Gradient:
     Atom            X                  Y                   Z
    ------   -----------------  -----------------  -----------------
       1       -0.000348197289    -0.000158858688     0.000171207947
       2        0.000348197289     0.000158858688    -0.000171207947
       3        0.000697423658     0.000023440775    -0.000347589809
       4       -0.000697423658    -0.000023440775     0.000347589809
       5        0.000001892558     0.000005556097    -0.000030389230
       6       -0.000001892558    -0.000005556097     0.000030389230
       7       -0.000086904103    -0.000002681769    -0.000029671310
       8       -0.000056807032     0.000002504470    -0.000060975653
       9       -0.000271091255     0.000112375657     0.000408150242
      10        0.000086904103     0.000002681769     0.000029671310
      11        0.000056807032    -0.000002504470     0.000060975653
      12        0.000271091255    -0.000112375657    -0.000408150242


*** tstop() called on flexpad at Mon Aug  3 19:13:03 2026
Module time:
	user time   =       9.85 seconds =       0.16 minutes
	system time =       0.27 seconds =       0.00 minutes
	total time  =          1 seconds =       0.02 minutes
Total time:
	user time   =     501.16 seconds =       8.35 minutes
	system time =      17.69 seconds =       0.29 minutes
	total time  =         84 seconds =       1.40 minutes

    			-----------------------------------------

    			 OPTKING 3.0: for geometry optimizations 

    			     By R.A. King, Bethel University     

    			        with contributions from          

    			    A.V. Copan, J. Cayton, A. Heide      

    			-----------------------------------------

    
	                            ===> Fragment 1 <== 

	 Z (Atomic Numbers)          Masses                          Geom                  
	       6.000000            12.000000          1.07844801 -0.61196245 -0.29583044   
	       6.000000            12.000000         -1.07844801  0.61196245  0.29583044   
	       6.000000            12.000000          3.62750267  0.62837649 -0.52814755   
	       6.000000            12.000000         -3.62750267 -0.62837649  0.52814755   
	       1.000000             1.007825          0.99181654 -2.65979323 -0.64111330   
	       1.000000             1.007825         -0.99181654  2.65979323  0.64111330   
	       1.000000             1.007825          4.99562165 -0.20575667  0.80817638   
	       1.000000             1.007825          3.50365271  2.67161460 -0.14267821   
	       1.000000             1.007825          4.41447925  0.37532403 -2.44268759   
	       1.000000             1.007825         -4.99562165  0.20575667 -0.80817638   
	       1.000000             1.007825         -3.50365271 -2.67161460  0.14267821   
	       1.000000             1.007825         -4.41447925 -0.37532403  2.44268759   

	 - Coordinate -           - BOHR/RAD -       - ANG/DEG -
	 R(1,2)           =         2.549560           1.349169
	 R(1,3)           =         2.844309           1.505143
	 R(1,5)           =         2.078542           1.099917
	 R(2,4)           =         2.844309           1.505143
	 R(2,6)           =         2.078542           1.099917
	 R(3,7)           =         2.086454           1.104104
	 R(3,8)           =         2.082966           1.102258
	 R(3,9)           =         2.085385           1.103538
	 R(4,10)          =         2.086454           1.104104
	 R(4,11)          =         2.082966           1.102258
	 R(4,12)          =         2.085385           1.103538
	 B(1,2,4)         =         2.174607         124.595823
	 B(1,2,6)         =         2.067182         118.440805
	 B(1,3,7)         =         1.940135         111.161520
	 B(1,3,8)         =         1.938377         111.060821
	 B(1,3,9)         =         1.939358         111.117006
	 B(2,1,3)         =         2.174607         124.595823
	 B(2,1,5)         =         2.067182         118.440805
	 B(2,4,10)        =         1.940135         111.161520
	 B(2,4,11)        =         1.938377         111.060821
	 B(2,4,12)        =         1.939358         111.117006
	 B(3,1,5)         =         2.041393         116.963232
	 B(4,2,6)         =         2.041393         116.963232
	 B(7,3,8)         =         1.888749         108.217360
	 B(7,3,9)         =         1.867157         106.980198
	 B(8,3,9)         =         1.887427         108.141607
	 B(10,4,11)       =         1.888749         108.217360
	 B(10,4,12)       =         1.867157         106.980198
	 B(11,4,12)       =         1.887427         108.141607
	 D(1,2,4,10)      =         4.174880         239.202985
	 D(1,2,4,11)      =        -0.004310          -0.246956
	 D(1,2,4,12)      =         2.097486         120.177123
	 D(2,1,3,7)       =         2.108306         120.797015
	 D(2,1,3,8)       =         0.004310           0.246956
	 D(2,1,3,9)       =        -2.097486        -120.177123
	 D(3,1,2,4)       =         3.141593         180.000000
	 D(3,1,2,6)       =        -0.002458          -0.140816
	 D(4,2,1,5)       =         0.002458           0.140816
	 D(5,1,2,6)       =         3.141593         180.000000
	 D(5,1,3,7)       =        -1.035712         -59.341907
	 D(5,1,3,8)       =         3.143478         180.108034
	 D(5,1,3,9)       =         1.041682          59.683954
	 D(6,2,4,10)      =         1.035712          59.341907
	 D(6,2,4,11)      =         3.139707         179.891966
	 D(6,2,4,12)      =        -1.041682         -59.683954


	        --- Internal Coordinate Step in ANG or DEG, aJ/ANG or AJ/DEG ---
	-------------------------------------------------------------------------------
	           Coordinate      Previous         Force          Change          New 
	           ----------      --------        ------          ------        ------
	               R(1,2)       1.34917        0.00059        0.00014       1.34930
	               R(1,3)       1.50514       -0.00259       -0.00058       1.50456
	               R(1,5)       1.09992        0.00000        0.00002       1.09993
	               R(2,4)       1.50514       -0.00259       -0.00058       1.50456
	               R(2,6)       1.09992        0.00000        0.00002       1.09993
	               R(3,7)       1.10410        0.00062        0.00018       1.10429
	               R(3,8)       1.10226        0.00004       -0.00002       1.10224
	               R(3,9)       1.10354        0.00404        0.00058       1.10412
	              R(4,10)       1.10410        0.00062        0.00018       1.10429
	              R(4,11)       1.10226        0.00004       -0.00002       1.10224
	              R(4,12)       1.10354        0.00404        0.00058       1.10412
	             B(1,2,4)     124.59582        0.00000        0.01755     124.61337
	             B(1,2,6)     118.44081       -0.00000       -0.02710     118.41371
	             B(1,3,7)     111.16152        0.00000       -0.00435     111.15717
	             B(1,3,8)     111.06082        0.00000        0.03835     111.09917
	             B(1,3,9)     111.11701        0.00001        0.03851     111.15552
	             B(2,1,3)     124.59582        0.00000        0.01755     124.61337
	             B(2,1,5)     118.44081       -0.00000       -0.02710     118.41371
	            B(2,4,10)     111.16152        0.00000       -0.00435     111.15717
	            B(2,4,11)     111.06082        0.00000        0.03835     111.09917
	            B(2,4,12)     111.11701        0.00001        0.03851     111.15552
	             B(3,1,5)     116.96323       -0.00000        0.00969     116.97292
	             B(4,2,6)     116.96323       -0.00000        0.00969     116.97292
	             B(7,3,8)     108.21736       -0.00001       -0.04601     108.17135
	             B(7,3,9)     106.98020       -0.00001       -0.07091     106.90929
	             B(8,3,9)     108.14161        0.00000        0.03957     108.18118
	           B(10,4,11)     108.21736       -0.00001       -0.04601     108.17135
	           B(10,4,12)     106.98020       -0.00001       -0.07091     106.90929
	           B(11,4,12)     108.14161        0.00000        0.03957     108.18118
	          D(1,2,4,10)     239.20299        0.00000        0.34683     239.54981
	          D(1,2,4,11)      -0.24696       -0.00000        0.31153       0.06457
	          D(1,2,4,12)     120.17712        0.00001        0.41355     120.59067
	           D(2,1,3,7)     120.79701       -0.00000       -0.34683     120.45019
	           D(2,1,3,8)       0.24696        0.00000       -0.31153      -0.06457
	           D(2,1,3,9)    -120.17712       -0.00001       -0.41355    -120.59067
	           D(3,1,2,4)     180.00000        0.00000        0.00000     180.00000
	           D(3,1,2,6)      -0.14082        0.00000        0.16793       0.02711
	           D(4,2,1,5)       0.14082       -0.00000       -0.16793      -0.02711
	           D(5,1,2,6)     180.00000        0.00000        0.00000     180.00000
	           D(5,1,3,7)     -59.34191        0.00000       -0.18115     -59.52306
	           D(5,1,3,8)     180.10803        0.00000       -0.14585     179.96218
	           D(5,1,3,9)      59.68395       -0.00000       -0.24787      59.43609
	          D(6,2,4,10)      59.34191       -0.00000        0.18115      59.52306
	          D(6,2,4,11)     179.89197       -0.00000        0.14585     180.03782
	          D(6,2,4,12)     -59.68395        0.00000        0.24787     -59.43609
	-------------------------------------------------------------------------------

	                                 ==> Convergence Check <==                                  
    
	Measures of convergence in internal coordinates in au.
    
	Criteria marked as inactive (o), active & met (*), and active & unmet ( ).

	----------------------------------------------------------------------------------------------
	   Step    Total Energy     Delta E     Max Force     RMS Force      Max Disp      RMS Disp   
	----------------------------------------------------------------------------------------------
	  Convergence Criteria     1.00e-06 *    3.00e-04 *             o    1.20e-03 *             o
	----------------------------------------------------------------------------------------------
	    11    -156.68474518   -1.22e-05      4.91e-04      1.30e-04 o    7.22e-03      2.74e-03 o  ~
	----------------------------------------------------------------------------------------------

Next Geometry in Ang 
	Fragment 1 (Ang)

	    C   0.5705599610  -0.3232877013  -0.1584359220
	    C  -0.5705599610   0.3232877013   0.1584359220
	    C   1.9190688565   0.3327768514  -0.2801287076
	    C  -1.9190688565  -0.3327768514   0.2801287076
	    H   0.5244024287  -1.4067055882  -0.3426357347
	    H  -0.5244024287   1.4067055882   0.3426357347
	    H   2.6420241337  -0.1076558116   0.4289563305
	    H   1.8539331054   1.4142407791  -0.0773190393
	    H   2.3384945562   0.1967392705  -1.2923807648
	    H  -2.6420241337   0.1076558116  -0.4289563305
	    H  -1.8539331054  -1.4142407791   0.0773190393
	    H  -2.3384945562  -0.1967392705   1.2923807648


    Structure for next step:
    Molecular point group: ci
    Full point group: Ci

    Geometry (in Angstrom), charge = 0, multiplicity = 1:

    C            0.570559961007    -0.323287701328    -0.158435921999
    C           -0.570559961007     0.323287701328     0.158435921999
    C            1.919068856528     0.332776851391    -0.280128707604
    C           -1.919068856528    -0.332776851391     0.280128707604
    H            0.524402428747    -1.406705588245    -0.342635734713
    H           -0.524402428747     1.406705588245     0.342635734713
    H            2.642024133700    -0.107655811587     0.428956330461
    H            1.853933105375     1.414240779061    -0.077319039350
    H            2.338494556175     0.196739270501    -1.292380764822
    H           -2.642024133700     0.107655811587    -0.428956330461
    H           -1.853933105375    -1.414240779061     0.077319039350
    H           -2.338494556175    -0.196739270501     1.292380764822


Scratch directory: /tmp/
gradient() will perform analytic gradient computation.
   => Libint2 <=

    Primary   basis highest AM E, G, H:  6, 6, 3
    Auxiliary basis highest AM E, G, H:  7, 7, 4
    Onebody   basis highest AM E, G, H:  -, -, -
    Solid Harmonics ordering:            Gaussian

*** tstart() called on flexpad
*** at Mon Aug  3 19:13:04 2026

   => Loading Basis Set <=

    Name: CC-PVDZ
    Role: ORBITAL
    Keyword: BASIS
    atoms 1-4  entry C          line   138 file /home/peter/miniconda3/envs/research/share/psi4/basis/cc-pvdz.gbs 
    atoms 5-12 entry H          line    22 file /home/peter/miniconda3/envs/research/share/psi4/basis/cc-pvdz.gbs 


         ---------------------------------------------------------
                                   SCF
               by Justin Turney, Rob Parrish, Andy Simmonett
                          and Daniel G. A. Smith
                              RHF Reference
                        7 Threads,   8583 MiB Core
         ---------------------------------------------------------

  ==> Geometry <==

    Molecular point group: ci
    Full point group: Ci

    Geometry (in Angstrom), charge = 0, multiplicity = 1:

       Center              X                  Y                   Z               Mass       
    ------------   -----------------  -----------------  -----------------  -----------------
         C            0.570559961007    -0.323287701328    -0.158435921999    12.000000000000
         C           -0.570559961007     0.323287701328     0.158435921999    12.000000000000
         C            1.919068856528     0.332776851391    -0.280128707604    12.000000000000
         C           -1.919068856528    -0.332776851391     0.280128707604    12.000000000000
         H            0.524402428747    -1.406705588245    -0.342635734713     1.007825032230
         H           -0.524402428747     1.406705588245     0.342635734713     1.007825032230
         H            2.642024133700    -0.107655811587     0.428956330461     1.007825032230
         H            1.853933105375     1.414240779061    -0.077319039350     1.007825032230
         H            2.338494556175     0.196739270501    -1.292380764822     1.007825032230
         H           -2.642024133700     0.107655811587    -0.428956330461     1.007825032230
         H           -1.853933105375    -1.414240779061     0.077319039350     1.007825032230
         H           -2.338494556175    -0.196739270501     1.292380764822     1.007825032230

  Running in ci symmetry.

  Rotational constants: A =      1.13548  B =      0.12317  C =      0.11597 [cm^-1]
  Rotational constants: A =  34040.82205  B =   3692.63910  C =   3476.67788 [MHz]
  Nuclear repulsion =  115.075525197950697

  Charge       = 0
  Multiplicity = 1
  Electrons    = 32
  Nalpha       = 16
  Nbeta        = 16

  ==> Algorithm <==

  SCF Algorithm Type is DF.
  DIIS enabled.
  MOM disabled.
  Fractional occupation disabled.
  Guess Type is READ.
  Energy threshold   = 1.00e-09
  Density threshold  = 1.00e-09
  Integral threshold = 1.00e-12

  ==> Primary Basis <==

  Basis Set: CC-PVDZ
    Blend: CC-PVDZ
    Number of shells: 48
    Number of basis functions: 96
    Number of Cartesian functions: 100
    Spherical Harmonics?: true
    Max angular momentum: 2

   => Loading Basis Set <=

    Name: (CC-PVDZ AUX)
    Role: JKFIT
    Keyword: DF_BASIS_SCF
    atoms 1-4  entry C          line   121 file /home/peter/miniconda3/envs/research/share/psi4/basis/cc-pvdz-jkfit.gbs 
    atoms 5-12 entry H          line    51 file /home/peter/miniconda3/envs/research/share/psi4/basis/cc-pvdz-jkfit.gbs 

   => Loading Basis Set <=

    Name: CC-PVDZ
    Role: ORBITAL
    Keyword: BASIS
    atoms 1-4  entry C          line   138 file /home/peter/miniconda3/envs/research/share/psi4/basis/cc-pvdz.gbs 
    atoms 5-12 entry H          line    22 file /home/peter/miniconda3/envs/research/share/psi4/basis/cc-pvdz.gbs 

  Reading orbitals from file /tmp/psi4.default.339749.180.npy, no projection.

  ==> Integral Setup <==

  DFHelper Memory: AOs need 0.035 GiB; user supplied 6.286 GiB. 
  Using in-core AOs.

  ==> MemDFJK: Density-Fitted J/K Matrices <==

    J tasked:                   Yes
    K tasked:                   Yes
    wK tasked:                   No
    OpenMP threads:               7
    Memory [MiB]:              6437
    Algorithm:                 Core
    Schwarz Cutoff:           1E-12
    Mask sparsity (%):       0.9766
    Fitting Condition:        1E-10

   => Auxiliary Basis Set <=

  Basis Set: (CC-PVDZ AUX)
    Blend: CC-PVDZ-JKFIT
    Number of shells: 168
    Number of basis functions: 464
    Number of Cartesian functions: 524
    Spherical Harmonics?: true
    Max angular momentum: 3

  Minimum eigenvalue in the overlap matrix is 3.3734211343E-03.
  Reciprocal condition number of the overlap matrix is 6.2327766624E-04.
    Using symmetric orthogonalization.

  ==> Pre-Iterations <==

  SCF Guess: Orbitals guess was supplied from a previous computation.

   -------------------------------------------------------
    Irrep   Nso     Nmo     Nalpha   Nbeta   Ndocc  Nsocc
   -------------------------------------------------------
     Ag        48      48       8       8       8       0
     Au        48      48       8       8       8       0
   -------------------------------------------------------
    Total      96      96      16      16      16       0
   -------------------------------------------------------

  ==> Iterations <==

                           Total Energy        Delta E     RMS |[F,P]|

   @DF-RHF iter   0:  -156.12194233398054   -1.56122e+02   7.96197e-05 
   @DF-RHF iter   1:  -156.12212047996897   -1.78146e-04   1.18325e-05 DIIS
   @DF-RHF iter   2:  -156.12212123301146   -7.53042e-07   4.31098e-06 DIIS
   @DF-RHF iter   3:  -156.12212137577916   -1.42768e-07   9.22756e-07 DIIS
   @DF-RHF iter   4:  -156.12212138307459   -7.29543e-09   3.61988e-07 DIIS
   @DF-RHF iter   5:  -156.12212138413733   -1.06274e-09   1.11017e-07 DIIS
   @DF-RHF iter   6:  -156.12212138422925   -9.19158e-11   2.46085e-08 DIIS
   @DF-RHF iter   7:  -156.12212138423442   -5.17275e-12   5.51285e-09 DIIS
   @DF-RHF iter   8:  -156.12212138423473   -3.12639e-13   1.88572e-09 DIIS
   @DF-RHF iter   9:  -156.12212138423479   -5.68434e-14   4.73188e-10 DIIS
  Energy and wave function converged.


  ==> Post-Iterations <==

    Orbital Energies [Eh]
    ---------------------

    Doubly Occupied:                                                      

       1Ag   -11.231618     1Au   -11.230122     2Ag   -11.228470  
       2Au   -11.228432     3Ag    -1.071266     3Au    -0.979409  
       4Ag    -0.872534     4Au    -0.738881     5Au    -0.601160  
       5Ag    -0.599230     6Au    -0.565687     6Ag    -0.549210  
       7Au    -0.517323     7Ag    -0.503427     8Ag    -0.478955  
       8Au    -0.337423  

    Virtual:                                                              

       9Ag     0.183012    10Ag     0.198475     9Au     0.202695  
      10Au     0.213016    11Ag     0.264823    12Ag     0.266206  
      11Au     0.271770    13Ag     0.287595    12Au     0.293260  
      13Au     0.399523    14Ag     0.420873    14Au     0.538560  
      15Ag     0.583271    15Au     0.608638    16Ag     0.611691  
      16Au     0.651240    17Ag     0.712674    17Au     0.757645  
      18Au     0.774185    18Ag     0.779543    19Au     0.784594  
      19Ag     0.829087    20Ag     0.867589    20Au     0.868941  
      21Au     0.873122    21Ag     0.895199    22Au     0.895593  
      22Ag     0.919001    23Au     0.922904    23Ag     0.937300  
      24Au     0.996081    24Ag     1.014825    25Ag     1.127114  
      25Au     1.142383    26Au     1.293601    27Au     1.297148  
      26Ag     1.304223    27Ag     1.339846    28Au     1.424182  
      28Ag     1.444708    29Ag     1.515731    29Au     1.592453  
      30Au     1.670394    31Au     1.683265    30Ag     1.683925  
      31Ag     1.707617    32Au     1.805140    32Ag     1.844320  
      33Ag     1.868459    34Ag     1.884618    33Au     1.908513  
      34Au     1.922011    35Ag     1.931009    35Au     1.952075  
      36Au     1.993237    36Ag     1.995600    37Au     2.008439  
      38Au     2.048394    37Ag     2.078345    38Ag     2.114839  
      39Ag     2.161871    40Ag     2.281231    39Au     2.317066  
      41Ag     2.352315    40Au     2.356518    41Au     2.388986  
      42Au     2.465638    43Au     2.512995    42Ag     2.516430  
      43Ag     2.581729    44Au     2.583823    44Ag     2.632728  
      45Ag     2.739084    45Au     2.742113    46Ag     2.806533  
      46Au     2.851590    47Ag     2.898146    47Au     2.904694  
      48Au     3.096666    48Ag     3.247310  

    Final Occupation by Irrep:
             Ag    Au 
    DOCC [     8,    8 ]
    NA   [     8,    8 ]
    NB   [     8,    8 ]

  @DF-RHF Final Energy:  -156.12212138423479

   => Energetics <=

    Nuclear Repulsion Energy =            115.0755251979506966
    One-Electron Energy =                -436.9289992208020976
    Two-Electron Energy =                 165.7313526386166131
    Total Energy =                       -156.1221213842347879

Computation Completed


Properties will be evaluated at   0.000000,   0.000000,   0.000000 [a0]

Properties computed using the SCF density matrix


 Multipole Moments:

 ------------------------------------------------------------------------------------
     Multipole            Electronic (a.u.)      Nuclear  (a.u.)        Total (a.u.)
 ------------------------------------------------------------------------------------

 L = 1.  Multiply by 2.5417464519 to convert [e a0] to [Debye]
 Dipole X            :          0.0000000            0.0000000            0.0000000
 Dipole Y            :          0.0000000            0.0000000            0.0000000
 Dipole Z            :          0.0000000            0.0000000            0.0000000
 Magnitude           :                                                    0.0000000

 ------------------------------------------------------------------------------------

*** tstop() called on flexpad at Mon Aug  3 19:13:04 2026
Module time:
	user time   =       3.64 seconds =       0.06 minutes
	system time =       0.08 seconds =       0.00 minutes
	total time  =          0 seconds =       0.00 minutes
Total time:
	user time   =     506.17 seconds =       8.44 minutes
	system time =      17.80 seconds =       0.30 minutes
	total time  =         85 seconds =       1.42 minutes

*** tstart() called on flexpad
*** at Mon Aug  3 19:13:04 2026


  //>>>>>>>>>>>>>>>>>>>>>>>>>>>>>>>>>>>//
  //               DFMP2               //
  //<<<<<<<<<<<<<<<<<<<<<<<<<<<<<<<<<<<//

   => Loading Basis Set <=

    Name: (CC-PVDZ AUX)
    Role: RIFIT
    Keyword: DF_BASIS_MP2
    atoms 1-4  entry C          line   159 file /home/peter/miniconda3/envs/research/share/psi4/basis/cc-pvdz-ri.gbs 
    atoms 5-12 entry H          line    19 file /home/peter/miniconda3/envs/research/share/psi4/basis/cc-pvdz-ri.gbs 

	 --------------------------------------------------------
	                          DF-MP2                         
	      2nd-Order Density-Fitted Moller-Plesset Theory     
	              RMP2 Wavefunction,   7 Threads             
	                                                         
	        Rob Parrish, Justin Turney, Andy Simmonett,      
	           Ed Hohenstein, and C. David Sherrill          
	 --------------------------------------------------------

   => Auxiliary Basis Set <=

  Basis Set: (CC-PVDZ AUX)
    Blend: CC-PVDZ-RI
    Number of shells: 120
    Number of basis functions: 336
    Number of Cartesian functions: 384
    Spherical Harmonics?: true
    Max angular momentum: 3

	 --------------------------------------------------------
	                 NBF =    96, NAUX =   336
	 --------------------------------------------------------
	   CLASS    FOCC     OCC    AOCC    AVIR     VIR    FVIR
	   PAIRS       4      16      12      80      80       0
	 --------------------------------------------------------

  DFHelper Memory: AOs need 0.035 GiB; user supplied 6.286 GiB. 
  Using in-core AOs.


         ------------------------------------------------------------
                                     CPHF                           
                                  Rob Parrish                       
         ------------------------------------------------------------

  ==> Geometry <==

    Molecular point group: ci
    Full point group: Ci

    Geometry (in Angstrom), charge = 0, multiplicity = 1:

       Center              X                  Y                   Z               Mass       
    ------------   -----------------  -----------------  -----------------  -----------------
         C            0.570559961007    -0.323287701328    -0.158435921999    12.000000000000
         C           -0.570559961007     0.323287701328     0.158435921999    12.000000000000
         C            1.919068856528     0.332776851391    -0.280128707604    12.000000000000
         C           -1.919068856528    -0.332776851391     0.280128707604    12.000000000000
         H            0.524402428747    -1.406705588245    -0.342635734713     1.007825032230
         H           -0.524402428747     1.406705588245     0.342635734713     1.007825032230
         H            2.642024133700    -0.107655811587     0.428956330461     1.007825032230
         H            1.853933105375     1.414240779061    -0.077319039350     1.007825032230
         H            2.338494556175     0.196739270501    -1.292380764822     1.007825032230
         H           -2.642024133700     0.107655811587    -0.428956330461     1.007825032230
         H           -1.853933105375    -1.414240779061     0.077319039350     1.007825032230
         H           -2.338494556175    -0.196739270501     1.292380764822     1.007825032230

  Nuclear repulsion =  115.075525197950697
  Reference energy  = -156.122121384234788

  ==> Basis Set <==

  Basis Set: CC-PVDZ
    Blend: CC-PVDZ
    Number of shells: 48
    Number of basis functions: 96
    Number of Cartesian functions: 100
    Spherical Harmonics?: true
    Max angular momentum: 2

  ==> CGRSolver (by Rob Parrish) <==

   Number of roots    =         1
   Preconditioning    =    JACOBI
   Convergence cutoff =     1E-06
   Maximum iterations =       100

  ==> CPHFRHamiltonian (by Rob Parrish) <== 

  ==> MemDFJK: Density-Fitted J/K Matrices <==

    J tasked:                   Yes
    K tasked:                   Yes
    wK tasked:                   No
    OpenMP threads:               7
    Memory [MiB]:              6437
    Algorithm:                 Core
    Schwarz Cutoff:           1E-12
    Mask sparsity (%):       0.9766
    Fitting Condition:        1E-10

   => Auxiliary Basis Set <=

  Basis Set: (CC-PVDZ AUX)
    Blend: CC-PVDZ-JKFIT
    Number of shells: 168
    Number of basis functions: 464
    Number of Cartesian functions: 524
    Spherical Harmonics?: true
    Max angular momentum: 3

  ==> CPHF Iterations <==

  => Iterations <=

             Iter  Converged  Remaining    Residual
  CGR           1          0          1   7.585E-02
  CGR           2          0          1   1.186E-02
  CGR           3          0          1   2.196E-03
  CGR           4          0          1   6.204E-04
  CGR           5          0          1   1.183E-04
  CGR           6          0          1   2.635E-05
  CGR           7          0          1   3.916E-06
  CGR           8          1          0   5.164E-07

    CGRSolver converged.

  ==> DFCorrGrad: Density-Fitted Correlated Gradients <==

    OpenMP threads:              7
    Integrals threads:           7
    Memory [GiB]:            6.286
    Schwarz Cutoff:          0E+00
    Fitting Condition:       1E-10

   => Auxiliary Basis Set <=

  Basis Set: (CC-PVDZ AUX)
    Blend: CC-PVDZ-JKFIT
    Number of shells: 168
    Number of basis functions: 464
    Number of Cartesian functions: 524
    Spherical Harmonics?: true
    Max angular momentum: 3

	-----------------------------------------------------------
	 ==================> DF-MP2 Energies <==================== 
	-----------------------------------------------------------
	 Reference Energy          =    -156.1221213842347879 [Eh]
	 Singles Energy            =      -0.0000000000000000 [Eh]
	 Same-Spin Energy          =      -0.1281689100426590 [Eh]
	 Opposite-Spin Energy      =      -0.4344567523911887 [Eh]
	 Correlation Energy        =      -0.5626256624338477 [Eh]
	 Total Energy              =    -156.6847470466686332 [Eh]
	-----------------------------------------------------------
	 ================> DF-SCS-MP2 Energies <================== 
	-----------------------------------------------------------
	 SCS Same-Spin Scale       =       0.3333333333333333 [-]
	 SCS Opposite-Spin Scale   =       1.2000000000000000 [-]
	 SCS Same-Spin Energy      =      -0.0427229700142197 [Eh]
	 SCS Opposite-Spin Energy  =      -0.5213481028694265 [Eh]
	 SCS Correlation Energy    =      -0.5640710728836461 [Eh]
	 SCS Total Energy          =    -156.6861924571184375 [Eh]
	-----------------------------------------------------------


  -Total Gradient:
     Atom            X                  Y                   Z
    ------   -----------------  -----------------  -----------------
       1        0.000038259835    -0.000001240090    -0.000045387970
       2       -0.000038259835     0.000001240090     0.000045387970
       3        0.000106417572     0.000041828524    -0.000092092558
       4       -0.000106417572    -0.000041828524     0.000092092558
       5       -0.000018584651    -0.000002167240     0.000008509288
       6        0.000018584651     0.000002167240    -0.000008509288
       7       -0.000006263237    -0.000006256819    -0.000003149043
       8       -0.000017371301    -0.000013803584     0.000005176464
       9       -0.000048191311    -0.000008759508     0.000097636852
      10        0.000006263237     0.000006256819     0.000003149043
      11        0.000017371301     0.000013803584    -0.000005176464
      12        0.000048191311     0.000008759508    -0.000097636852


*** tstop() called on flexpad at Mon Aug  3 19:13:06 2026
Module time:
	user time   =      10.92 seconds =       0.18 minutes
	system time =       0.27 seconds =       0.00 minutes
	total time  =          2 seconds =       0.03 minutes
Total time:
	user time   =     517.10 seconds =       8.62 minutes
	system time =      18.07 seconds =       0.30 minutes
	total time  =         87 seconds =       1.45 minutes

    			-----------------------------------------

    			 OPTKING 3.0: for geometry optimizations 

    			     By R.A. King, Bethel University     

    			        with contributions from          

    			    A.V. Copan, J. Cayton, A. Heide      

    			-----------------------------------------

    
	                            ===> Fragment 1 <== 

	 Z (Atomic Numbers)          Masses                          Geom                  
	       6.000000            12.000000          1.07820206 -0.61092522 -0.29940050   
	       6.000000            12.000000         -1.07820206  0.61092522  0.29940050   
	       6.000000            12.000000          3.62651455  0.62885711 -0.52936654   
	       6.000000            12.000000         -3.62651455 -0.62885711  0.52936654   
	       1.000000             1.007825          0.99097697 -2.65828830 -0.64748770   
	       1.000000             1.007825         -0.99097697  2.65828830  0.64748770   
	       1.000000             1.007825          4.99270203 -0.20344000  0.81060998   
	       1.000000             1.007825          3.50342582  2.67252775 -0.14611181   
	       1.000000             1.007825          4.41911426  0.37178334 -2.44224570   
	       1.000000             1.007825         -4.99270203  0.20344000 -0.81060998   
	       1.000000             1.007825         -3.50342582 -2.67252775  0.14611181   
	       1.000000             1.007825         -4.41911426 -0.37178334  2.44224570   

	 - Coordinate -           - BOHR/RAD -       - ANG/DEG -
	 R(1,2)           =         2.549816           1.349304
	 R(1,3)           =         2.843210           1.504562
	 R(1,5)           =         2.078574           1.099934
	 R(2,4)           =         2.843210           1.504562
	 R(2,6)           =         2.078574           1.099934
	 R(3,7)           =         2.086797           1.104286
	 R(3,8)           =         2.082937           1.102243
	 R(3,9)           =         2.086482           1.104119
	 R(4,10)          =         2.086797           1.104286
	 R(4,11)          =         2.082937           1.102243
	 R(4,12)          =         2.086482           1.104119
	 B(1,2,4)         =         2.174914         124.613371
	 B(1,2,6)         =         2.066709         118.413707
	 B(1,3,7)         =         1.940059         111.157170
	 B(1,3,8)         =         1.939046         111.099175
	 B(1,3,9)         =         1.940030         111.155521
	 B(2,1,3)         =         2.174914         124.613371
	 B(2,1,5)         =         2.066709         118.413707
	 B(2,4,10)        =         1.940059         111.157170
	 B(2,4,11)        =         1.939046         111.099175
	 B(2,4,12)        =         1.940030         111.155521
	 B(3,1,5)         =         2.041563         116.972917
	 B(4,2,6)         =         2.041563         116.972917
	 B(7,3,8)         =         1.887946         108.171353
	 B(7,3,9)         =         1.865919         106.909286
	 B(8,3,9)         =         1.888118         108.181176
	 B(10,4,11)       =         1.887946         108.171353
	 B(10,4,12)       =         1.865919         106.909286
	 B(11,4,12)       =         1.888118         108.181176
	 D(1,2,4,10)      =         4.180933         239.549814
	 D(1,2,4,11)      =         0.001127           0.064574
	 D(1,2,4,12)      =         2.104704         120.590671
	 D(2,1,3,7)       =         2.102252         120.450186
	 D(2,1,3,8)       =        -0.001127          -0.064574
	 D(2,1,3,9)       =        -2.104704        -120.590671
	 D(3,1,2,4)       =         3.141593         180.000000
	 D(3,1,2,6)       =         0.000473           0.027113
	 D(4,2,1,5)       =        -0.000473          -0.027113
	 D(5,1,2,6)       =         3.141593         180.000000
	 D(5,1,3,7)       =        -1.038873         -59.523056
	 D(5,1,3,8)       =         3.140933         179.962183
	 D(5,1,3,9)       =         1.037355          59.436086
	 D(6,2,4,10)      =         1.038873          59.523056
	 D(6,2,4,11)      =         3.142253         180.037817
	 D(6,2,4,12)      =        -1.037355         -59.436086


	        --- Internal Coordinate Step in ANG or DEG, aJ/ANG or AJ/DEG ---
	-------------------------------------------------------------------------------
	           Coordinate      Previous         Force          Change          New 
	           ----------      --------        ------          ------        ------
	               R(1,2)       1.34930       -0.00040       -0.00005       1.34925
	               R(1,3)       1.50456       -0.00030       -0.00004       1.50452
	               R(1,5)       1.09993       -0.00001       -0.00001       1.09993
	               R(2,4)       1.50456       -0.00030       -0.00004       1.50452
	               R(2,6)       1.09993       -0.00001       -0.00001       1.09993
	               R(3,7)       1.10429        0.00003        0.00001       1.10429
	               R(3,8)       1.10224        0.00010        0.00002       1.10226
	               R(3,9)       1.10412        0.00088        0.00010       1.10422
	              R(4,10)       1.10429        0.00003        0.00001       1.10429
	              R(4,11)       1.10224        0.00010        0.00002       1.10226
	              R(4,12)       1.10412        0.00088        0.00010       1.10422
	             B(1,2,4)     124.61337       -0.00000       -0.00430     124.60907
	             B(1,2,6)     118.41371        0.00000        0.00857     118.42228
	             B(1,3,7)     111.15717        0.00000        0.00255     111.15972
	             B(1,3,8)     111.09917        0.00000        0.00906     111.10823
	             B(1,3,9)     111.15552        0.00000        0.00626     111.16179
	             B(2,1,3)     124.61337       -0.00000       -0.00430     124.60907
	             B(2,1,5)     118.41371        0.00000        0.00857     118.42228
	            B(2,4,10)     111.15717        0.00000        0.00255     111.15972
	            B(2,4,11)     111.09917        0.00000        0.00906     111.10823
	            B(2,4,12)     111.15552        0.00000        0.00626     111.16179
	             B(3,1,5)     116.97292       -0.00000       -0.00427     116.96865
	             B(4,2,6)     116.97292       -0.00000       -0.00427     116.96865
	             B(7,3,8)     108.17135       -0.00000       -0.00570     108.16565
	             B(7,3,9)     106.90929       -0.00000       -0.00242     106.90687
	             B(8,3,9)     108.18118       -0.00000       -0.01084     108.17034
	           B(10,4,11)     108.17135       -0.00000       -0.00570     108.16565
	           B(10,4,12)     106.90929       -0.00000       -0.00242     106.90687
	           B(11,4,12)     108.18118       -0.00000       -0.01084     108.17034
	          D(1,2,4,10)     239.54981       -0.00000       -0.06527     239.48455
	          D(1,2,4,11)       0.06457       -0.00000       -0.06457      -0.00000
	          D(1,2,4,12)     120.59067       -0.00000       -0.06802     120.52266
	           D(2,1,3,7)     120.45019        0.00000        0.06527     120.51545
	           D(2,1,3,8)      -0.06457        0.00000        0.06457       0.00000
	           D(2,1,3,9)    -120.59067        0.00000        0.06802    -120.52266
	           D(3,1,2,4)     180.00000        0.00000        0.00000     180.00000
	           D(3,1,2,6)       0.02711       -0.00000       -0.01409       0.01303
	           D(4,2,1,5)      -0.02711        0.00000        0.01409      -0.01303
	           D(5,1,2,6)     180.00000       -0.00000        0.00000     180.00000
	           D(5,1,3,7)     -59.52306       -0.00000        0.05136     -59.47170
	           D(5,1,3,8)     179.96218       -0.00000        0.05074     180.01292
	           D(5,1,3,9)      59.43609        0.00000        0.05411      59.49020
	          D(6,2,4,10)      59.52306        0.00000       -0.05136      59.47170
	          D(6,2,4,11)     180.03782        0.00000       -0.05074     179.98708
	          D(6,2,4,12)     -59.43609       -0.00000       -0.05411     -59.49020
	-------------------------------------------------------------------------------

	                                 ==> Convergence Check <==                                  
    
	Measures of convergence in internal coordinates in au.
    
	Criteria marked as inactive (o), active & met (*), and active & unmet ( ).

	----------------------------------------------------------------------------------------------
	   Step    Total Energy     Delta E     Max Force     RMS Force      Max Disp      RMS Disp   
	----------------------------------------------------------------------------------------------
	  Convergence Criteria     1.00e-06 *    3.00e-04 *             o    1.20e-03 *             o
	----------------------------------------------------------------------------------------------
	    12    -156.68474705   -1.87e-06      1.07e-04 *    2.75e-05 o    1.19e-03 *    5.45e-04 o  ~
	----------------------------------------------------------------------------------------------

Next Geometry in Ang 
	Fragment 1 (Ang)

	    C   0.5705709518  -0.3233695133  -0.1581222565
	    C  -0.5705709518   0.3233695133   0.1581222565
	    C   1.9189980454   0.3327281716  -0.2800332700
	    C  -1.9189980454  -0.3327281716   0.2800332700
	    H   0.5245905788  -1.4068706869  -0.3418441569
	    H  -0.5245905788   1.4068706869   0.3418441569
	    H   2.6422311789  -0.1079178395   0.4286450409
	    H   1.8540912821   1.4141560636  -0.0768613428
	    H   2.3382034732   0.1971362657  -1.2925504999
	    H  -2.6422311789   0.1079178395  -0.4286450409
	    H  -1.8540912821  -1.4141560636   0.0768613428
	    H  -2.3382034732  -0.1971362657   1.2925504999


    Final optimized geometry and variables:
    Molecular point group: ci
    Full point group: Ci

    Geometry (in Angstrom), charge = 0, multiplicity = 1:

    C            0.570559961007    -0.323287701328    -0.158435921999
    C           -0.570559961007     0.323287701328     0.158435921999
    C            1.919068856528     0.332776851391    -0.280128707604
    C           -1.919068856528    -0.332776851391     0.280128707604
    H            0.524402428747    -1.406705588245    -0.342635734713
    H           -0.524402428747     1.406705588245     0.342635734713
    H            2.642024133700    -0.107655811587     0.428956330461
    H            1.853933105375     1.414240779061    -0.077319039350
    H            2.338494556175     0.196739270501    -1.292380764822
    H           -2.642024133700     0.107655811587    -0.428956330461
    H           -1.853933105375    -1.414240779061     0.077319039350
    H           -2.338494556175    -0.196739270501     1.292380764822


Scratch directory: /tmp/
    For method 'CCSD(T)', SCF Algorithm Type (re)set to DISK_DF.
   => Libint2 <=

    Primary   basis highest AM E, G, H:  6, 6, 3
    Auxiliary basis highest AM E, G, H:  7, 7, 4
    Onebody   basis highest AM E, G, H:  -, -, -
    Solid Harmonics ordering:            Gaussian

*** tstart() called on flexpad
*** at Mon Aug  3 19:13:06 2026

   => Loading Basis Set <=

    Name: CC-PVDZ
    Role: ORBITAL
    Keyword: BASIS
    atoms 1-4  entry C          line   138 file /home/peter/miniconda3/envs/research/share/psi4/basis/cc-pvdz.gbs 
    atoms 5-12 entry H          line    22 file /home/peter/miniconda3/envs/research/share/psi4/basis/cc-pvdz.gbs 


         ---------------------------------------------------------
                                   SCF
               by Justin Turney, Rob Parrish, Andy Simmonett
                          and Daniel G. A. Smith
                              RHF Reference
                        7 Threads,   8583 MiB Core
         ---------------------------------------------------------

  ==> Geometry <==

    Molecular point group: ci
    Full point group: Ci

    Geometry (in Angstrom), charge = 0, multiplicity = 1:

       Center              X                  Y                   Z               Mass       
    ------------   -----------------  -----------------  -----------------  -----------------
         C            0.570559961007    -0.323287701328    -0.158435921999    12.000000000000
         C           -0.570559961007     0.323287701328     0.158435921999    12.000000000000
         C            1.919068856528     0.332776851391    -0.280128707604    12.000000000000
         C           -1.919068856528    -0.332776851391     0.280128707604    12.000000000000
         H            0.524402428747    -1.406705588245    -0.342635734713     1.007825032230
         H           -0.524402428747     1.406705588245     0.342635734713     1.007825032230
         H            2.642024133700    -0.107655811587     0.428956330461     1.007825032230
         H            1.853933105375     1.414240779061    -0.077319039350     1.007825032230
         H            2.338494556175     0.196739270501    -1.292380764822     1.007825032230
         H           -2.642024133700     0.107655811587    -0.428956330461     1.007825032230
         H           -1.853933105375    -1.414240779061     0.077319039350     1.007825032230
         H           -2.338494556175    -0.196739270501     1.292380764822     1.007825032230

  Running in ci symmetry.

  Rotational constants: A =      1.13548  B =      0.12317  C =      0.11597 [cm^-1]
  Rotational constants: A =  34040.82205  B =   3692.63910  C =   3476.67788 [MHz]
  Nuclear repulsion =  115.075525197950697

  Charge       = 0
  Multiplicity = 1
  Electrons    = 32
  Nalpha       = 16
  Nbeta        = 16

  ==> Algorithm <==

  SCF Algorithm Type is DISK_DF.
  DIIS enabled.
  MOM disabled.
  Fractional occupation disabled.
  Guess Type is SAD.
  Energy threshold   = 1.00e-09
  Density threshold  = 1.00e-09
  Integral threshold = 1.00e-12

  ==> Primary Basis <==

  Basis Set: CC-PVDZ
    Blend: CC-PVDZ
    Number of shells: 48
    Number of basis functions: 96
    Number of Cartesian functions: 100
    Spherical Harmonics?: true
    Max angular momentum: 2

   => Loading Basis Set <=

    Name: (CC-PVDZ AUX)
    Role: JKFIT
    Keyword: DF_BASIS_SCF
    atoms 1-4  entry C          line   121 file /home/peter/miniconda3/envs/research/share/psi4/basis/cc-pvdz-jkfit.gbs 
    atoms 5-12 entry H          line    51 file /home/peter/miniconda3/envs/research/share/psi4/basis/cc-pvdz-jkfit.gbs 

  ==> Integral Setup <==

  ==> DiskDFJK: Density-Fitted J/K Matrices <==

    J tasked:                  Yes
    K tasked:                  Yes
    wK tasked:                  No
    OpenMP threads:              7
    Integrals threads:           7
    Memory [MiB]:             6437
    Algorithm:                Core
    Integral Cache:           SAVE
    Schwarz Cutoff:          1E-12
    Fitting Condition:       1E-10

   => Auxiliary Basis Set <=

  Basis Set: (CC-PVDZ AUX)
    Blend: CC-PVDZ-JKFIT
    Number of shells: 168
    Number of basis functions: 464
    Number of Cartesian functions: 524
    Spherical Harmonics?: true
    Max angular momentum: 3

  Minimum eigenvalue in the overlap matrix is 3.3734211343E-03.
  Reciprocal condition number of the overlap matrix is 6.2327766624E-04.
    Using symmetric orthogonalization.

  ==> Pre-Iterations <==

  SCF Guess: Superposition of Atomic Densities via on-the-fly atomic UHF (no occupation information).

   -------------------------
    Irrep   Nso     Nmo    
   -------------------------
     Ag        48      48 
     Au        48      48 
   -------------------------
    Total      96      96
   -------------------------

  ==> Iterations <==

                           Total Energy        Delta E     RMS |[F,P]|

   @DF-RHF iter SAD:  -155.25289661917338   -1.55253e+02   0.00000e+00 
   @DF-RHF iter   1:  -156.00023529602316   -7.47339e-01   6.02525e-03 ADIIS/DIIS
   @DF-RHF iter   2:  -156.10530522836962   -1.05070e-01   2.41506e-03 ADIIS/DIIS
   @DF-RHF iter   3:  -156.12068585599610   -1.53806e-02   5.15589e-04 ADIIS/DIIS
   @DF-RHF iter   4:  -156.12209714419984   -1.41129e-03   7.00454e-05 DIIS
   @DF-RHF iter   5:  -156.12211932667614   -2.21825e-05   2.42603e-05 DIIS
   @DF-RHF iter   6:  -156.12212131458924   -1.98791e-06   3.52900e-06 DIIS
   @DF-RHF iter   7:  -156.12212138135783   -6.67686e-08   6.68818e-07 DIIS
   @DF-RHF iter   8:  -156.12212138412590   -2.76808e-09   1.29759e-07 DIIS
   @DF-RHF iter   9:  -156.12212138423175   -1.05842e-10   2.26024e-08 DIIS
   @DF-RHF iter  10:  -156.12212138423453   -2.78533e-12   3.49992e-09 DIIS
   @DF-RHF iter  11:  -156.12212138423448    5.68434e-14   5.35402e-10 DIIS
  Energy and wave function converged.


  ==> Post-Iterations <==

    Orbital Energies [Eh]
    ---------------------

    Doubly Occupied:                                                      

       1Ag   -11.231618     1Au   -11.230122     2Ag   -11.228470  
       2Au   -11.228432     3Ag    -1.071266     3Au    -0.979409  
       4Ag    -0.872534     4Au    -0.738881     5Au    -0.601160  
       5Ag    -0.599230     6Au    -0.565687     6Ag    -0.549210  
       7Au    -0.517323     7Ag    -0.503427     8Ag    -0.478955  
       8Au    -0.337423  

    Virtual:                                                              

       9Ag     0.183012    10Ag     0.198475     9Au     0.202695  
      10Au     0.213016    11Ag     0.264823    12Ag     0.266206  
      11Au     0.271770    13Ag     0.287595    12Au     0.293260  
      13Au     0.399523    14Ag     0.420873    14Au     0.538560  
      15Ag     0.583271    15Au     0.608638    16Ag     0.611691  
      16Au     0.651240    17Ag     0.712674    17Au     0.757645  
      18Au     0.774185    18Ag     0.779543    19Au     0.784594  
      19Ag     0.829087    20Ag     0.867589    20Au     0.868941  
      21Au     0.873122    21Ag     0.895199    22Au     0.895593  
      22Ag     0.919001    23Au     0.922904    23Ag     0.937300  
      24Au     0.996081    24Ag     1.014825    25Ag     1.127114  
      25Au     1.142383    26Au     1.293601    27Au     1.297148  
      26Ag     1.304223    27Ag     1.339846    28Au     1.424182  
      28Ag     1.444708    29Ag     1.515731    29Au     1.592453  
      30Au     1.670394    31Au     1.683265    30Ag     1.683925  
      31Ag     1.707617    32Au     1.805140    32Ag     1.844320  
      33Ag     1.868459    34Ag     1.884618    33Au     1.908513  
      34Au     1.922011    35Ag     1.931009    35Au     1.952075  
      36Au     1.993237    36Ag     1.995600    37Au     2.008439  
      38Au     2.048394    37Ag     2.078345    38Ag     2.114839  
      39Ag     2.161871    40Ag     2.281231    39Au     2.317066  
      41Ag     2.352315    40Au     2.356518    41Au     2.388986  
      42Au     2.465638    43Au     2.512995    42Ag     2.516430  
      43Ag     2.581729    44Au     2.583823    44Ag     2.632728  
      45Ag     2.739084    45Au     2.742113    46Ag     2.806533  
      46Au     2.851590    47Ag     2.898146    47Au     2.904694  
      48Au     3.096666    48Ag     3.247310  

    Final Occupation by Irrep:
             Ag    Au 
    DOCC [     8,    8 ]
    NA   [     8,    8 ]
    NB   [     8,    8 ]

  @DF-RHF Final Energy:  -156.12212138423448

   => Energetics <=

    Nuclear Repulsion Energy =            115.0755251979506966
    One-Electron Energy =                -436.9289992408567969
    Two-Electron Energy =                 165.7313526586716250
    Total Energy =                       -156.1221213842344753

Computation Completed


Properties will be evaluated at   0.000000,   0.000000,   0.000000 [a0]

Properties computed using the SCF density matrix


 Multipole Moments:

 ------------------------------------------------------------------------------------
     Multipole            Electronic (a.u.)      Nuclear  (a.u.)        Total (a.u.)
 ------------------------------------------------------------------------------------

 L = 1.  Multiply by 2.5417464519 to convert [e a0] to [Debye]
 Dipole X            :          0.0000000            0.0000000            0.0000000
 Dipole Y            :          0.0000000            0.0000000            0.0000000
 Dipole Z            :          0.0000000            0.0000000            0.0000000
 Magnitude           :                                                    0.0000000

 ------------------------------------------------------------------------------------

*** tstop() called on flexpad at Mon Aug  3 19:13:07 2026
Module time:
	user time   =       4.30 seconds =       0.07 minutes
	system time =       0.15 seconds =       0.00 minutes
	total time  =          1 seconds =       0.02 minutes
Total time:
	user time   =     522.96 seconds =       8.72 minutes
	system time =      18.26 seconds =       0.30 minutes
	total time  =         88 seconds =       1.47 minutes

  A requested method does not make use of molecular symmetry: further calculations in C1 point group.

  Constructing Basis Sets for FNOCC...

   => Loading Basis Set <=

    Name: (CC-PVDZ AUX)
    Role: JKFIT
    Keyword: DF_BASIS_SCF
    atoms 1-4  entry C          line   121 file /home/peter/miniconda3/envs/research/share/psi4/basis/cc-pvdz-jkfit.gbs 
    atoms 5-12 entry H          line    51 file /home/peter/miniconda3/envs/research/share/psi4/basis/cc-pvdz-jkfit.gbs 

   => Loading Basis Set <=

    Name: (CC-PVDZ AUX)
    Role: RIFIT
    Keyword: DF_BASIS_CC
    atoms 1-4  entry C          line   159 file /home/peter/miniconda3/envs/research/share/psi4/basis/cc-pvdz-ri.gbs 
    atoms 5-12 entry H          line    19 file /home/peter/miniconda3/envs/research/share/psi4/basis/cc-pvdz-ri.gbs 


*** tstart() called on flexpad
*** at Mon Aug  3 19:13:07 2026



        *******************************************************
        *                                                     *
        *                       DF-CCSD                       *
        *                 Density-fitted CCSD                 *
        *                                                     *
        *                   Eugene DePrince                   *
        *                                                     *
        *******************************************************


  ==> 3-index integrals <==

  ==> DF Tensor (by Rob Parrish) <==

 => Primary Basis Set <= 

  Basis Set: CC-PVDZ
    Blend: CC-PVDZ
    Number of shells: 48
    Number of basis functions: 96
    Number of Cartesian functions: 100
    Spherical Harmonics?: true
    Max angular momentum: 2

 => Auxiliary Basis Set <= 

  Basis Set: (CC-PVDZ AUX)
    Blend: CC-PVDZ-RI
    Number of shells: 120
    Number of basis functions: 336
    Number of Cartesian functions: 384
    Spherical Harmonics?: true
    Max angular momentum: 3

  DFTensor Memory: Qso construction needs 0.047 GiB; user supplied 7.963 GiB. 
    Number of auxiliary functions:         336

  ==> Memory <==

        Total memory available:              8.382 [GiB]
        CCSD memory requirements:            0.078 [GiB]
            3-index integrals:               0.025 [GiB]
            CCSD intermediates:              0.053 [GiB]
        (T) algorithm:                       0.015 [GiB] (low-memory)

  ==> Input parameters <==

        Freeze core orbitals?                 yes
        Use frozen natural orbitals?           no
        r_convergence:                  1.000e-07
        e_convergence:                  1.000e-09
        Number of DIIS vectors:                 8
        Number of frozen core orbitals:         4
        Number of active occupied orbitals:    12
        Number of active virtual orbitals:     80
        Number of frozen virtual orbitals:      0


  Begin singles and doubles coupled cluster iterations

   Iter  DIIS          Energy       d(Energy)          |d(T)|     time
      0   0 1   -0.5626256623   -0.5626256623    0.3932778521        0
      1   1 1   -0.5979736994   -0.0353480371    0.0708476928        1
      2   2 1   -0.6124114753   -0.0144377759    0.0253344057        0
      3   3 1   -0.6177330008   -0.0053215255    0.0107014405        1
      4   4 1   -0.6178534364   -0.0001204356    0.0028160811        0
      5   5 1   -0.6179116297   -0.0000581933    0.0007861190        1
      6   6 1   -0.6179038703    0.0000077594    0.0002128466        1
      7   7 1   -0.6179032398    0.0000006305    0.0000465261        0
      8   8 1   -0.6179036020   -0.0000003622    0.0000144933        1
      9   8 2   -0.6179033675    0.0000002345    0.0000041697        1
     10   8 3   -0.6179032734    0.0000000941    0.0000012647        0
     11   8 4   -0.6179033088   -0.0000000354    0.0000004033        1
     12   8 5   -0.6179033124   -0.0000000036    0.0000001039        1
     13   8 6   -0.6179033185   -0.0000000061    0.0000000343        1
     14   8 7   -0.6179033195   -0.0000000009    0.0000000101        0

  CCSD iterations converged!

        T1 diagnostic:                        0.008705557231
        D1 diagnostic:                        0.029018992541

        OS MP2 correlation energy:           -0.434456752289
        SS MP2 correlation energy:           -0.128168910019
        MP2 correlation energy:              -0.562625662308
      * MP2 total energy:                  -156.684747046542

        OS CCSD correlation energy:          -0.499755377032
        SS CCSD correlation energy:          -0.118147942435
        CCSD correlation energy:             -0.617903319468
      * CCSD total energy:                 -156.740024703702

  Total time for CCSD iterations:      61.10 s (user)
                                        1.88 s (system)
                                           9 s (total)

  Time per iteration:                   4.36 s (user)
                                        0.13 s (system)
                                        0.64 s (total)

*** tstop() called on flexpad at Mon Aug  3 19:13:17 2026
Module time:
	user time   =      63.35 seconds =       1.06 minutes
	system time =       1.98 seconds =       0.03 minutes
	total time  =         10 seconds =       0.17 minutes
Total time:
	user time   =     588.12 seconds =       9.80 minutes
	system time =      20.29 seconds =       0.34 minutes
	total time  =         98 seconds =       1.63 minutes

*** tstart() called on flexpad
*** at Mon Aug  3 19:13:17 2026


        *******************************************************
        *                                                     *
        *                      CCSD(T)                        *
        *                                                     *
        *******************************************************


        Using low-memory algorithm.

        num_threads:                      7
        available memory:        8583.07 mb
        memory requirements:       15.59 mb

        Number of abc combinations: 88560

        Computing (T) correction...

        % complete  total time
              10.0         0 s
              20.0         1 s
              30.0         1 s
              40.0         1 s
              50.0         2 s
              60.0         2 s
              70.0         2 s
              80.0         2 s
              90.0         3 s

        (T) energy                            -0.020052984576

        CCSD(T) correlation energy            -0.637956304044
      * CCSD(T) total energy                -156.760077688279


*** tstop() called on flexpad at Mon Aug  3 19:13:20 2026
Module time:
	user time   =      17.25 seconds =       0.29 minutes
	system time =       1.37 seconds =       0.02 minutes
	total time  =          3 seconds =       0.05 minutes
Total time:
	user time   =     605.96 seconds =      10.10 minutes
	system time =      21.69 seconds =       0.36 minutes
	total time  =        101 seconds =       1.68 minutes

*** tstop() called on flexpad at Mon Aug  3 19:13:20 2026
Module time:
	user time   =      17.25 seconds =       0.29 minutes
	system time =       1.37 seconds =       0.02 minutes
	total time  =          3 seconds =       0.05 minutes
Total time:
	user time   =     605.96 seconds =      10.10 minutes
	system time =      21.69 seconds =       0.36 minutes
	total time  =        101 seconds =       1.68 minutes

  Memory set to   8.382 GiB by Python driver.
  Threads set to 7 by Python driver.
