
Scratch directory: /tmp/
gradient() will perform analytic gradient computation.
   => Libint2 <=

    Primary   basis highest AM E, G, H:  6, 6, 3
    Auxiliary basis highest AM E, G, H:  7, 7, 4
    Onebody   basis highest AM E, G, H:  -, -, -
    Solid Harmonics ordering:            Gaussian

*** tstart() called on flexpad
*** at Mon Aug  3 19:11:39 2026

   => Loading Basis Set <=

    Name: CC-PVDZ
    Role: ORBITAL
    Keyword: BASIS
    atoms 1-4  entry C          line   138 file /home/peter/miniconda3/envs/research/share/psi4/basis/cc-pvdz.gbs 
    atoms 5-12 entry H          line    22 file /home/peter/miniconda3/envs/research/share/psi4/basis/cc-pvdz.gbs 


         ---------------------------------------------------------
                                   SCF
               by Justin Turney, Rob Parrish, Andy Simmonett
                          and Daniel G. A. Smith
                              RHF Reference
                        7 Threads,   8583 MiB Core
         ---------------------------------------------------------

  ==> Geometry <==

    Molecular point group: cs
    Full point group: Cs

    Geometry (in Angstrom), charge = 0, multiplicity = 1:

       Center              X                  Y                   Z               Mass       
    ------------   -----------------  -----------------  -----------------  -----------------
         C            1.887131767374     0.349806052604     0.000000000000    12.000000000000
         C            0.721131767374    -0.280193947396     0.000000000000    12.000000000000
         C           -0.602868232626     0.430806052604     0.000000000000    12.000000000000
         C           -1.818868232626    -0.488193947396     0.000000000000    12.000000000000
         H            1.971131767374     1.430806052604     0.000000000000     1.007825032230
         H            2.821131767374    -0.199193947396     0.000000000000     1.007825032230
         H            0.691131767374    -1.366193947396     0.000000000000     1.007825032230
         H           -0.658868232626     1.080806052604     0.880000000000     1.007825032230
         H           -0.658868232626     1.080806052604    -0.880000000000     1.007825032230
         H           -1.818868232626    -1.129193947396     0.885000000000     1.007825032230
         H           -1.818868232626    -1.129193947396    -0.885000000000     1.007825032230
         H           -2.748868232626     0.085806052604     0.000000000000     1.007825032230

  Running in cs symmetry.

  Rotational constants: A =      0.99728  B =      0.13336  C =      0.12302 [cm^-1]
  Rotational constants: A =  29897.59620  B =   3998.15933  C =   3688.16208 [MHz]
  Nuclear repulsion =  116.920324850957059

  Charge       = 0
  Multiplicity = 1
  Electrons    = 32
  Nalpha       = 16
  Nbeta        = 16

  ==> Algorithm <==

  SCF Algorithm Type is DF.
  DIIS enabled.
  MOM disabled.
  Fractional occupation disabled.
  Guess Type is SAD.
  Energy threshold   = 1.00e-09
  Density threshold  = 1.00e-09
  Integral threshold = 1.00e-12

  ==> Primary Basis <==

  Basis Set: CC-PVDZ
    Blend: CC-PVDZ
    Number of shells: 48
    Number of basis functions: 96
    Number of Cartesian functions: 100
    Spherical Harmonics?: true
    Max angular momentum: 2

   => Loading Basis Set <=

    Name: (CC-PVDZ AUX)
    Role: JKFIT
    Keyword: DF_BASIS_SCF
    atoms 1-4  entry C          line   121 file /home/peter/miniconda3/envs/research/share/psi4/basis/cc-pvdz-jkfit.gbs 
    atoms 5-12 entry H          line    51 file /home/peter/miniconda3/envs/research/share/psi4/basis/cc-pvdz-jkfit.gbs 

  ==> Integral Setup <==

  DFHelper Memory: AOs need 0.035 GiB; user supplied 6.286 GiB. 
  Using in-core AOs.

  ==> MemDFJK: Density-Fitted J/K Matrices <==

    J tasked:                   Yes
    K tasked:                   Yes
    wK tasked:                   No
    OpenMP threads:               7
    Memory [MiB]:              6437
    Algorithm:                 Core
    Schwarz Cutoff:           1E-12
    Mask sparsity (%):       0.7161
    Fitting Condition:        1E-10

   => Auxiliary Basis Set <=

  Basis Set: (CC-PVDZ AUX)
    Blend: CC-PVDZ-JKFIT
    Number of shells: 168
    Number of basis functions: 464
    Number of Cartesian functions: 524
    Spherical Harmonics?: true
    Max angular momentum: 3

  Minimum eigenvalue in the overlap matrix is 2.6503684261E-03.
  Reciprocal condition number of the overlap matrix is 4.9478269771E-04.
    Using symmetric orthogonalization.

  ==> Pre-Iterations <==

  SCF Guess: Superposition of Atomic Densities via on-the-fly atomic UHF (no occupation information).

   -------------------------
    Irrep   Nso     Nmo    
   -------------------------
     A'        66      66 
     A"        30      30 
   -------------------------
    Total      96      96
   -------------------------

  ==> Iterations <==

                           Total Energy        Delta E     RMS |[F,P]|

   @DF-RHF iter SAD:  -155.34955217148359   -1.55350e+02   0.00000e+00 
   @DF-RHF iter   1:  -155.99582365723390   -6.46271e-01   5.67171e-03 ADIIS/DIIS
   @DF-RHF iter   2:  -156.09925944102514   -1.03436e-01   2.23441e-03 ADIIS/DIIS
   @DF-RHF iter   3:  -156.11399985069090   -1.47404e-02   4.94404e-04 ADIIS/DIIS
   @DF-RHF iter   4:  -156.11530036022972   -1.30051e-03   1.36591e-04 ADIIS/DIIS
   @DF-RHF iter   5:  -156.11536380557925   -6.34453e-05   3.56273e-05 DIIS
   @DF-RHF iter   6:  -156.11536942420818   -5.61863e-06   6.22771e-06 DIIS
   @DF-RHF iter   7:  -156.11536972119589   -2.96988e-07   3.35671e-06 DIIS
   @DF-RHF iter   8:  -156.11536978746366   -6.62678e-08   1.09269e-06 DIIS
   @DF-RHF iter   9:  -156.11536979819536   -1.07317e-08   2.36179e-07 DIIS
   @DF-RHF iter  10:  -156.11536979860287   -4.07510e-10   4.35755e-08 DIIS
   @DF-RHF iter  11:  -156.11536979861330   -1.04308e-11   1.27496e-08 DIIS
   @DF-RHF iter  12:  -156.11536979861427   -9.66338e-13   3.15673e-09 DIIS
   @DF-RHF iter  13:  -156.11536979861432   -5.68434e-14   6.48811e-10 DIIS
  Energy and wave function converged.


  ==> Post-Iterations <==

    Orbital Energies [Eh]
    ---------------------

    Doubly Occupied:                                                      

       1Ap   -11.232373     2Ap   -11.227231     3Ap   -11.221804  
       4Ap   -11.220600     5Ap    -1.079396     6Ap    -0.990972  
       7Ap    -0.850628     8Ap    -0.755607     9Ap    -0.618933  
       1App   -0.611972    10Ap    -0.605024    11Ap    -0.529576  
       2App   -0.499434    12Ap    -0.496065    13Ap    -0.470637  
       3App   -0.354330  

    Virtual:                                                              

       4App    0.166318    14Ap     0.191936    15Ap     0.215051  
      16Ap     0.216372     5App    0.251077    17Ap     0.267573  
      18Ap     0.271758    19Ap     0.286721     6App    0.308425  
      20Ap     0.386399    21Ap     0.420282    22Ap     0.480080  
      23Ap     0.575392     7App    0.608654    24Ap     0.611321  
      25Ap     0.691923     8App    0.696628    26Ap     0.715613  
      27Ap     0.772799     9App    0.792839    10App    0.822886  
      28Ap     0.866203    29Ap     0.870454    11App    0.893145  
      30Ap     0.897743    12App    0.905138    31Ap     0.916677  
      32Ap     0.925849    33Ap     0.940504    34Ap     0.976750  
      35Ap     0.997361    36Ap     1.027804    13App    1.093808  
      14App    1.239994    37Ap     1.241949    38Ap     1.266301  
      15App    1.276423    39Ap     1.314219    40Ap     1.401898  
      16App    1.472936    41Ap     1.612604    17App    1.626800  
      42Ap     1.686807    18App    1.693917    43Ap     1.705305  
      44Ap     1.768089    45Ap     1.780398    19App    1.817337  
      46Ap     1.873213    20App    1.911099    21App    1.929445  
      47Ap     1.935957    48Ap     1.956193    22App    1.958774  
      49Ap     1.968750    50Ap     1.999510    23App    2.000614  
      24App    2.030460    51Ap     2.088818    52Ap     2.181964  
      25App    2.207319    53Ap     2.242661    54Ap     2.260047  
      26App    2.305007    55Ap     2.392625    56Ap     2.435812  
      27App    2.445958    57Ap     2.523117    58Ap     2.574843  
      28App    2.582975    59Ap     2.608734    60Ap     2.713789  
      61Ap     2.768543    62Ap     2.816454    63Ap     2.852656  
      29App    2.870652    64Ap     2.919724    30App    2.983502  
      65Ap     3.089063    66Ap     3.401678  

    Final Occupation by Irrep:
             Ap   App 
    DOCC [    13,    3 ]
    NA   [    13,    3 ]
    NB   [    13,    3 ]

  @DF-RHF Final Energy:  -156.11536979861432

   => Energetics <=

    Nuclear Repulsion Energy =            116.9203248509570585
    One-Electron Energy =                -440.5422249248975959
    Two-Electron Energy =                 167.5065302753262131
    Total Energy =                       -156.1153697986143243

Computation Completed


Properties will be evaluated at   0.000000,   0.000000,   0.000000 [a0]

Properties computed using the SCF density matrix


 Multipole Moments:

 ------------------------------------------------------------------------------------
     Multipole            Electronic (a.u.)      Nuclear  (a.u.)        Total (a.u.)
 ------------------------------------------------------------------------------------

 L = 1.  Multiply by 2.5417464519 to convert [e a0] to [Debye]
 Dipole X            :          1.9452404           -2.0820690           -0.1368286
 Dipole Y            :          0.1546920           -0.1364502            0.0182418
 Dipole Z            :          0.0000000            0.0000000            0.0000000
 Magnitude           :                                                    0.1380392

 ------------------------------------------------------------------------------------

*** tstop() called on flexpad at Mon Aug  3 19:11:40 2026
Module time:
	user time   =       5.54 seconds =       0.09 minutes
	system time =       0.27 seconds =       0.00 minutes
	total time  =          1 seconds =       0.02 minutes
Total time:
	user time   =       5.54 seconds =       0.09 minutes
	system time =       0.27 seconds =       0.00 minutes
	total time  =          1 seconds =       0.02 minutes

*** tstart() called on flexpad
*** at Mon Aug  3 19:11:40 2026


  //>>>>>>>>>>>>>>>>>>>>>>>>>>>>>>>>>>>//
  //               DFMP2               //
  //<<<<<<<<<<<<<<<<<<<<<<<<<<<<<<<<<<<//

   => Loading Basis Set <=

    Name: (CC-PVDZ AUX)
    Role: RIFIT
    Keyword: DF_BASIS_MP2
    atoms 1-4  entry C          line   159 file /home/peter/miniconda3/envs/research/share/psi4/basis/cc-pvdz-ri.gbs 
    atoms 5-12 entry H          line    19 file /home/peter/miniconda3/envs/research/share/psi4/basis/cc-pvdz-ri.gbs 

	 --------------------------------------------------------
	                          DF-MP2                         
	      2nd-Order Density-Fitted Moller-Plesset Theory     
	              RMP2 Wavefunction,   7 Threads             
	                                                         
	        Rob Parrish, Justin Turney, Andy Simmonett,      
	           Ed Hohenstein, and C. David Sherrill          
	 --------------------------------------------------------

   => Auxiliary Basis Set <=

  Basis Set: (CC-PVDZ AUX)
    Blend: CC-PVDZ-RI
    Number of shells: 120
    Number of basis functions: 336
    Number of Cartesian functions: 384
    Spherical Harmonics?: true
    Max angular momentum: 3

	 --------------------------------------------------------
	                 NBF =    96, NAUX =   336
	 --------------------------------------------------------
	   CLASS    FOCC     OCC    AOCC    AVIR     VIR    FVIR
	   PAIRS       4      16      12      80      80       0
	 --------------------------------------------------------

  DFHelper Memory: AOs need 0.035 GiB; user supplied 6.286 GiB. 
  Using in-core AOs.


         ------------------------------------------------------------
                                     CPHF                           
                                  Rob Parrish                       
         ------------------------------------------------------------

  ==> Geometry <==

    Molecular point group: cs
    Full point group: Cs

    Geometry (in Angstrom), charge = 0, multiplicity = 1:

       Center              X                  Y                   Z               Mass       
    ------------   -----------------  -----------------  -----------------  -----------------
         C            1.887131767374     0.349806052604     0.000000000000    12.000000000000
         C            0.721131767374    -0.280193947396     0.000000000000    12.000000000000
         C           -0.602868232626     0.430806052604     0.000000000000    12.000000000000
         C           -1.818868232626    -0.488193947396     0.000000000000    12.000000000000
         H            1.971131767374     1.430806052604     0.000000000000     1.007825032230
         H            2.821131767374    -0.199193947396     0.000000000000     1.007825032230
         H            0.691131767374    -1.366193947396     0.000000000000     1.007825032230
         H           -0.658868232626     1.080806052604     0.880000000000     1.007825032230
         H           -0.658868232626     1.080806052604    -0.880000000000     1.007825032230
         H           -1.818868232626    -1.129193947396     0.885000000000     1.007825032230
         H           -1.818868232626    -1.129193947396    -0.885000000000     1.007825032230
         H           -2.748868232626     0.085806052604     0.000000000000     1.007825032230

  Nuclear repulsion =  116.920324850957059
  Reference energy  = -156.115369798614324

  ==> Basis Set <==

  Basis Set: CC-PVDZ
    Blend: CC-PVDZ
    Number of shells: 48
    Number of basis functions: 96
    Number of Cartesian functions: 100
    Spherical Harmonics?: true
    Max angular momentum: 2

  ==> CGRSolver (by Rob Parrish) <==

   Number of roots    =         1
   Preconditioning    =    JACOBI
   Convergence cutoff =     1E-06
   Maximum iterations =       100

  ==> CPHFRHamiltonian (by Rob Parrish) <== 

  ==> MemDFJK: Density-Fitted J/K Matrices <==

    J tasked:                   Yes
    K tasked:                   Yes
    wK tasked:                   No
    OpenMP threads:               7
    Memory [MiB]:              6437
    Algorithm:                 Core
    Schwarz Cutoff:           1E-12
    Mask sparsity (%):       0.7161
    Fitting Condition:        1E-10

   => Auxiliary Basis Set <=

  Basis Set: (CC-PVDZ AUX)
    Blend: CC-PVDZ-JKFIT
    Number of shells: 168
    Number of basis functions: 464
    Number of Cartesian functions: 524
    Spherical Harmonics?: true
    Max angular momentum: 3

  ==> CPHF Iterations <==

  => Iterations <=

             Iter  Converged  Remaining    Residual
  CGR           1          0          1   7.543E-02
  CGR           2          0          1   1.629E-02
  CGR           3          0          1   5.864E-03
  CGR           4          0          1   1.942E-03
  CGR           5          0          1   4.387E-04
  CGR           6          0          1   1.317E-04
  CGR           7          0          1   3.057E-05
  CGR           8          0          1   6.536E-06
  CGR           9          0          1   1.527E-06
  CGR          10          1          0   3.996E-07

    CGRSolver converged.

  ==> DFCorrGrad: Density-Fitted Correlated Gradients <==

    OpenMP threads:              7
    Integrals threads:           7
    Memory [GiB]:            6.286
    Schwarz Cutoff:          0E+00
    Fitting Condition:       1E-10

   => Auxiliary Basis Set <=

  Basis Set: (CC-PVDZ AUX)
    Blend: CC-PVDZ-JKFIT
    Number of shells: 168
    Number of basis functions: 464
    Number of Cartesian functions: 524
    Spherical Harmonics?: true
    Max angular momentum: 3

	-----------------------------------------------------------
	 ==================> DF-MP2 Energies <==================== 
	-----------------------------------------------------------
	 Reference Energy          =    -156.1153697986143243 [Eh]
	 Singles Energy            =      -0.0000000000000000 [Eh]
	 Same-Spin Energy          =      -0.1274110567744215 [Eh]
	 Opposite-Spin Energy      =      -0.4325052360113910 [Eh]
	 Correlation Energy        =      -0.5599162927858126 [Eh]
	 Total Energy              =    -156.6752860914001246 [Eh]
	-----------------------------------------------------------
	 ================> DF-SCS-MP2 Energies <================== 
	-----------------------------------------------------------
	 SCS Same-Spin Scale       =       0.3333333333333333 [-]
	 SCS Opposite-Spin Scale   =       1.2000000000000000 [-]
	 SCS Same-Spin Energy      =      -0.0424703522581405 [Eh]
	 SCS Opposite-Spin Energy  =      -0.5190062832136692 [Eh]
	 SCS Correlation Energy    =      -0.5614766354718097 [Eh]
	 SCS Total Energy          =    -156.6768464340861442 [Eh]
	-----------------------------------------------------------


  -Total Gradient:
     Atom            X                  Y                   Z
    ------   -----------------  -----------------  -----------------
       1       -0.021151402724    -0.004505972851     0.000000000000
       2        0.019916074027     0.005392632072     0.000000000000
       3        0.006420060343    -0.000580307393     0.000000000000
       4       -0.004287449015    -0.000495175358     0.000000000000
       5        0.002004380026    -0.008775173972     0.000000000000
       6       -0.007000756041     0.004645625027     0.000000000000
       7       -0.001555042577     0.009123459040     0.000000000000
       8       -0.000150207783    -0.005658394769    -0.004420853237
       9       -0.000150207783    -0.005658394769     0.004420853237
      10        0.000404662030     0.004926151589    -0.005520232130
      11        0.000404662030     0.004926151589     0.005520232130
      12        0.005145227467    -0.003340600206     0.000000000000


*** tstop() called on flexpad at Mon Aug  3 19:11:42 2026
Module time:
	user time   =      10.83 seconds =       0.18 minutes
	system time =       0.41 seconds =       0.01 minutes
	total time  =          2 seconds =       0.03 minutes
Total time:
	user time   =      16.37 seconds =       0.27 minutes
	system time =       0.68 seconds =       0.01 minutes
	total time  =          3 seconds =       0.05 minutes

    			-----------------------------------------

    			 OPTKING 3.0: for geometry optimizations 

    			     By R.A. King, Bethel University     

    			        with contributions from          

    			    A.V. Copan, J. Cayton, A. Heide      

    			-----------------------------------------

    
	                            ===> Fragment 1 <== 

	 Z (Atomic Numbers)          Masses                          Geom                  
	       6.000000            12.000000          3.56616220  0.66103764  0.00000000   
	       6.000000            12.000000          1.36274154 -0.52948982  0.00000000   
	       6.000000            12.000000         -1.13925585  0.81410545  0.00000000   
	       6.000000            12.000000         -3.43716282 -0.92255286  0.00000000   
	       1.000000             1.007825          3.72489920  2.70383158  0.00000000   
	       1.000000             1.007825          5.33116640 -0.37642201  0.00000000   
	       1.000000             1.007825          1.30604976 -2.58173239  0.00000000   
	       1.000000             1.007825         -1.24508051  2.04242743  1.66295899   
	       1.000000             1.007825         -1.24508051  2.04242743 -1.66295899   
	       1.000000             1.007825         -3.43716282 -2.13386730  1.67240762   
	       1.000000             1.007825         -3.43716282 -2.13386730 -1.67240762   
	       1.000000             1.007825         -5.19460811  0.16214994  0.00000000   

	 - Coordinate -           - BOHR/RAD -       - ANG/DEG -
	 R(1,2)           =         2.504480           1.325314
	 R(1,5)           =         2.048952           1.084259
	 R(1,6)           =         2.047331           1.083401
	 R(2,3)           =         2.839936           1.502830
	 R(2,7)           =         2.053025           1.086414
	 R(3,4)           =         2.880340           1.524210
	 R(3,8)           =         2.070122           1.095462
	 R(3,9)           =         2.070122           1.095462
	 R(4,10)          =         2.065001           1.092752
	 R(4,11)          =         2.065001           1.092752
	 R(4,12)          =         2.065235           1.092875
	 B(1,2,3)         =         2.153406         123.381058
	 B(1,2,7)         =         2.093786         119.965095
	 B(2,1,5)         =         2.143719         122.826028
	 B(2,1,6)         =         2.114824         121.170484
	 B(2,3,4)         =         2.001603         114.683394
	 B(2,3,8)         =         1.902610         109.011548
	 B(2,3,9)         =         1.902610         109.011548
	 B(3,2,7)         =         2.035994         116.653848
	 B(3,4,10)        =         1.932296         110.712402
	 B(3,4,11)        =         1.932296         110.712402
	 B(3,4,12)        =         1.941444         111.236532
	 B(4,3,8)         =         1.893332         108.479957
	 B(4,3,9)         =         1.893332         108.479957
	 B(5,1,6)         =         2.024643         116.003488
	 B(8,3,9)         =         1.865679         106.895554
	 B(10,4,11)       =         1.887902         108.168839
	 B(10,4,12)       =         1.883981         107.944177
	 B(11,4,12)       =         1.883981         107.944177
	 D(1,2,3,4)       =         3.141593         180.000000
	 D(1,2,3,8)       =        -1.015342         -58.174803
	 D(1,2,3,9)       =         1.015342          58.174803
	 D(2,3,4,10)      =         1.046834          59.979197
	 D(2,3,4,11)      =        -1.046834         -59.979197
	 D(2,3,4,12)      =         3.141593         180.000000
	 D(3,2,1,5)       =         0.000000           0.000000
	 D(3,2,1,6)       =         3.141593         180.000000
	 D(4,3,2,7)       =         0.000000           0.000000
	 D(5,1,2,7)       =         3.141593         180.000000
	 D(6,1,2,7)       =         0.000000           0.000000
	 D(7,2,3,8)       =         2.126251         121.825197
	 D(7,2,3,9)       =        -2.126251        -121.825197
	 D(8,3,4,10)      =        -1.084461         -62.135052
	 D(8,3,4,11)      =         3.105055         177.906553
	 D(8,3,4,12)      =         1.010297          57.885750
	 D(9,3,4,10)      =        -3.105055        -177.906553
	 D(9,3,4,11)      =         1.084461          62.135052
	 D(9,3,4,12)      =        -1.010297         -57.885750


	        --- Internal Coordinate Step in ANG or DEG, aJ/ANG or AJ/DEG ---
	-------------------------------------------------------------------------------
	           Coordinate      Previous         Force          Change          New 
	           ----------      --------        ------          ------        ------
	               R(1,2)       1.32531        0.22335        0.02353       1.34884
	               R(1,5)       1.08426        0.07080        0.01269       1.09695
	               R(1,6)       1.08340        0.06912        0.01235       1.09576
	               R(2,3)       1.50283        0.07944        0.01573       1.51856
	               R(2,7)       1.08641        0.07478        0.01350       1.09992
	               R(3,4)       1.52421        0.04084        0.00865       1.53286
	               R(3,8)       1.09546        0.05686        0.01057       1.10604
	               R(3,9)       1.09546        0.05686        0.01057       1.10604
	              R(4,10)       1.09275        0.06064        0.01118       1.10393
	              R(4,11)       1.09275        0.06064        0.01118       1.10393
	              R(4,12)       1.09288        0.05053        0.00932       1.10219
	             B(1,2,3)     123.38106        0.00029        0.97370     124.35475
	             B(1,2,7)     119.96509       -0.00029       -1.13673     118.82836
	             B(2,1,5)     122.82603       -0.00025       -1.17275     121.65328
	             B(2,1,6)     121.17048        0.00009        0.42226     121.59274
	             B(2,3,4)     114.68339       -0.00050       -1.59268     113.09071
	             B(2,3,8)     109.01155        0.00013        0.36109     109.37264
	             B(2,3,9)     109.01155        0.00013        0.36109     109.37264
	             B(3,2,7)     116.65385       -0.00000        0.16304     116.81688
	            B(3,4,10)     110.71240        0.00007        0.30241     111.01481
	            B(3,4,11)     110.71240        0.00007        0.30241     111.01481
	            B(3,4,12)     111.23653       -0.00004       -0.14550     111.09103
	             B(4,3,8)     108.47996        0.00020        0.85369     109.33365
	             B(4,3,9)     108.47996        0.00020        0.85369     109.33365
	             B(5,1,6)     116.00349        0.00016        0.75050     116.75398
	             B(8,3,9)     106.89555       -0.00015       -0.79748     106.09807
	           B(10,4,11)     108.16884       -0.00008       -0.40064     107.76820
	           B(10,4,12)     107.94418       -0.00001       -0.04184     107.90234
	           B(11,4,12)     107.94418       -0.00001       -0.04184     107.90234
	           D(1,2,3,4)     180.00000        0.00000        0.00000     180.00000
	           D(1,2,3,8)     -58.17480        0.00002        0.27579     -57.89902
	           D(1,2,3,9)      58.17480       -0.00002       -0.27579      57.89902
	          D(2,3,4,10)      59.97920       -0.00000       -0.05250      59.92670
	          D(2,3,4,11)     -59.97920        0.00000        0.05250     -59.92670
	          D(2,3,4,12)     180.00000       -0.00000        0.00000     180.00000
	           D(3,2,1,5)       0.00000       -0.00000       -0.00000      -0.00000
	           D(3,2,1,6)     180.00000        0.00000        0.00000     180.00000
	           D(4,3,2,7)       0.00000        0.00000        0.00000       0.00000
	           D(5,1,2,7)     180.00000       -0.00000        0.00000     180.00000
	           D(6,1,2,7)       0.00000        0.00000        0.00000       0.00000
	           D(7,2,3,8)     121.82520        0.00002        0.27579     122.10098
	           D(7,2,3,9)    -121.82520       -0.00002       -0.27579    -122.10098
	          D(8,3,4,10)     -62.13505        0.00001       -0.06105     -62.19610
	          D(8,3,4,11)     177.90655        0.00002        0.04394     177.95050
	          D(8,3,4,12)      57.88575        0.00002       -0.00855      57.87720
	          D(9,3,4,10)    -177.90655       -0.00002       -0.04394    -177.95050
	          D(9,3,4,11)      62.13505       -0.00001        0.06105      62.19610
	          D(9,3,4,12)     -57.88575       -0.00002        0.00855     -57.87720
	-------------------------------------------------------------------------------

	                                 ==> Convergence Check <==                                  
    
	Measures of convergence in internal coordinates in au.
    
	Criteria marked as inactive (o), active & met (*), and active & unmet ( ).

	----------------------------------------------------------------------------------------------~
	   Step    Total Energy     Delta E     Max Force     RMS Force      Max Disp      RMS Disp   ~
	----------------------------------------------------------------------------------------------~
	  Convergence Criteria     1.00e-06 *    3.00e-04 *             o    1.20e-03 *             o~
	----------------------------------------------------------------------------------------------~
	     1    -156.67528609   -1.57e+02      2.71e-02      5.47e-03 o    4.45e-02      1.44e-02 o  ~
	----------------------------------------------------------------------------------------------

Next Geometry in Ang 
	Fragment 1 (Ang)

	    C   1.9143579347   0.3423736504   0.0000000000
	    C   0.7134583860  -0.2718028066  -0.0000000000
	    C  -0.6203385397   0.4541591481  -0.0000000000
	    C  -1.8224548523  -0.4969408758   0.0000000000
	    H   2.0016965394   1.4358409083   0.0000000000
	    H   2.8504300856  -0.2272299924   0.0000000000
	    H   0.6800263009  -1.3712097599  -0.0000000000
	    H  -0.6775073688   1.1165693244   0.8838885541
	    H  -0.6775073688   1.1165693244  -0.8838885541
	    H  -1.8125068250  -1.1475437079   0.8917834520
	    H  -1.8125068250  -1.1475437079  -0.8917834520
	    H  -2.7715662587   0.0634311263   0.0000000000


    Structure for next step:
    Molecular point group: cs
    Full point group: Cs

    Geometry (in Angstrom), charge = 0, multiplicity = 1:

    C            1.914652851105     0.339321844648     0.000000000000
    C            0.713753302411    -0.274854612383     0.000000000000
    C           -0.620043623353     0.451107342355     0.000000000000
    C           -1.822159935955    -0.499992681597     0.000000000000
    H            2.001991455793     1.432789102593     0.000000000000
    H            2.850725001977    -0.230281798186     0.000000000000
    H            0.680321217274    -1.374261565661     0.000000000000
    H           -0.677212452404     1.113517518620     0.883888554059
    H           -0.677212452404     1.113517518620    -0.883888554059
    H           -1.812211908628    -1.150595513653     0.891783451987
    H           -1.812211908628    -1.150595513653    -0.891783451987
    H           -2.771271342332     0.060379320547     0.000000000000


Scratch directory: /tmp/
gradient() will perform analytic gradient computation.
   => Libint2 <=

    Primary   basis highest AM E, G, H:  6, 6, 3
    Auxiliary basis highest AM E, G, H:  7, 7, 4
    Onebody   basis highest AM E, G, H:  -, -, -
    Solid Harmonics ordering:            Gaussian

*** tstart() called on flexpad
*** at Mon Aug  3 19:11:42 2026

   => Loading Basis Set <=

    Name: CC-PVDZ
    Role: ORBITAL
    Keyword: BASIS
    atoms 1-4  entry C          line   138 file /home/peter/miniconda3/envs/research/share/psi4/basis/cc-pvdz.gbs 
    atoms 5-12 entry H          line    22 file /home/peter/miniconda3/envs/research/share/psi4/basis/cc-pvdz.gbs 


         ---------------------------------------------------------
                                   SCF
               by Justin Turney, Rob Parrish, Andy Simmonett
                          and Daniel G. A. Smith
                              RHF Reference
                        7 Threads,   8583 MiB Core
         ---------------------------------------------------------

  ==> Geometry <==

    Molecular point group: cs
    Full point group: Cs

    Geometry (in Angstrom), charge = 0, multiplicity = 1:

       Center              X                  Y                   Z               Mass       
    ------------   -----------------  -----------------  -----------------  -----------------
         C            1.914652851105     0.339321844648     0.000000000000    12.000000000000
         C            0.713753302411    -0.274854612383     0.000000000000    12.000000000000
         C           -0.620043623353     0.451107342355     0.000000000000    12.000000000000
         C           -1.822159935955    -0.499992681597     0.000000000000    12.000000000000
         H            2.001991455793     1.432789102593     0.000000000000     1.007825032230
         H            2.850725001977    -0.230281798186     0.000000000000     1.007825032230
         H            0.680321217274    -1.374261565661     0.000000000000     1.007825032230
         H           -0.677212452404     1.113517518620     0.883888554059     1.007825032230
         H           -0.677212452404     1.113517518620    -0.883888554059     1.007825032230
         H           -1.812211908628    -1.150595513653     0.891783451987     1.007825032230
         H           -1.812211908628    -1.150595513653    -0.891783451987     1.007825032230
         H           -2.771271342332     0.060379320547     0.000000000000     1.007825032230

  Running in cs symmetry.

  Rotational constants: A =      0.96379  B =      0.13136  C =      0.12087 [cm^-1]
  Rotational constants: A =  28893.58890  B =   3938.04367  C =   3623.61838 [MHz]
  Nuclear repulsion =  115.728050741021576

  Charge       = 0
  Multiplicity = 1
  Electrons    = 32
  Nalpha       = 16
  Nbeta        = 16

  ==> Algorithm <==

  SCF Algorithm Type is DF.
  DIIS enabled.
  MOM disabled.
  Fractional occupation disabled.
  Guess Type is READ.
  Energy threshold   = 1.00e-09
  Density threshold  = 1.00e-09
  Integral threshold = 1.00e-12

  ==> Primary Basis <==

  Basis Set: CC-PVDZ
    Blend: CC-PVDZ
    Number of shells: 48
    Number of basis functions: 96
    Number of Cartesian functions: 100
    Spherical Harmonics?: true
    Max angular momentum: 2

   => Loading Basis Set <=

    Name: (CC-PVDZ AUX)
    Role: JKFIT
    Keyword: DF_BASIS_SCF
    atoms 1-4  entry C          line   121 file /home/peter/miniconda3/envs/research/share/psi4/basis/cc-pvdz-jkfit.gbs 
    atoms 5-12 entry H          line    51 file /home/peter/miniconda3/envs/research/share/psi4/basis/cc-pvdz-jkfit.gbs 

   => Loading Basis Set <=

    Name: CC-PVDZ
    Role: ORBITAL
    Keyword: BASIS
    atoms 1-4  entry C          line   138 file /home/peter/miniconda3/envs/research/share/psi4/basis/cc-pvdz.gbs 
    atoms 5-12 entry H          line    22 file /home/peter/miniconda3/envs/research/share/psi4/basis/cc-pvdz.gbs 

  Reading orbitals from file /tmp/psi4.default.339749.180.npy, no projection.

  ==> Integral Setup <==

  DFHelper Memory: AOs need 0.035 GiB; user supplied 6.286 GiB. 
  Using in-core AOs.

  ==> MemDFJK: Density-Fitted J/K Matrices <==

    J tasked:                   Yes
    K tasked:                   Yes
    wK tasked:                   No
    OpenMP threads:               7
    Memory [MiB]:              6437
    Algorithm:                 Core
    Schwarz Cutoff:           1E-12
    Mask sparsity (%):       0.8030
    Fitting Condition:        1E-10

   => Auxiliary Basis Set <=

  Basis Set: (CC-PVDZ AUX)
    Blend: CC-PVDZ-JKFIT
    Number of shells: 168
    Number of basis functions: 464
    Number of Cartesian functions: 524
    Spherical Harmonics?: true
    Max angular momentum: 3

  Minimum eigenvalue in the overlap matrix is 2.8572289685E-03.
  Reciprocal condition number of the overlap matrix is 5.4007328319E-04.
    Using symmetric orthogonalization.

  ==> Pre-Iterations <==

  SCF Guess: Orbitals guess was supplied from a previous computation.

   -------------------------------------------------------
    Irrep   Nso     Nmo     Nalpha   Nbeta   Ndocc  Nsocc
   -------------------------------------------------------
     A'        66      66      13      13      13       0
     A"        30      30       3       3       3       0
   -------------------------------------------------------
    Total      96      96      16      16      16       0
   -------------------------------------------------------

  ==> Iterations <==

                           Total Energy        Delta E     RMS |[F,P]|

   @DF-RHF iter   0:  -156.05023740795241   -1.56050e+02   1.15823e-03 
   @DF-RHF iter   1:  -156.11400498317357   -6.37676e-02   2.10731e-04 ADIIS/DIIS
   @DF-RHF iter   2:  -156.11415006058405   -1.45077e-04   9.01142e-05 DIIS
   @DF-RHF iter   3:  -156.11417276647848   -2.27059e-05   1.60075e-05 DIIS
   @DF-RHF iter   4:  -156.11417396442280   -1.19794e-06   6.80492e-06 DIIS
   @DF-RHF iter   5:  -156.11417410395197   -1.39529e-07   9.69855e-07 DIIS
   @DF-RHF iter   6:  -156.11417410955687   -5.60490e-09   1.64901e-07 DIIS
   @DF-RHF iter   7:  -156.11417410970253   -1.45661e-10   5.51770e-08 DIIS
   @DF-RHF iter   8:  -156.11417410971671   -1.41824e-11   1.26295e-08 DIIS
   @DF-RHF iter   9:  -156.11417410971802   -1.30740e-12   4.28965e-09 DIIS
   @DF-RHF iter  10:  -156.11417410971819   -1.70530e-13   1.42878e-09 DIIS
   @DF-RHF iter  11:  -156.11417410971814    5.68434e-14   4.86007e-10 DIIS
  Energy and wave function converged.


  ==> Post-Iterations <==

    Orbital Energies [Eh]
    ---------------------

    Doubly Occupied:                                                      

       1Ap   -11.239106     2Ap   -11.233885     3Ap   -11.227580  
       4Ap   -11.227042     5Ap    -1.071693     6Ap    -0.984750  
       7Ap    -0.847474     8Ap    -0.752341     9Ap    -0.613345  
       1App   -0.606728    10Ap    -0.600479    11Ap    -0.525682  
       2App   -0.496461    12Ap    -0.496074    13Ap    -0.471578  
       3App   -0.350382  

    Virtual:                                                              

       4App    0.161856    14Ap     0.191084    15Ap     0.212766  
      16Ap     0.214878     5App    0.249292    17Ap     0.265757  
      18Ap     0.269601    19Ap     0.283848     6App    0.306026  
      20Ap     0.384108    21Ap     0.416404    22Ap     0.476798  
      23Ap     0.575248     7App    0.603025    24Ap     0.607771  
      25Ap     0.690845     8App    0.699749    26Ap     0.711964  
      27Ap     0.758456     9App    0.793936    10App    0.823242  
      28Ap     0.859819    29Ap     0.865712    11App    0.886353  
      30Ap     0.888575    12App    0.902541    31Ap     0.910653  
      32Ap     0.918070    33Ap     0.931299    34Ap     0.966961  
      35Ap     0.987531    36Ap     1.024284    13App    1.094558  
      14App    1.231462    37Ap     1.237396    38Ap     1.256637  
      15App    1.270705    39Ap     1.311851    40Ap     1.394951  
      16App    1.461118    41Ap     1.608369    17App    1.613394  
      18App    1.685975    42Ap     1.688035    43Ap     1.697278  
      44Ap     1.750509    45Ap     1.773182    19App    1.805615  
      46Ap     1.859267    20App    1.901987    47Ap     1.914429  
      21App    1.920095    48Ap     1.945475    22App    1.946681  
      49Ap     1.952203    50Ap     1.984325    23App    1.992317  
      24App    2.013353    51Ap     2.076043    52Ap     2.163157  
      25App    2.193490    53Ap     2.225267    54Ap     2.244220  
      26App    2.284207    55Ap     2.374088    56Ap     2.413002  
      27App    2.426869    57Ap     2.500097    58Ap     2.549099  
      28App    2.552055    59Ap     2.568166    60Ap     2.677015  
      61Ap     2.738999    62Ap     2.778332    63Ap     2.822530  
      29App    2.849062    64Ap     2.895637    30App    2.960520  
      65Ap     3.051005    66Ap     3.335338  

    Final Occupation by Irrep:
             Ap   App 
    DOCC [    13,    3 ]
    NA   [    13,    3 ]
    NB   [    13,    3 ]

  @DF-RHF Final Energy:  -156.11417410971814

   => Energetics <=

    Nuclear Repulsion Energy =            115.7280507410215762
    One-Electron Energy =                -438.1952483219148462
    Two-Electron Energy =                 166.3530234711751632
    Total Energy =                       -156.1141741097181352

Computation Completed


Properties will be evaluated at   0.000000,   0.000000,   0.000000 [a0]

Properties computed using the SCF density matrix


 Multipole Moments:

 ------------------------------------------------------------------------------------
     Multipole            Electronic (a.u.)      Nuclear  (a.u.)        Total (a.u.)
 ------------------------------------------------------------------------------------

 L = 1.  Multiply by 2.5417464519 to convert [e a0] to [Debye]
 Dipole X            :          1.9335375           -2.0784471           -0.1449096
 Dipole Y            :          0.1936093           -0.1739296            0.0196797
 Dipole Z            :          0.0000000            0.0000000            0.0000000
 Magnitude           :                                                    0.1462398

 ------------------------------------------------------------------------------------

*** tstop() called on flexpad at Mon Aug  3 19:11:43 2026
Module time:
	user time   =       4.09 seconds =       0.07 minutes
	system time =       0.10 seconds =       0.00 minutes
	total time  =          1 seconds =       0.02 minutes
Total time:
	user time   =      21.80 seconds =       0.36 minutes
	system time =       0.81 seconds =       0.01 minutes
	total time  =          4 seconds =       0.07 minutes

*** tstart() called on flexpad
*** at Mon Aug  3 19:11:43 2026


  //>>>>>>>>>>>>>>>>>>>>>>>>>>>>>>>>>>>//
  //               DFMP2               //
  //<<<<<<<<<<<<<<<<<<<<<<<<<<<<<<<<<<<//

   => Loading Basis Set <=

    Name: (CC-PVDZ AUX)
    Role: RIFIT
    Keyword: DF_BASIS_MP2
    atoms 1-4  entry C          line   159 file /home/peter/miniconda3/envs/research/share/psi4/basis/cc-pvdz-ri.gbs 
    atoms 5-12 entry H          line    19 file /home/peter/miniconda3/envs/research/share/psi4/basis/cc-pvdz-ri.gbs 

	 --------------------------------------------------------
	                          DF-MP2                         
	      2nd-Order Density-Fitted Moller-Plesset Theory     
	              RMP2 Wavefunction,   7 Threads             
	                                                         
	        Rob Parrish, Justin Turney, Andy Simmonett,      
	           Ed Hohenstein, and C. David Sherrill          
	 --------------------------------------------------------

   => Auxiliary Basis Set <=

  Basis Set: (CC-PVDZ AUX)
    Blend: CC-PVDZ-RI
    Number of shells: 120
    Number of basis functions: 336
    Number of Cartesian functions: 384
    Spherical Harmonics?: true
    Max angular momentum: 3

	 --------------------------------------------------------
	                 NBF =    96, NAUX =   336
	 --------------------------------------------------------
	   CLASS    FOCC     OCC    AOCC    AVIR     VIR    FVIR
	   PAIRS       4      16      12      80      80       0
	 --------------------------------------------------------

  DFHelper Memory: AOs need 0.035 GiB; user supplied 6.286 GiB. 
  Using in-core AOs.


         ------------------------------------------------------------
                                     CPHF                           
                                  Rob Parrish                       
         ------------------------------------------------------------

  ==> Geometry <==

    Molecular point group: cs
    Full point group: Cs

    Geometry (in Angstrom), charge = 0, multiplicity = 1:

       Center              X                  Y                   Z               Mass       
    ------------   -----------------  -----------------  -----------------  -----------------
         C            1.914652851105     0.339321844648     0.000000000000    12.000000000000
         C            0.713753302411    -0.274854612383     0.000000000000    12.000000000000
         C           -0.620043623353     0.451107342355     0.000000000000    12.000000000000
         C           -1.822159935955    -0.499992681597     0.000000000000    12.000000000000
         H            2.001991455793     1.432789102593     0.000000000000     1.007825032230
         H            2.850725001977    -0.230281798186     0.000000000000     1.007825032230
         H            0.680321217274    -1.374261565661     0.000000000000     1.007825032230
         H           -0.677212452404     1.113517518620     0.883888554059     1.007825032230
         H           -0.677212452404     1.113517518620    -0.883888554059     1.007825032230
         H           -1.812211908628    -1.150595513653     0.891783451987     1.007825032230
         H           -1.812211908628    -1.150595513653    -0.891783451987     1.007825032230
         H           -2.771271342332     0.060379320547     0.000000000000     1.007825032230

  Nuclear repulsion =  115.728050741021576
  Reference energy  = -156.114174109718135

  ==> Basis Set <==

  Basis Set: CC-PVDZ
    Blend: CC-PVDZ
    Number of shells: 48
    Number of basis functions: 96
    Number of Cartesian functions: 100
    Spherical Harmonics?: true
    Max angular momentum: 2

  ==> CGRSolver (by Rob Parrish) <==

   Number of roots    =         1
   Preconditioning    =    JACOBI
   Convergence cutoff =     1E-06
   Maximum iterations =       100

  ==> CPHFRHamiltonian (by Rob Parrish) <== 

  ==> MemDFJK: Density-Fitted J/K Matrices <==

    J tasked:                   Yes
    K tasked:                   Yes
    wK tasked:                   No
    OpenMP threads:               7
    Memory [MiB]:              6437
    Algorithm:                 Core
    Schwarz Cutoff:           1E-12
    Mask sparsity (%):       0.8030
    Fitting Condition:        1E-10

   => Auxiliary Basis Set <=

  Basis Set: (CC-PVDZ AUX)
    Blend: CC-PVDZ-JKFIT
    Number of shells: 168
    Number of basis functions: 464
    Number of Cartesian functions: 524
    Spherical Harmonics?: true
    Max angular momentum: 3

  ==> CPHF Iterations <==

  => Iterations <=

             Iter  Converged  Remaining    Residual
  CGR           1          0          1   7.872E-02
  CGR           2          0          1   1.731E-02
  CGR           3          0          1   6.387E-03
  CGR           4          0          1   2.154E-03
  CGR           5          0          1   4.870E-04
  CGR           6          0          1   1.520E-04
  CGR           7          0          1   3.512E-05
  CGR           8          0          1   7.346E-06
  CGR           9          0          1   1.769E-06
  CGR          10          1          0   4.627E-07

    CGRSolver converged.

  ==> DFCorrGrad: Density-Fitted Correlated Gradients <==

    OpenMP threads:              7
    Integrals threads:           7
    Memory [GiB]:            6.286
    Schwarz Cutoff:          0E+00
    Fitting Condition:       1E-10

   => Auxiliary Basis Set <=

  Basis Set: (CC-PVDZ AUX)
    Blend: CC-PVDZ-JKFIT
    Number of shells: 168
    Number of basis functions: 464
    Number of Cartesian functions: 524
    Spherical Harmonics?: true
    Max angular momentum: 3

	-----------------------------------------------------------
	 ==================> DF-MP2 Energies <==================== 
	-----------------------------------------------------------
	 Reference Energy          =    -156.1141741097181352 [Eh]
	 Singles Energy            =      -0.0000000000000000 [Eh]
	 Same-Spin Energy          =      -0.1276922745309987 [Eh]
	 Opposite-Spin Energy      =      -0.4350782756938393 [Eh]
	 Correlation Energy        =      -0.5627705502248380 [Eh]
	 Total Energy              =    -156.6769446599429614 [Eh]
	-----------------------------------------------------------
	 ================> DF-SCS-MP2 Energies <================== 
	-----------------------------------------------------------
	 SCS Same-Spin Scale       =       0.3333333333333333 [-]
	 SCS Opposite-Spin Scale   =       1.2000000000000000 [-]
	 SCS Same-Spin Energy      =      -0.0425640915103329 [Eh]
	 SCS Opposite-Spin Energy  =      -0.5220939308326071 [Eh]
	 SCS Correlation Energy    =      -0.5646580223429400 [Eh]
	 SCS Total Energy          =    -156.6788321320610748 [Eh]
	-----------------------------------------------------------


  -Total Gradient:
     Atom            X                  Y                   Z
    ------   -----------------  -----------------  -----------------
       1       -0.001107672615     0.000832064958     0.000000000000
       2        0.000484013950    -0.001184427102     0.000000000000
       3        0.000194051405     0.000438107501     0.000000000000
       4       -0.000820201805    -0.000078444006     0.000000000000
       5        0.001018838350     0.000337248886     0.000000000000
       6        0.001399967710     0.000165604448     0.000000000000
       7       -0.000378313660    -0.000365469607     0.000000000000
       8       -0.000186160810     0.000120992281     0.000301842684
       9       -0.000186160810     0.000120992281    -0.000301842684
      10       -0.000249419789    -0.000320658446     0.000310177163
      11       -0.000249419789    -0.000320658446    -0.000310177163
      12        0.000080477861     0.000254647254     0.000000000000


*** tstop() called on flexpad at Mon Aug  3 19:11:44 2026
Module time:
	user time   =      10.44 seconds =       0.17 minutes
	system time =       0.24 seconds =       0.00 minutes
	total time  =          1 seconds =       0.02 minutes
Total time:
	user time   =      32.25 seconds =       0.54 minutes
	system time =       1.05 seconds =       0.02 minutes
	total time  =          5 seconds =       0.08 minutes

    			-----------------------------------------

    			 OPTKING 3.0: for geometry optimizations 

    			     By R.A. King, Bethel University     

    			        with contributions from          

    			    A.V. Copan, J. Cayton, A. Heide      

    			-----------------------------------------

    
	                            ===> Fragment 1 <== 

	 Z (Atomic Numbers)          Masses                          Geom                  
	       6.000000            12.000000          3.61816951  0.64122535  0.00000000   
	       6.000000            12.000000          1.34879826 -0.51939994  0.00000000   
	       6.000000            12.000000         -1.17171263  0.85246933  0.00000000   
	       6.000000            12.000000         -3.44338324 -0.94484923  0.00000000   
	       1.000000             1.007825          3.78321556  2.70757900  0.00000000   
	       1.000000             1.007825          5.38708951 -0.43516953  0.00000000   
	       1.000000             1.007825          1.28562078 -2.59697798  0.00000000   
	       1.000000             1.007825         -1.27974606  2.10424315  1.67030729   
	       1.000000             1.007825         -1.27974606  2.10424315 -1.67030729   
	       1.000000             1.007825         -3.42458419 -2.17431040  1.68522649   
	       1.000000             1.007825         -3.42458419 -2.17431040 -1.68522649   
	       1.000000             1.007825         -5.23694386  0.11410038  0.00000000   

	 - Coordinate -           - BOHR/RAD -       - ANG/DEG -
	 R(1,2)           =         2.548940           1.348841
	 R(1,5)           =         2.072935           1.096950
	 R(1,6)           =         2.070677           1.095755
	 R(2,3)           =         2.869669           1.518563
	 R(2,7)           =         2.078538           1.099915
	 R(3,4)           =         2.896695           1.532865
	 R(3,8)           =         2.090104           1.106035
	 R(3,9)           =         2.090104           1.106035
	 R(4,10)          =         2.086125           1.103930
	 R(4,11)          =         2.086125           1.103930
	 R(4,12)          =         2.082843           1.102193
	 B(1,2,3)         =         2.170400         124.354753
	 B(1,2,7)         =         2.073946         118.828362
	 B(2,1,5)         =         2.123250         121.653276
	 B(2,1,6)         =         2.122194         121.592740
	 B(2,3,4)         =         1.973805         113.090710
	 B(2,3,8)         =         1.908913         109.372636
	 B(2,3,9)         =         1.908913         109.372636
	 B(3,2,7)         =         2.038839         116.816885
	 B(3,4,10)        =         1.937574         111.014811
	 B(3,4,11)        =         1.937574         111.014811
	 B(3,4,12)        =         1.938904         111.091030
	 B(4,3,8)         =         1.908232         109.333650
	 B(4,3,9)         =         1.908232         109.333650
	 B(5,1,6)         =         2.037741         116.753984
	 B(8,3,9)         =         1.851761         106.098071
	 B(10,4,11)       =         1.880910         107.768195
	 B(10,4,12)       =         1.883251         107.902338
	 B(11,4,12)       =         1.883251         107.902338
	 D(1,2,3,4)       =         3.141593         180.000000
	 D(1,2,3,8)       =        -1.010528         -57.899015
	 D(1,2,3,9)       =         1.010528          57.899015
	 D(2,3,4,10)      =         1.045918          59.926699
	 D(2,3,4,11)      =        -1.045918         -59.926699
	 D(2,3,4,12)      =         3.141593         180.000000
	 D(3,2,1,5)       =         0.000000           0.000000
	 D(3,2,1,6)       =         3.141593         180.000000
	 D(4,3,2,7)       =         0.000000           0.000000
	 D(5,1,2,7)       =         3.141593         180.000000
	 D(6,1,2,7)       =         0.000000           0.000000
	 D(7,2,3,8)       =         2.131064         122.100985
	 D(7,2,3,9)       =        -2.131064        -122.100985
	 D(8,3,4,10)      =        -1.085527         -62.196105
	 D(8,3,4,11)      =         3.105822         177.950497
	 D(8,3,4,12)      =         1.010148          57.877196
	 D(9,3,4,10)      =        -3.105822        -177.950497
	 D(9,3,4,11)      =         1.085527          62.196105
	 D(9,3,4,12)      =        -1.010148         -57.877196


	        --- Internal Coordinate Step in ANG or DEG, aJ/ANG or AJ/DEG ---
	-------------------------------------------------------------------------------
	           Coordinate      Previous         Force          Change          New 
	           ----------      --------        ------          ------        ------
	               R(1,2)       1.34884       -0.01463       -0.00112       1.34772
	               R(1,5)       1.09695       -0.00344       -0.00039       1.09655
	               R(1,6)       1.09576       -0.00914       -0.00140       1.09436
	               R(2,3)       1.51856       -0.01110       -0.00190       1.51667
	               R(2,7)       1.09992       -0.00310       -0.00033       1.09959
	               R(3,4)       1.53286       -0.01038       -0.00201       1.53085
	               R(3,8)       1.10604       -0.00266       -0.00031       1.10572
	               R(3,9)       1.10604       -0.00266       -0.00031       1.10572
	              R(4,10)       1.10393       -0.00360       -0.00047       1.10346
	              R(4,11)       1.10393       -0.00360       -0.00047       1.10346
	              R(4,12)       1.10219       -0.00050        0.00006       1.10226
	             B(1,2,3)     124.35475        0.00004        0.16374     124.51850
	             B(1,2,7)     118.82836       -0.00005       -0.22522     118.60314
	             B(2,1,5)     121.65328       -0.00006       -0.28581     121.36746
	             B(2,1,6)     121.59274       -0.00004       -0.17231     121.42043
	             B(2,3,4)     113.09071       -0.00011       -0.42527     112.66544
	             B(2,3,8)     109.37264        0.00003        0.03702     109.40966
	             B(2,3,9)     109.37264        0.00003        0.03702     109.40966
	             B(3,2,7)     116.81688        0.00001        0.06148     116.87837
	            B(3,4,10)     111.01481       -0.00003       -0.15714     110.85767
	            B(3,4,11)     111.01481       -0.00003       -0.15714     110.85767
	            B(3,4,12)     111.09103        0.00004        0.23619     111.32722
	             B(4,3,8)     109.33365        0.00004        0.18077     109.51442
	             B(4,3,9)     109.33365        0.00004        0.18077     109.51442
	             B(5,1,6)     116.75398        0.00010        0.45812     117.21211
	             B(8,3,9)     106.09807       -0.00002        0.01709     106.11516
	           B(10,4,11)     107.76820        0.00002       -0.01358     107.75462
	           B(10,4,12)     107.90234        0.00000        0.04737     107.94970
	           B(11,4,12)     107.90234        0.00000        0.04737     107.94970
	           D(1,2,3,4)     180.00000       -0.00000        0.00000     180.00000
	           D(1,2,3,8)     -57.89902       -0.00000       -0.03103     -57.93005
	           D(1,2,3,9)      57.89902        0.00000        0.03103      57.93005
	          D(2,3,4,10)      59.92670       -0.00001       -0.11212      59.81458
	          D(2,3,4,11)     -59.92670        0.00001        0.11212     -59.81458
	          D(2,3,4,12)     180.00000       -0.00000        0.00000     180.00000
	           D(3,2,1,5)       0.00000        0.00000       -0.00000      -0.00000
	           D(3,2,1,6)     180.00000        0.00000        0.00000     180.00000
	           D(4,3,2,7)       0.00000        0.00000       -0.00000      -0.00000
	           D(5,1,2,7)     180.00000       -0.00000        0.00000     180.00000
	           D(6,1,2,7)       0.00000       -0.00000        0.00000       0.00000
	           D(7,2,3,8)     122.10098       -0.00000       -0.03103     122.06995
	           D(7,2,3,9)    -122.10098        0.00000        0.03103    -122.06995
	          D(8,3,4,10)     -62.19610        0.00000       -0.00012     -62.19622
	          D(8,3,4,11)     177.95050        0.00002        0.22413     178.17463
	          D(8,3,4,12)      57.87720        0.00001        0.11201      57.98920
	          D(9,3,4,10)    -177.95050       -0.00002       -0.22413    -178.17463
	          D(9,3,4,11)      62.19610       -0.00000        0.00012      62.19622
	          D(9,3,4,12)     -57.87720       -0.00001       -0.11201     -57.98920
	-------------------------------------------------------------------------------

	                                 ==> Convergence Check <==                                  
    
	Measures of convergence in internal coordinates in au.
    
	Criteria marked as inactive (o), active & met (*), and active & unmet ( ).

	----------------------------------------------------------------------------------------------
	   Step    Total Energy     Delta E     Max Force     RMS Force      Max Disp      RMS Disp   
	----------------------------------------------------------------------------------------------
	  Convergence Criteria     1.00e-06 *    3.00e-04 *             o    1.20e-03 *             o
	----------------------------------------------------------------------------------------------
	     2    -156.67694466   -1.66e-03      1.78e-03      5.77e-04 o    8.00e-03      2.59e-03 o  ~
	----------------------------------------------------------------------------------------------

Next Geometry in Ang 
	Fragment 1 (Ang)

	    C   1.9118759248   0.3362154381  -0.0000000000
	    C   0.7088969712  -0.2714004332  -0.0000000000
	    C  -0.6216519475   0.4565557718   0.0000000000
	    C  -1.8171909431  -0.4995760732   0.0000000000
	    H   1.9992357634   1.4292848459  -0.0000000000
	    H   2.8421480762  -0.2401633791  -0.0000000000
	    H   0.6742596446  -1.3704429940  -0.0000000000
	    H  -0.6782432373   1.1186954439   0.8837388352
	    H  -0.6782432373   1.1186954439  -0.8837388352
	    H  -1.8002013103  -1.1498635820   0.8913293585
	    H  -1.8002013103  -1.1498635820  -0.8913293585
	    H  -2.7715641896   0.0519140622  -0.0000000000


    Structure for next step:
    Molecular point group: cs
    Full point group: Cs

    Geometry (in Angstrom), charge = 0, multiplicity = 1:

    C            1.912713649802     0.334997294495     0.000000000000
    C            0.709734696270    -0.272618576852     0.000000000000
    C           -0.620814222509     0.455337628139     0.000000000000
    C           -1.816353218029    -0.500794216822     0.000000000000
    H            2.000073488483     1.428066702218     0.000000000000
    H            2.842985801202    -0.241381522792     0.000000000000
    H            0.675097369686    -1.371661137682     0.000000000000
    H           -0.677405512229     1.117477300301     0.883738835231
    H           -0.677405512229     1.117477300301    -0.883738835231
    H           -1.799363585261    -1.151081725667     0.891329358535
    H           -1.799363585261    -1.151081725667    -0.891329358535
    H           -2.770726464594     0.050695918525     0.000000000000


Scratch directory: /tmp/
gradient() will perform analytic gradient computation.
   => Libint2 <=

    Primary   basis highest AM E, G, H:  6, 6, 3
    Auxiliary basis highest AM E, G, H:  7, 7, 4
    Onebody   basis highest AM E, G, H:  -, -, -
    Solid Harmonics ordering:            Gaussian

*** tstart() called on flexpad
*** at Mon Aug  3 19:11:45 2026

   => Loading Basis Set <=

    Name: CC-PVDZ
    Role: ORBITAL
    Keyword: BASIS
    atoms 1-4  entry C          line   138 file /home/peter/miniconda3/envs/research/share/psi4/basis/cc-pvdz.gbs 
    atoms 5-12 entry H          line    22 file /home/peter/miniconda3/envs/research/share/psi4/basis/cc-pvdz.gbs 


         ---------------------------------------------------------
                                   SCF
               by Justin Turney, Rob Parrish, Andy Simmonett
                          and Daniel G. A. Smith
                              RHF Reference
                        7 Threads,   8583 MiB Core
         ---------------------------------------------------------

  ==> Geometry <==

    Molecular point group: cs
    Full point group: Cs

    Geometry (in Angstrom), charge = 0, multiplicity = 1:

       Center              X                  Y                   Z               Mass       
    ------------   -----------------  -----------------  -----------------  -----------------
         C            1.912713649802     0.334997294495     0.000000000000    12.000000000000
         C            0.709734696270    -0.272618576852     0.000000000000    12.000000000000
         C           -0.620814222509     0.455337628139     0.000000000000    12.000000000000
         C           -1.816353218029    -0.500794216822     0.000000000000    12.000000000000
         H            2.000073488483     1.428066702218     0.000000000000     1.007825032230
         H            2.842985801202    -0.241381522792     0.000000000000     1.007825032230
         H            0.675097369686    -1.371661137682     0.000000000000     1.007825032230
         H           -0.677405512229     1.117477300301     0.883738835231     1.007825032230
         H           -0.677405512229     1.117477300301    -0.883738835231     1.007825032230
         H           -1.799363585261    -1.151081725667     0.891329358535     1.007825032230
         H           -1.799363585261    -1.151081725667    -0.891329358535     1.007825032230
         H           -2.770726464594     0.050695918525     0.000000000000     1.007825032230

  Running in cs symmetry.

  Rotational constants: A =      0.96132  B =      0.13197  C =      0.12135 [cm^-1]
  Rotational constants: A =  28819.67540  B =   3956.38361  C =   3637.85227 [MHz]
  Nuclear repulsion =  115.873574070868770

  Charge       = 0
  Multiplicity = 1
  Electrons    = 32
  Nalpha       = 16
  Nbeta        = 16

  ==> Algorithm <==

  SCF Algorithm Type is DF.
  DIIS enabled.
  MOM disabled.
  Fractional occupation disabled.
  Guess Type is READ.
  Energy threshold   = 1.00e-09
  Density threshold  = 1.00e-09
  Integral threshold = 1.00e-12

  ==> Primary Basis <==

  Basis Set: CC-PVDZ
    Blend: CC-PVDZ
    Number of shells: 48
    Number of basis functions: 96
    Number of Cartesian functions: 100
    Spherical Harmonics?: true
    Max angular momentum: 2

   => Loading Basis Set <=

    Name: (CC-PVDZ AUX)
    Role: JKFIT
    Keyword: DF_BASIS_SCF
    atoms 1-4  entry C          line   121 file /home/peter/miniconda3/envs/research/share/psi4/basis/cc-pvdz-jkfit.gbs 
    atoms 5-12 entry H          line    51 file /home/peter/miniconda3/envs/research/share/psi4/basis/cc-pvdz-jkfit.gbs 

   => Loading Basis Set <=

    Name: CC-PVDZ
    Role: ORBITAL
    Keyword: BASIS
    atoms 1-4  entry C          line   138 file /home/peter/miniconda3/envs/research/share/psi4/basis/cc-pvdz.gbs 
    atoms 5-12 entry H          line    22 file /home/peter/miniconda3/envs/research/share/psi4/basis/cc-pvdz.gbs 

  Reading orbitals from file /tmp/psi4.default.339749.180.npy, no projection.

  ==> Integral Setup <==

  DFHelper Memory: AOs need 0.035 GiB; user supplied 6.286 GiB. 
  Using in-core AOs.

  ==> MemDFJK: Density-Fitted J/K Matrices <==

    J tasked:                   Yes
    K tasked:                   Yes
    wK tasked:                   No
    OpenMP threads:               7
    Memory [MiB]:              6437
    Algorithm:                 Core
    Schwarz Cutoff:           1E-12
    Mask sparsity (%):       0.7595
    Fitting Condition:        1E-10

   => Auxiliary Basis Set <=

  Basis Set: (CC-PVDZ AUX)
    Blend: CC-PVDZ-JKFIT
    Number of shells: 168
    Number of basis functions: 464
    Number of Cartesian functions: 524
    Spherical Harmonics?: true
    Max angular momentum: 3

  Minimum eigenvalue in the overlap matrix is 2.8285527760E-03.
  Reciprocal condition number of the overlap matrix is 5.3361311193E-04.
    Using symmetric orthogonalization.

  ==> Pre-Iterations <==

  SCF Guess: Orbitals guess was supplied from a previous computation.

   -------------------------------------------------------
    Irrep   Nso     Nmo     Nalpha   Nbeta   Ndocc  Nsocc
   -------------------------------------------------------
     A'        66      66      13      13      13       0
     A"        30      30       3       3       3       0
   -------------------------------------------------------
    Total      96      96      16      16      16       0
   -------------------------------------------------------

  ==> Iterations <==

                           Total Energy        Delta E     RMS |[F,P]|

   @DF-RHF iter   0:  -156.11758718483037   -1.56118e+02   1.45945e-04 
   @DF-RHF iter   1:  -156.11432153064436    3.26565e-03   2.40901e-05 DIIS
   @DF-RHF iter   2:  -156.11432423200182   -2.70136e-06   8.02930e-06 DIIS
   @DF-RHF iter   3:  -156.11432456482618   -3.32824e-07   2.84735e-06 DIIS
   @DF-RHF iter   4:  -156.11432459806099   -3.32348e-08   4.21216e-07 DIIS
   @DF-RHF iter   5:  -156.11432459918086   -1.11987e-09   1.61026e-07 DIIS
   @DF-RHF iter   6:  -156.11432459927704   -9.61791e-11   3.97104e-08 DIIS
   @DF-RHF iter   7:  -156.11432459928525   -8.21387e-12   1.10582e-08 DIIS
   @DF-RHF iter   8:  -156.11432459928588   -6.25278e-13   2.63817e-09 DIIS
   @DF-RHF iter   9:  -156.11432459928588    0.00000e+00   7.76774e-10 DIIS
  Energy and wave function converged.


  ==> Post-Iterations <==

    Orbital Energies [Eh]
    ---------------------

    Doubly Occupied:                                                      

       1Ap   -11.238460     2Ap   -11.233515     3Ap   -11.227047  
       4Ap   -11.226740     5Ap    -1.072565     6Ap    -0.985178  
       7Ap    -0.847526     8Ap    -0.752283     9Ap    -0.613893  
       1App   -0.607188    10Ap    -0.600839    11Ap    -0.525324  
       2App   -0.496409    12Ap    -0.496360    13Ap    -0.472048  
       3App   -0.350527  

    Virtual:                                                              

       4App    0.162146    14Ap     0.191295    15Ap     0.212836  
      16Ap     0.214761     5App    0.249150    17Ap     0.266088  
      18Ap     0.269711    19Ap     0.284201     6App    0.306417  
      20Ap     0.384750    21Ap     0.416236    22Ap     0.477050  
      23Ap     0.576148     7App    0.603203    24Ap     0.607630  
      25Ap     0.690809     8App    0.699603    26Ap     0.712556  
      27Ap     0.759827     9App    0.793792    10App    0.823603  
      28Ap     0.860788    29Ap     0.866482    11App    0.886826  
      30Ap     0.888518    12App    0.902730    31Ap     0.911220  
      32Ap     0.918738    33Ap     0.931857    34Ap     0.967349  
      35Ap     0.988133    36Ap     1.025117    13App    1.094444  
      14App    1.231513    37Ap     1.240300    38Ap     1.257442  
      15App    1.271896    39Ap     1.313199    40Ap     1.395831  
      16App    1.461698    41Ap     1.609204    17App    1.613845  
      18App    1.686202    42Ap     1.691208    43Ap     1.696434  
      44Ap     1.747098    45Ap     1.774755    19App    1.806647  
      46Ap     1.858405    20App    1.902752    47Ap     1.916726  
      21App    1.921785    22App    1.946879    48Ap     1.950234  
      49Ap     1.953328    50Ap     1.984211    23App    1.992639  
      24App    2.012745    51Ap     2.078714    52Ap     2.161879  
      25App    2.195098    53Ap     2.225546    54Ap     2.246413  
      26App    2.284507    55Ap     2.375259    56Ap     2.414705  
      27App    2.428541    57Ap     2.503705    58Ap     2.549284  
      28App    2.553360    59Ap     2.565213    60Ap     2.678411  
      61Ap     2.740054    62Ap     2.780666    63Ap     2.824716  
      29App    2.850164    64Ap     2.897084    30App    2.962258  
      65Ap     3.055292    66Ap     3.336500  

    Final Occupation by Irrep:
             Ap   App 
    DOCC [    13,    3 ]
    NA   [    13,    3 ]
    NB   [    13,    3 ]

  @DF-RHF Final Energy:  -156.11432459928588

   => Energetics <=

    Nuclear Repulsion Energy =            115.8735740708687700
    One-Electron Energy =                -438.4839930561138885
    Two-Electron Energy =                 166.4960943859592533
    Total Energy =                       -156.1143245992858795

Computation Completed


Properties will be evaluated at   0.000000,   0.000000,   0.000000 [a0]

Properties computed using the SCF density matrix


 Multipole Moments:

 ------------------------------------------------------------------------------------
     Multipole            Electronic (a.u.)      Nuclear  (a.u.)        Total (a.u.)
 ------------------------------------------------------------------------------------

 L = 1.  Multiply by 2.5417464519 to convert [e a0] to [Debye]
 Dipole X            :          1.9233993           -2.0681589           -0.1447597
 Dipole Y            :          0.2080280           -0.1888897            0.0191383
 Dipole Z            :          0.0000000            0.0000000            0.0000000
 Magnitude           :                                                    0.1460193

 ------------------------------------------------------------------------------------

*** tstop() called on flexpad at Mon Aug  3 19:11:45 2026
Module time:
	user time   =       4.43 seconds =       0.07 minutes
	system time =       0.14 seconds =       0.00 minutes
	total time  =          0 seconds =       0.00 minutes
Total time:
	user time   =      38.02 seconds =       0.63 minutes
	system time =       1.24 seconds =       0.02 minutes
	total time  =          6 seconds =       0.10 minutes

*** tstart() called on flexpad
*** at Mon Aug  3 19:11:45 2026


  //>>>>>>>>>>>>>>>>>>>>>>>>>>>>>>>>>>>//
  //               DFMP2               //
  //<<<<<<<<<<<<<<<<<<<<<<<<<<<<<<<<<<<//

   => Loading Basis Set <=

    Name: (CC-PVDZ AUX)
    Role: RIFIT
    Keyword: DF_BASIS_MP2
    atoms 1-4  entry C          line   159 file /home/peter/miniconda3/envs/research/share/psi4/basis/cc-pvdz-ri.gbs 
    atoms 5-12 entry H          line    19 file /home/peter/miniconda3/envs/research/share/psi4/basis/cc-pvdz-ri.gbs 

	 --------------------------------------------------------
	                          DF-MP2                         
	      2nd-Order Density-Fitted Moller-Plesset Theory     
	              RMP2 Wavefunction,   7 Threads             
	                                                         
	        Rob Parrish, Justin Turney, Andy Simmonett,      
	           Ed Hohenstein, and C. David Sherrill          
	 --------------------------------------------------------

   => Auxiliary Basis Set <=

  Basis Set: (CC-PVDZ AUX)
    Blend: CC-PVDZ-RI
    Number of shells: 120
    Number of basis functions: 336
    Number of Cartesian functions: 384
    Spherical Harmonics?: true
    Max angular momentum: 3

	 --------------------------------------------------------
	                 NBF =    96, NAUX =   336
	 --------------------------------------------------------
	   CLASS    FOCC     OCC    AOCC    AVIR     VIR    FVIR
	   PAIRS       4      16      12      80      80       0
	 --------------------------------------------------------

  DFHelper Memory: AOs need 0.035 GiB; user supplied 6.286 GiB. 
  Using in-core AOs.


         ------------------------------------------------------------
                                     CPHF                           
                                  Rob Parrish                       
         ------------------------------------------------------------

  ==> Geometry <==

    Molecular point group: cs
    Full point group: Cs

    Geometry (in Angstrom), charge = 0, multiplicity = 1:

       Center              X                  Y                   Z               Mass       
    ------------   -----------------  -----------------  -----------------  -----------------
         C            1.912713649802     0.334997294495     0.000000000000    12.000000000000
         C            0.709734696270    -0.272618576852     0.000000000000    12.000000000000
         C           -0.620814222509     0.455337628139     0.000000000000    12.000000000000
         C           -1.816353218029    -0.500794216822     0.000000000000    12.000000000000
         H            2.000073488483     1.428066702218     0.000000000000     1.007825032230
         H            2.842985801202    -0.241381522792     0.000000000000     1.007825032230
         H            0.675097369686    -1.371661137682     0.000000000000     1.007825032230
         H           -0.677405512229     1.117477300301     0.883738835231     1.007825032230
         H           -0.677405512229     1.117477300301    -0.883738835231     1.007825032230
         H           -1.799363585261    -1.151081725667     0.891329358535     1.007825032230
         H           -1.799363585261    -1.151081725667    -0.891329358535     1.007825032230
         H           -2.770726464594     0.050695918525     0.000000000000     1.007825032230

  Nuclear repulsion =  115.873574070868770
  Reference energy  = -156.114324599285879

  ==> Basis Set <==

  Basis Set: CC-PVDZ
    Blend: CC-PVDZ
    Number of shells: 48
    Number of basis functions: 96
    Number of Cartesian functions: 100
    Spherical Harmonics?: true
    Max angular momentum: 2

  ==> CGRSolver (by Rob Parrish) <==

   Number of roots    =         1
   Preconditioning    =    JACOBI
   Convergence cutoff =     1E-06
   Maximum iterations =       100

  ==> CPHFRHamiltonian (by Rob Parrish) <== 

  ==> MemDFJK: Density-Fitted J/K Matrices <==

    J tasked:                   Yes
    K tasked:                   Yes
    wK tasked:                   No
    OpenMP threads:               7
    Memory [MiB]:              6437
    Algorithm:                 Core
    Schwarz Cutoff:           1E-12
    Mask sparsity (%):       0.7595
    Fitting Condition:        1E-10

   => Auxiliary Basis Set <=

  Basis Set: (CC-PVDZ AUX)
    Blend: CC-PVDZ-JKFIT
    Number of shells: 168
    Number of basis functions: 464
    Number of Cartesian functions: 524
    Spherical Harmonics?: true
    Max angular momentum: 3

  ==> CPHF Iterations <==

  => Iterations <=

             Iter  Converged  Remaining    Residual
  CGR           1          0          1   7.867E-02
  CGR           2          0          1   1.732E-02
  CGR           3          0          1   6.388E-03
  CGR           4          0          1   2.151E-03
  CGR           5          0          1   4.853E-04
  CGR           6          0          1   1.511E-04
  CGR           7          0          1   3.493E-05
  CGR           8          0          1   7.290E-06
  CGR           9          0          1   1.749E-06
  CGR          10          1          0   4.572E-07

    CGRSolver converged.

  ==> DFCorrGrad: Density-Fitted Correlated Gradients <==

    OpenMP threads:              7
    Integrals threads:           7
    Memory [GiB]:            6.286
    Schwarz Cutoff:          0E+00
    Fitting Condition:       1E-10

   => Auxiliary Basis Set <=

  Basis Set: (CC-PVDZ AUX)
    Blend: CC-PVDZ-JKFIT
    Number of shells: 168
    Number of basis functions: 464
    Number of Cartesian functions: 524
    Spherical Harmonics?: true
    Max angular momentum: 3

	-----------------------------------------------------------
	 ==================> DF-MP2 Energies <==================== 
	-----------------------------------------------------------
	 Reference Energy          =    -156.1143245992858795 [Eh]
	 Singles Energy            =      -0.0000000000000000 [Eh]
	 Same-Spin Energy          =      -0.1277086422347980 [Eh]
	 Opposite-Spin Energy      =      -0.4349476079300318 [Eh]
	 Correlation Energy        =      -0.5626562501648299 [Eh]
	 Total Energy              =    -156.6769808494507004 [Eh]
	-----------------------------------------------------------
	 ================> DF-SCS-MP2 Energies <================== 
	-----------------------------------------------------------
	 SCS Same-Spin Scale       =       0.3333333333333333 [-]
	 SCS Opposite-Spin Scale   =       1.2000000000000000 [-]
	 SCS Same-Spin Energy      =      -0.0425695474115993 [Eh]
	 SCS Opposite-Spin Energy  =      -0.5219371295160382 [Eh]
	 SCS Correlation Energy    =      -0.5645066769276376 [Eh]
	 SCS Total Energy          =    -156.6788312762135149 [Eh]
	-----------------------------------------------------------


  -Total Gradient:
     Atom            X                  Y                   Z
    ------   -----------------  -----------------  -----------------
       1       -0.000644553939    -0.000052905419     0.000000000000
       2        0.000080200454    -0.000268997449     0.000000000000
       3        0.000000585271     0.000094337003     0.000000000000
       4        0.000168003545    -0.000061787659     0.000000000000
       5        0.000265365878     0.000146856037     0.000000000000
       6        0.000355300296     0.000108912245     0.000000000000
       7       -0.000018988816    -0.000086551226     0.000000000000
       8       -0.000055426437     0.000044404481     0.000131510179
       9       -0.000055426437     0.000044404481    -0.000131510179
      10       -0.000043281461    -0.000096049294     0.000082773997
      11       -0.000043281461    -0.000096049294    -0.000082773997
      12       -0.000008496892     0.000223426094     0.000000000000


*** tstop() called on flexpad at Mon Aug  3 19:11:47 2026
Module time:
	user time   =      10.89 seconds =       0.18 minutes
	system time =       0.30 seconds =       0.01 minutes
	total time  =          2 seconds =       0.03 minutes
Total time:
	user time   =      48.92 seconds =       0.82 minutes
	system time =       1.54 seconds =       0.03 minutes
	total time  =          8 seconds =       0.13 minutes

    			-----------------------------------------

    			 OPTKING 3.0: for geometry optimizations 

    			     By R.A. King, Bethel University     

    			        with contributions from          

    			    A.V. Copan, J. Cayton, A. Heide      

    			-----------------------------------------

    
	                            ===> Fragment 1 <== 

	 Z (Atomic Numbers)          Masses                          Geom                  
	       6.000000            12.000000          3.61450495  0.63305314  0.00000000   
	       6.000000            12.000000          1.34120420 -0.51517445  0.00000000   
	       6.000000            12.000000         -1.17316886  0.86046341  0.00000000   
	       6.000000            12.000000         -3.43241013 -0.94636392  0.00000000   
	       1.000000             1.007825          3.77959112  2.69865496  0.00000000   
	       1.000000             1.007825          5.37246454 -0.45614497  0.00000000   
	       1.000000             1.007825          1.27574914 -2.59206389  0.00000000   
	       1.000000             1.007825         -1.28011089  2.11172605  1.67002437   
	       1.000000             1.007825         -1.28011089  2.11172605 -1.67002437   
	       1.000000             1.007825         -3.40030438 -2.17522921  1.68436838   
	       1.000000             1.007825         -3.40030438 -2.17522921 -1.68436838   
	       1.000000             1.007825         -5.23591419  0.09580140  0.00000000   

	 - Coordinate -           - BOHR/RAD -       - ANG/DEG -
	 R(1,2)           =         2.546826           1.347722
	 R(1,5)           =         2.072188           1.096555
	 R(1,6)           =         2.068036           1.094358
	 R(2,3)           =         2.866086           1.516668
	 R(2,7)           =         2.077921           1.099588
	 R(3,4)           =         2.892887           1.530850
	 R(3,8)           =         2.089516           1.105724
	 R(3,9)           =         2.089516           1.105724
	 R(4,10)          =         2.085243           1.103463
	 R(4,11)          =         2.085243           1.103463
	 R(4,12)          =         2.082963           1.102257
	 B(1,2,3)         =         2.173258         124.518497
	 B(1,2,7)         =         2.070015         118.603138
	 B(2,1,5)         =         2.118262         121.367464
	 B(2,1,6)         =         2.119186         121.420430
	 B(2,3,4)         =         1.966383         112.665444
	 B(2,3,8)         =         1.909559         109.409658
	 B(2,3,9)         =         1.909559         109.409658
	 B(3,2,7)         =         2.039912         116.878365
	 B(3,4,10)        =         1.934831         110.857675
	 B(3,4,11)        =         1.934831         110.857675
	 B(3,4,12)        =         1.943027         111.327221
	 B(4,3,8)         =         1.911387         109.514422
	 B(4,3,9)         =         1.911387         109.514422
	 B(5,1,6)         =         2.045737         117.212106
	 B(8,3,9)         =         1.852059         106.115158
	 B(10,4,11)       =         1.880673         107.754618
	 B(10,4,12)       =         1.884078         107.949705
	 B(11,4,12)       =         1.884078         107.949705
	 D(1,2,3,4)       =         3.141593         180.000000
	 D(1,2,3,8)       =        -1.011070         -57.930049
	 D(1,2,3,9)       =         1.011070          57.930049
	 D(2,3,4,10)      =         1.043961          59.814575
	 D(2,3,4,11)      =        -1.043961         -59.814575
	 D(2,3,4,12)      =         3.141593         180.000000
	 D(3,2,1,5)       =         0.000000           0.000000
	 D(3,2,1,6)       =         3.141593         180.000000
	 D(4,3,2,7)       =         0.000000           0.000000
	 D(5,1,2,7)       =         3.141593         180.000000
	 D(6,1,2,7)       =         0.000000           0.000000
	 D(7,2,3,8)       =         2.130523         122.069951
	 D(7,2,3,9)       =        -2.130523        -122.069951
	 D(8,3,4,10)      =        -1.085529         -62.196223
	 D(8,3,4,11)      =         3.109734         178.174627
	 D(8,3,4,12)      =         1.012103          57.989202
	 D(9,3,4,10)      =        -3.109734        -178.174627
	 D(9,3,4,11)      =         1.085529          62.196223
	 D(9,3,4,12)      =        -1.012103         -57.989202


	        --- Internal Coordinate Step in ANG or DEG, aJ/ANG or AJ/DEG ---
	-------------------------------------------------------------------------------
	           Coordinate      Previous         Force          Change          New 
	           ----------      --------        ------          ------        ------
	               R(1,2)       1.34772       -0.00058        0.00002       1.34774
	               R(1,5)       1.09655       -0.00138       -0.00025       1.09630
	               R(1,6)       1.09436       -0.00202       -0.00044       1.09392
	               R(2,3)       1.51667       -0.00087       -0.00020       1.51647
	               R(2,7)       1.09959       -0.00072       -0.00009       1.09949
	               R(3,4)       1.53085        0.00031        0.00005       1.53090
	               R(3,8)       1.10572       -0.00111       -0.00021       1.10552
	               R(3,9)       1.10572       -0.00111       -0.00021       1.10552
	              R(4,10)       1.10346       -0.00101       -0.00019       1.10328
	              R(4,11)       1.10346       -0.00101       -0.00019       1.10328
	              R(4,12)       1.10226       -0.00098       -0.00017       1.10209
	             B(1,2,3)     124.51850        0.00003        0.12662     124.64512
	             B(1,2,7)     118.60314       -0.00001       -0.08082     118.52232
	             B(2,1,5)     121.36746       -0.00001       -0.08893     121.27853
	             B(2,1,6)     121.42043       -0.00002       -0.09879     121.32164
	             B(2,3,4)     112.66544       -0.00001       -0.08279     112.58266
	             B(2,3,8)     109.40966        0.00000       -0.00269     109.40697
	             B(2,3,9)     109.40966        0.00000       -0.00269     109.40697
	             B(3,2,7)     116.87837       -0.00001       -0.04580     116.83257
	            B(3,4,10)     110.85767       -0.00001       -0.06777     110.78991
	            B(3,4,11)     110.85767       -0.00001       -0.06777     110.78991
	            B(3,4,12)     111.32722        0.00002        0.17041     111.49763
	             B(4,3,8)     109.51442        0.00001        0.05777     109.57219
	             B(4,3,9)     109.51442        0.00001        0.05777     109.57219
	             B(5,1,6)     117.21211        0.00003        0.18772     117.39983
	             B(8,3,9)     106.11516       -0.00000       -0.02387     106.09129
	           B(10,4,11)     107.75462        0.00000       -0.01432     107.74029
	           B(10,4,12)     107.94970       -0.00001       -0.01179     107.93792
	           B(11,4,12)     107.94970       -0.00001       -0.01179     107.93792
	           D(1,2,3,4)     180.00000       -0.00000        0.00000     180.00000
	           D(1,2,3,8)     -57.93005        0.00000        0.01583     -57.91422
	           D(1,2,3,9)      57.93005       -0.00000       -0.01583      57.91422
	          D(2,3,4,10)      59.81458       -0.00000       -0.05324      59.76133
	          D(2,3,4,11)     -59.81458        0.00000        0.05324     -59.76133
	          D(2,3,4,12)     180.00000       -0.00000        0.00000     180.00000
	           D(3,2,1,5)       0.00000        0.00000        0.00000       0.00000
	           D(3,2,1,6)     180.00000       -0.00000        0.00000     180.00000
	           D(4,3,2,7)       0.00000       -0.00000       -0.00000      -0.00000
	           D(5,1,2,7)     180.00000        0.00000        0.00000     180.00000
	           D(6,1,2,7)       0.00000       -0.00000       -0.00000      -0.00000
	           D(7,2,3,8)     122.06995        0.00000        0.01583     122.08578
	           D(7,2,3,9)    -122.06995       -0.00000       -0.01583    -122.08578
	          D(8,3,4,10)     -62.19622       -0.00000       -0.03479     -62.23101
	          D(8,3,4,11)     178.17463        0.00000        0.07169     178.24632
	          D(8,3,4,12)      57.98920        0.00000        0.01845      58.00765
	          D(9,3,4,10)    -178.17463       -0.00000       -0.07169    -178.24632
	          D(9,3,4,11)      62.19622        0.00000        0.03479      62.23101
	          D(9,3,4,12)     -57.98920       -0.00000       -0.01845     -58.00765
	-------------------------------------------------------------------------------

	                                 ==> Convergence Check <==                                  
    
	Measures of convergence in internal coordinates in au.
    
	Criteria marked as inactive (o), active & met (*), and active & unmet ( ).

	----------------------------------------------------------------------------------------------
	   Step    Total Energy     Delta E     Max Force     RMS Force      Max Disp      RMS Disp   
	----------------------------------------------------------------------------------------------
	  Convergence Criteria     1.00e-06 *    3.00e-04 *             o    1.20e-03 *             o
	----------------------------------------------------------------------------------------------
	     3    -156.67698085   -3.62e-05      3.67e-04      1.28e-04 o    3.28e-03      9.96e-04 o  ~
	----------------------------------------------------------------------------------------------

Next Geometry in Ang 
	Fragment 1 (Ang)

	    C   1.9131437821   0.3343290945  -0.0000000000
	    C   0.7088203145  -0.2706596362   0.0000000000
	    C  -0.6215659059   0.4571726188   0.0000000000
	    C  -1.8157427575  -0.5007418325  -0.0000000000
	    H   2.0011803281   1.4270924285  -0.0000000000
	    H   2.8407821996  -0.2454546318  -0.0000000000
	    H   0.6733297581  -1.3695799644   0.0000000000
	    H  -0.6779953643   1.1193850547   0.8834338359
	    H  -0.6779953643   1.1193850547  -0.8834338359
	    H  -1.7961878258  -1.1509586684   0.8910973409
	    H  -1.7961878258  -1.1509586684  -0.8910973409
	    H  -2.7724084333   0.0464223890  -0.0000000000


    Structure for next step:
    Molecular point group: cs
    Full point group: Cs

    Geometry (in Angstrom), charge = 0, multiplicity = 1:

    C            1.913266418237     0.333705962422     0.000000000000
    C            0.708942950603    -0.271282768234     0.000000000000
    C           -0.621443269728     0.456549486752     0.000000000000
    C           -1.815620121325    -0.501364964564     0.000000000000
    H            2.001302964204     1.426469296488     0.000000000000
    H            2.840904835715    -0.246077763852     0.000000000000
    H            0.673452394289    -1.370203096436     0.000000000000
    H           -0.677872728168     1.118761922695     0.883433835936
    H           -0.677872728168     1.118761922695    -0.883433835936
    H           -1.796065189697    -1.151581800463     0.891097340851
    H           -1.796065189697    -1.151581800463    -0.891097340851
    H           -2.772285797112     0.045799256969     0.000000000000


Scratch directory: /tmp/
gradient() will perform analytic gradient computation.
   => Libint2 <=

    Primary   basis highest AM E, G, H:  6, 6, 3
    Auxiliary basis highest AM E, G, H:  7, 7, 4
    Onebody   basis highest AM E, G, H:  -, -, -
    Solid Harmonics ordering:            Gaussian

*** tstart() called on flexpad
*** at Mon Aug  3 19:11:47 2026

   => Loading Basis Set <=

    Name: CC-PVDZ
    Role: ORBITAL
    Keyword: BASIS
    atoms 1-4  entry C          line   138 file /home/peter/miniconda3/envs/research/share/psi4/basis/cc-pvdz.gbs 
    atoms 5-12 entry H          line    22 file /home/peter/miniconda3/envs/research/share/psi4/basis/cc-pvdz.gbs 


         ---------------------------------------------------------
                                   SCF
               by Justin Turney, Rob Parrish, Andy Simmonett
                          and Daniel G. A. Smith
                              RHF Reference
                        7 Threads,   8583 MiB Core
         ---------------------------------------------------------

  ==> Geometry <==

    Molecular point group: cs
    Full point group: Cs

    Geometry (in Angstrom), charge = 0, multiplicity = 1:

       Center              X                  Y                   Z               Mass       
    ------------   -----------------  -----------------  -----------------  -----------------
         C            1.913266418237     0.333705962422     0.000000000000    12.000000000000
         C            0.708942950603    -0.271282768234     0.000000000000    12.000000000000
         C           -0.621443269728     0.456549486752     0.000000000000    12.000000000000
         C           -1.815620121325    -0.501364964564     0.000000000000    12.000000000000
         H            2.001302964204     1.426469296488     0.000000000000     1.007825032230
         H            2.840904835715    -0.246077763852     0.000000000000     1.007825032230
         H            0.673452394289    -1.370203096436     0.000000000000     1.007825032230
         H           -0.677872728168     1.118761922695     0.883433835936     1.007825032230
         H           -0.677872728168     1.118761922695    -0.883433835936     1.007825032230
         H           -1.796065189697    -1.151581800463     0.891097340851     1.007825032230
         H           -1.796065189697    -1.151581800463    -0.891097340851     1.007825032230
         H           -2.772285797112     0.045799256969     0.000000000000     1.007825032230

  Running in cs symmetry.

  Rotational constants: A =      0.96094  B =      0.13201  C =      0.12137 [cm^-1]
  Rotational constants: A =  28808.38110  B =   3957.68928  C =   3638.67540 [MHz]
  Nuclear repulsion =  115.886816552364238

  Charge       = 0
  Multiplicity = 1
  Electrons    = 32
  Nalpha       = 16
  Nbeta        = 16

  ==> Algorithm <==

  SCF Algorithm Type is DF.
  DIIS enabled.
  MOM disabled.
  Fractional occupation disabled.
  Guess Type is READ.
  Energy threshold   = 1.00e-09
  Density threshold  = 1.00e-09
  Integral threshold = 1.00e-12

  ==> Primary Basis <==

  Basis Set: CC-PVDZ
    Blend: CC-PVDZ
    Number of shells: 48
    Number of basis functions: 96
    Number of Cartesian functions: 100
    Spherical Harmonics?: true
    Max angular momentum: 2

   => Loading Basis Set <=

    Name: (CC-PVDZ AUX)
    Role: JKFIT
    Keyword: DF_BASIS_SCF
    atoms 1-4  entry C          line   121 file /home/peter/miniconda3/envs/research/share/psi4/basis/cc-pvdz-jkfit.gbs 
    atoms 5-12 entry H          line    51 file /home/peter/miniconda3/envs/research/share/psi4/basis/cc-pvdz-jkfit.gbs 

   => Loading Basis Set <=

    Name: CC-PVDZ
    Role: ORBITAL
    Keyword: BASIS
    atoms 1-4  entry C          line   138 file /home/peter/miniconda3/envs/research/share/psi4/basis/cc-pvdz.gbs 
    atoms 5-12 entry H          line    22 file /home/peter/miniconda3/envs/research/share/psi4/basis/cc-pvdz.gbs 

  Reading orbitals from file /tmp/psi4.default.339749.180.npy, no projection.

  ==> Integral Setup <==

  DFHelper Memory: AOs need 0.035 GiB; user supplied 6.286 GiB. 
  Using in-core AOs.

  ==> MemDFJK: Density-Fitted J/K Matrices <==

    J tasked:                   Yes
    K tasked:                   Yes
    wK tasked:                   No
    OpenMP threads:               7
    Memory [MiB]:              6437
    Algorithm:                 Core
    Schwarz Cutoff:           1E-12
    Mask sparsity (%):       0.7595
    Fitting Condition:        1E-10

   => Auxiliary Basis Set <=

  Basis Set: (CC-PVDZ AUX)
    Blend: CC-PVDZ-JKFIT
    Number of shells: 168
    Number of basis functions: 464
    Number of Cartesian functions: 524
    Spherical Harmonics?: true
    Max angular momentum: 3

  Minimum eigenvalue in the overlap matrix is 2.8270225855E-03.
  Reciprocal condition number of the overlap matrix is 5.3319337073E-04.
    Using symmetric orthogonalization.

  ==> Pre-Iterations <==

  SCF Guess: Orbitals guess was supplied from a previous computation.

   -------------------------------------------------------
    Irrep   Nso     Nmo     Nalpha   Nbeta   Ndocc  Nsocc
   -------------------------------------------------------
     A'        66      66      13      13      13       0
     A"        30      30       3       3       3       0
   -------------------------------------------------------
    Total      96      96      16      16      16       0
   -------------------------------------------------------

  ==> Iterations <==

                           Total Energy        Delta E     RMS |[F,P]|

   @DF-RHF iter   0:  -156.11501254616005   -1.56115e+02   4.90971e-05 
   @DF-RHF iter   1:  -156.11434611983316    6.66426e-04   9.28999e-06 DIIS
   @DF-RHF iter   2:  -156.11434652064685   -4.00814e-07   3.12601e-06 DIIS
   @DF-RHF iter   3:  -156.11434656980714   -4.91603e-08   1.12448e-06 DIIS
   @DF-RHF iter   4:  -156.11434657470008   -4.89294e-09   2.16035e-07 DIIS
   @DF-RHF iter   5:  -156.11434657492956   -2.29477e-10   7.50200e-08 DIIS
   @DF-RHF iter   6:  -156.11434657495812   -2.85638e-11   2.45354e-08 DIIS
   @DF-RHF iter   7:  -156.11434657496108   -2.95586e-12   6.92021e-09 DIIS
   @DF-RHF iter   8:  -156.11434657496144   -3.69482e-13   2.50664e-09 DIIS
   @DF-RHF iter   9:  -156.11434657496164   -1.98952e-13   8.61570e-10 DIIS
  Energy and wave function converged.


  ==> Post-Iterations <==

    Orbital Energies [Eh]
    ---------------------

    Doubly Occupied:                                                      

       1Ap   -11.238385     2Ap   -11.233491     3Ap   -11.226957  
       4Ap   -11.226707     5Ap    -1.072633     6Ap    -0.985225  
       7Ap    -0.847696     8Ap    -0.752248     9Ap    -0.614018  
       1App   -0.607233    10Ap    -0.600872    11Ap    -0.525257  
      12Ap    -0.496470     2App   -0.496432    13Ap    -0.472182  
       3App   -0.350525  

    Virtual:                                                              

       4App    0.162193    14Ap     0.191359    15Ap     0.212841  
      16Ap     0.214752     5App    0.249161    17Ap     0.266207  
      18Ap     0.269661    19Ap     0.284320     6App    0.306480  
      20Ap     0.384826    21Ap     0.416216    22Ap     0.476953  
      23Ap     0.576171     7App    0.603155    24Ap     0.607615  
      25Ap     0.690833     8App    0.699563    26Ap     0.712742  
      27Ap     0.760004     9App    0.793640    10App    0.823809  
      28Ap     0.860863    29Ap     0.866692    11App    0.886953  
      30Ap     0.888484    12App    0.902787    31Ap     0.911497  
      32Ap     0.918946    33Ap     0.932128    34Ap     0.967473  
      35Ap     0.988214    36Ap     1.025322    13App    1.094283  
      14App    1.231268    37Ap     1.240953    38Ap     1.257418  
      15App    1.272169    39Ap     1.313748    40Ap     1.395707  
      16App    1.461786    41Ap     1.609210    17App    1.614052  
      18App    1.686448    42Ap     1.691972    43Ap     1.695834  
      44Ap     1.745688    45Ap     1.775273    19App    1.806887  
      46Ap     1.857934    20App    1.903328    47Ap     1.917130  
      21App    1.922211    22App    1.946989    48Ap     1.951638  
      49Ap     1.953804    50Ap     1.983850    23App    1.992581  
      24App    2.012225    51Ap     2.079405    52Ap     2.161357  
      25App    2.195187    53Ap     2.225058    54Ap     2.247008  
      26App    2.284460    55Ap     2.375625    56Ap     2.415166  
      27App    2.428786    57Ap     2.504572    58Ap     2.549502  
      28App    2.553875    59Ap     2.563688    60Ap     2.678547  
      61Ap     2.740446    62Ap     2.781422    63Ap     2.825534  
      29App    2.850433    64Ap     2.897887    30App    2.962821  
      65Ap     3.056793    66Ap     3.335934  

    Final Occupation by Irrep:
             Ap   App 
    DOCC [    13,    3 ]
    NA   [    13,    3 ]
    NB   [    13,    3 ]

  @DF-RHF Final Energy:  -156.11434657496164

   => Energetics <=

    Nuclear Repulsion Energy =            115.8868165523642375
    One-Electron Energy =                -438.5096618533950732
    Two-Electron Energy =                 166.5084987260692060
    Total Energy =                       -156.1143465749616439

Computation Completed


Properties will be evaluated at   0.000000,   0.000000,   0.000000 [a0]

Properties computed using the SCF density matrix


 Multipole Moments:

 ------------------------------------------------------------------------------------
     Multipole            Electronic (a.u.)      Nuclear  (a.u.)        Total (a.u.)
 ------------------------------------------------------------------------------------

 L = 1.  Multiply by 2.5417464519 to convert [e a0] to [Debye]
 Dipole X            :          1.9212952           -2.0666528           -0.1453576
 Dipole Y            :          0.2154453           -0.1965424            0.0189029
 Dipole Z            :          0.0000000            0.0000000            0.0000000
 Magnitude           :                                                    0.1465816

 ------------------------------------------------------------------------------------

*** tstop() called on flexpad at Mon Aug  3 19:11:48 2026
Module time:
	user time   =       4.68 seconds =       0.08 minutes
	system time =       0.14 seconds =       0.00 minutes
	total time  =          1 seconds =       0.02 minutes
Total time:
	user time   =      54.68 seconds =       0.91 minutes
	system time =       1.70 seconds =       0.03 minutes
	total time  =          9 seconds =       0.15 minutes

*** tstart() called on flexpad
*** at Mon Aug  3 19:11:48 2026


  //>>>>>>>>>>>>>>>>>>>>>>>>>>>>>>>>>>>//
  //               DFMP2               //
  //<<<<<<<<<<<<<<<<<<<<<<<<<<<<<<<<<<<//

   => Loading Basis Set <=

    Name: (CC-PVDZ AUX)
    Role: RIFIT
    Keyword: DF_BASIS_MP2
    atoms 1-4  entry C          line   159 file /home/peter/miniconda3/envs/research/share/psi4/basis/cc-pvdz-ri.gbs 
    atoms 5-12 entry H          line    19 file /home/peter/miniconda3/envs/research/share/psi4/basis/cc-pvdz-ri.gbs 

	 --------------------------------------------------------
	                          DF-MP2                         
	      2nd-Order Density-Fitted Moller-Plesset Theory     
	              RMP2 Wavefunction,   7 Threads             
	                                                         
	        Rob Parrish, Justin Turney, Andy Simmonett,      
	           Ed Hohenstein, and C. David Sherrill          
	 --------------------------------------------------------

   => Auxiliary Basis Set <=

  Basis Set: (CC-PVDZ AUX)
    Blend: CC-PVDZ-RI
    Number of shells: 120
    Number of basis functions: 336
    Number of Cartesian functions: 384
    Spherical Harmonics?: true
    Max angular momentum: 3

	 --------------------------------------------------------
	                 NBF =    96, NAUX =   336
	 --------------------------------------------------------
	   CLASS    FOCC     OCC    AOCC    AVIR     VIR    FVIR
	   PAIRS       4      16      12      80      80       0
	 --------------------------------------------------------

  DFHelper Memory: AOs need 0.035 GiB; user supplied 6.286 GiB. 
  Using in-core AOs.


         ------------------------------------------------------------
                                     CPHF                           
                                  Rob Parrish                       
         ------------------------------------------------------------

  ==> Geometry <==

    Molecular point group: cs
    Full point group: Cs

    Geometry (in Angstrom), charge = 0, multiplicity = 1:

       Center              X                  Y                   Z               Mass       
    ------------   -----------------  -----------------  -----------------  -----------------
         C            1.913266418237     0.333705962422     0.000000000000    12.000000000000
         C            0.708942950603    -0.271282768234     0.000000000000    12.000000000000
         C           -0.621443269728     0.456549486752     0.000000000000    12.000000000000
         C           -1.815620121325    -0.501364964564     0.000000000000    12.000000000000
         H            2.001302964204     1.426469296488     0.000000000000     1.007825032230
         H            2.840904835715    -0.246077763852     0.000000000000     1.007825032230
         H            0.673452394289    -1.370203096436     0.000000000000     1.007825032230
         H           -0.677872728168     1.118761922695     0.883433835936     1.007825032230
         H           -0.677872728168     1.118761922695    -0.883433835936     1.007825032230
         H           -1.796065189697    -1.151581800463     0.891097340851     1.007825032230
         H           -1.796065189697    -1.151581800463    -0.891097340851     1.007825032230
         H           -2.772285797112     0.045799256969     0.000000000000     1.007825032230

  Nuclear repulsion =  115.886816552364238
  Reference energy  = -156.114346574961644

  ==> Basis Set <==

  Basis Set: CC-PVDZ
    Blend: CC-PVDZ
    Number of shells: 48
    Number of basis functions: 96
    Number of Cartesian functions: 100
    Spherical Harmonics?: true
    Max angular momentum: 2

  ==> CGRSolver (by Rob Parrish) <==

   Number of roots    =         1
   Preconditioning    =    JACOBI
   Convergence cutoff =     1E-06
   Maximum iterations =       100

  ==> CPHFRHamiltonian (by Rob Parrish) <== 

  ==> MemDFJK: Density-Fitted J/K Matrices <==

    J tasked:                   Yes
    K tasked:                   Yes
    wK tasked:                   No
    OpenMP threads:               7
    Memory [MiB]:              6437
    Algorithm:                 Core
    Schwarz Cutoff:           1E-12
    Mask sparsity (%):       0.7595
    Fitting Condition:        1E-10

   => Auxiliary Basis Set <=

  Basis Set: (CC-PVDZ AUX)
    Blend: CC-PVDZ-JKFIT
    Number of shells: 168
    Number of basis functions: 464
    Number of Cartesian functions: 524
    Spherical Harmonics?: true
    Max angular momentum: 3

  ==> CPHF Iterations <==

  => Iterations <=

             Iter  Converged  Remaining    Residual
  CGR           1          0          1   7.867E-02
  CGR           2          0          1   1.735E-02
  CGR           3          0          1   6.398E-03
  CGR           4          0          1   2.154E-03
  CGR           5          0          1   4.853E-04
  CGR           6          0          1   1.508E-04
  CGR           7          0          1   3.493E-05
  CGR           8          0          1   7.282E-06
  CGR           9          0          1   1.744E-06
  CGR          10          1          0   4.557E-07

    CGRSolver converged.

  ==> DFCorrGrad: Density-Fitted Correlated Gradients <==

    OpenMP threads:              7
    Integrals threads:           7
    Memory [GiB]:            6.286
    Schwarz Cutoff:          0E+00
    Fitting Condition:       1E-10

   => Auxiliary Basis Set <=

  Basis Set: (CC-PVDZ AUX)
    Blend: CC-PVDZ-JKFIT
    Number of shells: 168
    Number of basis functions: 464
    Number of Cartesian functions: 524
    Spherical Harmonics?: true
    Max angular momentum: 3

	-----------------------------------------------------------
	 ==================> DF-MP2 Energies <==================== 
	-----------------------------------------------------------
	 Reference Energy          =    -156.1143465749616439 [Eh]
	 Singles Energy            =      -0.0000000000000000 [Eh]
	 Same-Spin Energy          =      -0.1277122690874702 [Eh]
	 Opposite-Spin Energy      =      -0.4349247480236189 [Eh]
	 Correlation Energy        =      -0.5626370171110890 [Eh]
	 Total Energy              =    -156.6769835920727303 [Eh]
	-----------------------------------------------------------
	 ================> DF-SCS-MP2 Energies <================== 
	-----------------------------------------------------------
	 SCS Same-Spin Scale       =       0.3333333333333333 [-]
	 SCS Opposite-Spin Scale   =       1.2000000000000000 [-]
	 SCS Same-Spin Energy      =      -0.0425707563624901 [Eh]
	 SCS Opposite-Spin Energy  =      -0.5219096976283426 [Eh]
	 SCS Correlation Energy    =      -0.5644804539908327 [Eh]
	 SCS Total Energy          =    -156.6788270289524689 [Eh]
	-----------------------------------------------------------


  -Total Gradient:
     Atom            X                  Y                   Z
    ------   -----------------  -----------------  -----------------
       1        0.000012482940    -0.000093352378     0.000000000000
       2       -0.000033297714    -0.000001805038     0.000000000000
       3        0.000011979253     0.000026779543     0.000000000000
       4       -0.000002283744    -0.000000345588     0.000000000000
       5       -0.000010313271     0.000013527112     0.000000000000
       6        0.000011404669     0.000041929840     0.000000000000
       7        0.000029201191     0.000019926808     0.000000000000
       8        0.000008866706    -0.000003587394    -0.000009258422
       9        0.000008866706    -0.000003587394     0.000009258422
      10        0.000001973389     0.000004386327    -0.000015867622
      11        0.000001973389     0.000004386327     0.000015867622
      12       -0.000040853513    -0.000008258166     0.000000000000


*** tstop() called on flexpad at Mon Aug  3 19:11:50 2026
Module time:
	user time   =      10.99 seconds =       0.18 minutes
	system time =       0.33 seconds =       0.01 minutes
	total time  =          2 seconds =       0.03 minutes
Total time:
	user time   =      65.67 seconds =       1.09 minutes
	system time =       2.03 seconds =       0.03 minutes
	total time  =         11 seconds =       0.18 minutes

    			-----------------------------------------

    			 OPTKING 3.0: for geometry optimizations 

    			     By R.A. King, Bethel University     

    			        with contributions from          

    			    A.V. Copan, J. Cayton, A. Heide      

    			-----------------------------------------

    
	                            ===> Fragment 1 <== 

	 Z (Atomic Numbers)          Masses                          Geom                  
	       6.000000            12.000000          3.61554954  0.63061288  0.00000000   
	       6.000000            12.000000          1.33970802 -0.51265013  0.00000000   
	       6.000000            12.000000         -1.17435758  0.86275349  0.00000000   
	       6.000000            12.000000         -3.43102478 -0.94744247  0.00000000   
	       1.000000             1.007825          3.78191450  2.69563630  0.00000000   
	       1.000000             1.007825          5.36853209 -0.46501958  0.00000000   
	       1.000000             1.007825          1.27264058 -2.58930859  0.00000000   
	       1.000000             1.007825         -1.28099380  2.11415363  1.66944800   
	       1.000000             1.007825         -1.28099380  2.11415363 -1.66944800   
	       1.000000             1.007825         -3.39407131 -2.17617421  1.68392993   
	       1.000000             1.007825         -3.39407131 -2.17617421 -1.68392993   
	       1.000000             1.007825         -5.23886090  0.08654805  0.00000000   

	 - Coordinate -           - BOHR/RAD -       - ANG/DEG -
	 R(1,2)           =         2.546862           1.347741
	 R(1,5)           =         2.071714           1.096304
	 R(1,6)           =         2.067210           1.093921
	 R(2,3)           =         2.865704           1.516465
	 R(2,7)           =         2.077741           1.099493
	 R(3,4)           =         2.892984           1.530901
	 R(3,8)           =         2.089122           1.105516
	 R(3,9)           =         2.089122           1.105516
	 R(4,10)          =         2.084890           1.103276
	 R(4,11)          =         2.084890           1.103276
	 R(4,12)          =         2.082644           1.102088
	 B(1,2,3)         =         2.175468         124.645116
	 B(1,2,7)         =         2.068605         118.522318
	 B(2,1,5)         =         2.116710         121.278531
	 B(2,1,6)         =         2.117462         121.321639
	 B(2,3,4)         =         1.964938         112.582658
	 B(2,3,8)         =         1.909512         109.406967
	 B(2,3,9)         =         1.909512         109.406967
	 B(3,2,7)         =         2.039113         116.832566
	 B(3,4,10)        =         1.933649         110.789907
	 B(3,4,11)        =         1.933649         110.789907
	 B(3,4,12)        =         1.946001         111.497631
	 B(4,3,8)         =         1.912395         109.572189
	 B(4,3,9)         =         1.912395         109.572189
	 B(5,1,6)         =         2.049014         117.399829
	 B(8,3,9)         =         1.851642         106.091291
	 B(10,4,11)       =         1.880423         107.740293
	 B(10,4,12)       =         1.883872         107.937919
	 B(11,4,12)       =         1.883872         107.937919
	 D(1,2,3,4)       =         3.141593         180.000000
	 D(1,2,3,8)       =        -1.010794         -57.914216
	 D(1,2,3,9)       =         1.010794          57.914216
	 D(2,3,4,10)      =         1.043032          59.761333
	 D(2,3,4,11)      =        -1.043032         -59.761333
	 D(2,3,4,12)      =         3.141593         180.000000
	 D(3,2,1,5)       =         0.000000           0.000000
	 D(3,2,1,6)       =         3.141593         180.000000
	 D(4,3,2,7)       =         0.000000           0.000000
	 D(5,1,2,7)       =         3.141593         180.000000
	 D(6,1,2,7)       =         0.000000           0.000000
	 D(7,2,3,8)       =         2.130799         122.085784
	 D(7,2,3,9)       =        -2.130799        -122.085784
	 D(8,3,4,10)      =        -1.086136         -62.231014
	 D(8,3,4,11)      =         3.110985         178.246319
	 D(8,3,4,12)      =         1.012425          58.007652
	 D(9,3,4,10)      =        -3.110985        -178.246319
	 D(9,3,4,11)      =         1.086136          62.231014
	 D(9,3,4,12)      =        -1.012425         -58.007652


	        --- Internal Coordinate Step in ANG or DEG, aJ/ANG or AJ/DEG ---
	-------------------------------------------------------------------------------
	           Coordinate      Previous         Force          Change          New 
	           ----------      --------        ------          ------        ------
	               R(1,2)       1.34774        0.00004        0.00001       1.34775
	               R(1,5)       1.09630       -0.00010       -0.00002       1.09628
	               R(1,6)       1.09392        0.00010        0.00002       1.09394
	               R(2,3)       1.51647       -0.00015       -0.00003       1.51644
	               R(2,7)       1.09949        0.00017        0.00003       1.09952
	               R(3,4)       1.53090       -0.00025       -0.00005       1.53085
	               R(3,8)       1.10552        0.00008        0.00001       1.10553
	               R(3,9)       1.10552        0.00008        0.00001       1.10553
	              R(4,10)       1.10328        0.00013        0.00002       1.10330
	              R(4,11)       1.10328        0.00013        0.00002       1.10330
	              R(4,12)       1.10209       -0.00026       -0.00005       1.10204
	             B(1,2,3)     124.64512        0.00000        0.00773     124.65285
	             B(1,2,7)     118.52232        0.00000        0.00694     118.52926
	             B(2,1,5)     121.27853        0.00000        0.01550     121.29403
	             B(2,1,6)     121.32164       -0.00000       -0.02417     121.29747
	             B(2,3,4)     112.58266       -0.00000       -0.00387     112.57879
	             B(2,3,8)     109.40697        0.00000        0.00390     109.41086
	             B(2,3,9)     109.40697        0.00000        0.00390     109.41086
	             B(3,2,7)     116.83257       -0.00000       -0.01467     116.81789
	            B(3,4,10)     110.78991        0.00000        0.00338     110.79328
	            B(3,4,11)     110.78991        0.00000        0.00338     110.79328
	            B(3,4,12)     111.49763       -0.00000       -0.01650     111.48113
	             B(4,3,8)     109.57219       -0.00000       -0.00262     109.56957
	             B(4,3,9)     109.57219       -0.00000       -0.00262     109.56957
	             B(5,1,6)     117.39983        0.00000        0.00866     117.40849
	             B(8,3,9)     106.09129        0.00000        0.00167     106.09296
	           B(10,4,11)     107.74029        0.00000        0.00691     107.74720
	           B(10,4,12)     107.93792        0.00000        0.00176     107.93968
	           B(11,4,12)     107.93792        0.00000        0.00176     107.93968
	           D(1,2,3,4)     180.00000       -0.00000        0.00000     180.00000
	           D(1,2,3,8)     -57.91422       -0.00000       -0.00319     -57.91741
	           D(1,2,3,9)      57.91422        0.00000        0.00319      57.91741
	          D(2,3,4,10)      59.76133        0.00000        0.00653      59.76786
	          D(2,3,4,11)     -59.76133       -0.00000       -0.00653     -59.76786
	          D(2,3,4,12)     180.00000        0.00000        0.00000     180.00000
	           D(3,2,1,5)       0.00000       -0.00000        0.00000       0.00000
	           D(3,2,1,6)     180.00000        0.00000        0.00000     180.00000
	           D(4,3,2,7)       0.00000       -0.00000       -0.00000      -0.00000
	           D(5,1,2,7)     180.00000       -0.00000        0.00000     180.00000
	           D(6,1,2,7)       0.00000        0.00000       -0.00000      -0.00000
	           D(7,2,3,8)     122.08578       -0.00000       -0.00319     122.08259
	           D(7,2,3,9)    -122.08578        0.00000        0.00319    -122.08259
	          D(8,3,4,10)     -62.23101        0.00000        0.00604     -62.22498
	          D(8,3,4,11)     178.24632       -0.00000       -0.00701     178.23931
	          D(8,3,4,12)      58.00765       -0.00000       -0.00049      58.00717
	          D(9,3,4,10)    -178.24632        0.00000        0.00701    -178.23931
	          D(9,3,4,11)      62.23101       -0.00000       -0.00604      62.22498
	          D(9,3,4,12)     -58.00765        0.00000        0.00049     -58.00717
	-------------------------------------------------------------------------------

	                                 ==> Convergence Check <==                                  
    
	Measures of convergence in internal coordinates in au.
    
	Criteria marked as inactive (o), active & met (*), and active & unmet ( ).

	----------------------------------------------------------------------------------------------
	   Step    Total Energy     Delta E     Max Force     RMS Force      Max Disp      RMS Disp   
	----------------------------------------------------------------------------------------------
	  Convergence Criteria     1.00e-06 *    3.00e-04 *             o    1.20e-03 *             o
	----------------------------------------------------------------------------------------------
	     4    -156.67698359   -2.74e-06      6.52e-05 *    1.83e-05 o    4.22e-04 *    1.14e-04 o  ~
	----------------------------------------------------------------------------------------------

Next Geometry in Ang 
	Fragment 1 (Ang)

	    C   1.9132807354   0.3338223804  -0.0000000000
	    C   0.7089220639  -0.2711115277   0.0000000000
	    C  -0.6215036284   0.4565921523   0.0000000000
	    C  -1.8154957772  -0.5014771577  -0.0000000000
	    H   2.0016637485   1.4265359310  -0.0000000000
	    H   2.8406602995  -0.2464056917  -0.0000000000
	    H   0.6732446020  -1.3700561011   0.0000000000
	    H  -0.6780834679   1.1187866657   0.8834538585
	    H  -0.6780834679   1.1187866657  -0.8834538585
	    H  -1.7959582556  -1.1516536214   0.8911541426
	    H  -1.7959582556  -1.1516536214  -0.8911541426
	    H  -2.7720440576   0.0457895798  -0.0000000000


    Final optimized geometry and variables:
    Molecular point group: cs
    Full point group: Cs

    Geometry (in Angstrom), charge = 0, multiplicity = 1:

    C            1.913266418237     0.333705962422     0.000000000000
    C            0.708942950603    -0.271282768234     0.000000000000
    C           -0.621443269728     0.456549486752     0.000000000000
    C           -1.815620121325    -0.501364964564     0.000000000000
    H            2.001302964204     1.426469296488     0.000000000000
    H            2.840904835715    -0.246077763852     0.000000000000
    H            0.673452394289    -1.370203096436     0.000000000000
    H           -0.677872728168     1.118761922695     0.883433835936
    H           -0.677872728168     1.118761922695    -0.883433835936
    H           -1.796065189697    -1.151581800463     0.891097340851
    H           -1.796065189697    -1.151581800463    -0.891097340851
    H           -2.772285797112     0.045799256969     0.000000000000


Scratch directory: /tmp/
    For method 'CCSD(T)', SCF Algorithm Type (re)set to DISK_DF.
   => Libint2 <=

    Primary   basis highest AM E, G, H:  6, 6, 3
    Auxiliary basis highest AM E, G, H:  7, 7, 4
    Onebody   basis highest AM E, G, H:  -, -, -
    Solid Harmonics ordering:            Gaussian

*** tstart() called on flexpad
*** at Mon Aug  3 19:11:51 2026

   => Loading Basis Set <=

    Name: CC-PVDZ
    Role: ORBITAL
    Keyword: BASIS
    atoms 1-4  entry C          line   138 file /home/peter/miniconda3/envs/research/share/psi4/basis/cc-pvdz.gbs 
    atoms 5-12 entry H          line    22 file /home/peter/miniconda3/envs/research/share/psi4/basis/cc-pvdz.gbs 


         ---------------------------------------------------------
                                   SCF
               by Justin Turney, Rob Parrish, Andy Simmonett
                          and Daniel G. A. Smith
                              RHF Reference
                        7 Threads,   8583 MiB Core
         ---------------------------------------------------------

  ==> Geometry <==

    Molecular point group: cs
    Full point group: Cs

    Geometry (in Angstrom), charge = 0, multiplicity = 1:

       Center              X                  Y                   Z               Mass       
    ------------   -----------------  -----------------  -----------------  -----------------
         C            1.913266418237     0.333705962422     0.000000000000    12.000000000000
         C            0.708942950603    -0.271282768234     0.000000000000    12.000000000000
         C           -0.621443269728     0.456549486752     0.000000000000    12.000000000000
         C           -1.815620121325    -0.501364964564     0.000000000000    12.000000000000
         H            2.001302964204     1.426469296488     0.000000000000     1.007825032230
         H            2.840904835715    -0.246077763852     0.000000000000     1.007825032230
         H            0.673452394289    -1.370203096436     0.000000000000     1.007825032230
         H           -0.677872728168     1.118761922695     0.883433835936     1.007825032230
         H           -0.677872728168     1.118761922695    -0.883433835936     1.007825032230
         H           -1.796065189697    -1.151581800463     0.891097340851     1.007825032230
         H           -1.796065189697    -1.151581800463    -0.891097340851     1.007825032230
         H           -2.772285797112     0.045799256969     0.000000000000     1.007825032230

  Running in cs symmetry.

  Rotational constants: A =      0.96094  B =      0.13201  C =      0.12137 [cm^-1]
  Rotational constants: A =  28808.38110  B =   3957.68928  C =   3638.67540 [MHz]
  Nuclear repulsion =  115.886816552364238

  Charge       = 0
  Multiplicity = 1
  Electrons    = 32
  Nalpha       = 16
  Nbeta        = 16

  ==> Algorithm <==

  SCF Algorithm Type is DISK_DF.
  DIIS enabled.
  MOM disabled.
  Fractional occupation disabled.
  Guess Type is SAD.
  Energy threshold   = 1.00e-09
  Density threshold  = 1.00e-09
  Integral threshold = 1.00e-12

  ==> Primary Basis <==

  Basis Set: CC-PVDZ
    Blend: CC-PVDZ
    Number of shells: 48
    Number of basis functions: 96
    Number of Cartesian functions: 100
    Spherical Harmonics?: true
    Max angular momentum: 2

   => Loading Basis Set <=

    Name: (CC-PVDZ AUX)
    Role: JKFIT
    Keyword: DF_BASIS_SCF
    atoms 1-4  entry C          line   121 file /home/peter/miniconda3/envs/research/share/psi4/basis/cc-pvdz-jkfit.gbs 
    atoms 5-12 entry H          line    51 file /home/peter/miniconda3/envs/research/share/psi4/basis/cc-pvdz-jkfit.gbs 

  ==> Integral Setup <==

  ==> DiskDFJK: Density-Fitted J/K Matrices <==

    J tasked:                  Yes
    K tasked:                  Yes
    wK tasked:                  No
    OpenMP threads:              7
    Integrals threads:           7
    Memory [MiB]:             6437
    Algorithm:                Core
    Integral Cache:           SAVE
    Schwarz Cutoff:          1E-12
    Fitting Condition:       1E-10

   => Auxiliary Basis Set <=

  Basis Set: (CC-PVDZ AUX)
    Blend: CC-PVDZ-JKFIT
    Number of shells: 168
    Number of basis functions: 464
    Number of Cartesian functions: 524
    Spherical Harmonics?: true
    Max angular momentum: 3

  Minimum eigenvalue in the overlap matrix is 2.8270225855E-03.
  Reciprocal condition number of the overlap matrix is 5.3319337073E-04.
    Using symmetric orthogonalization.

  ==> Pre-Iterations <==

  SCF Guess: Superposition of Atomic Densities via on-the-fly atomic UHF (no occupation information).

   -------------------------
    Irrep   Nso     Nmo    
   -------------------------
     A'        66      66 
     A"        30      30 
   -------------------------
    Total      96      96
   -------------------------

  ==> Iterations <==

                           Total Energy        Delta E     RMS |[F,P]|

   @DF-RHF iter SAD:  -155.23468252128902   -1.55235e+02   0.00000e+00 
   @DF-RHF iter   1:  -155.99866430111166   -7.63982e-01   5.53358e-03 ADIIS/DIIS
   @DF-RHF iter   2:  -156.09872087267388   -1.00057e-01   2.19068e-03 ADIIS/DIIS
   @DF-RHF iter   3:  -156.11298354921243   -1.42627e-02   4.90908e-04 ADIIS/DIIS
   @DF-RHF iter   4:  -156.11427735448453   -1.29381e-03   1.36596e-04 ADIIS/DIIS
   @DF-RHF iter   5:  -156.11434051527752   -6.31608e-05   3.60418e-05 DIIS
   @DF-RHF iter   6:  -156.11434618479160   -5.66951e-06   6.41975e-06 DIIS
   @DF-RHF iter   7:  -156.11434648817678   -3.03385e-07   3.52000e-06 DIIS
   @DF-RHF iter   8:  -156.11434656225060   -7.40738e-08   1.15440e-06 DIIS
   @DF-RHF iter   9:  -156.11434657443544   -1.21848e-08   2.54668e-07 DIIS
   @DF-RHF iter  10:  -156.11434657493123   -4.95788e-10   4.53431e-08 DIIS
   @DF-RHF iter  11:  -156.11434657494374   -1.25056e-11   1.31631e-08 DIIS
   @DF-RHF iter  12:  -156.11434657494476   -1.02318e-12   3.57830e-09 DIIS
   @DF-RHF iter  13:  -156.11434657494479   -2.84217e-14   7.28498e-10 DIIS
  Energy and wave function converged.


  ==> Post-Iterations <==

    Orbital Energies [Eh]
    ---------------------

    Doubly Occupied:                                                      

       1Ap   -11.238385     2Ap   -11.233491     3Ap   -11.226957  
       4Ap   -11.226707     5Ap    -1.072633     6Ap    -0.985225  
       7Ap    -0.847696     8Ap    -0.752248     9Ap    -0.614018  
       1App   -0.607233    10Ap    -0.600872    11Ap    -0.525257  
      12Ap    -0.496470     2App   -0.496432    13Ap    -0.472182  
       3App   -0.350525  

    Virtual:                                                              

       4App    0.162193    14Ap     0.191359    15Ap     0.212841  
      16Ap     0.214752     5App    0.249161    17Ap     0.266207  
      18Ap     0.269661    19Ap     0.284320     6App    0.306480  
      20Ap     0.384826    21Ap     0.416216    22Ap     0.476953  
      23Ap     0.576171     7App    0.603155    24Ap     0.607615  
      25Ap     0.690833     8App    0.699563    26Ap     0.712742  
      27Ap     0.760004     9App    0.793640    10App    0.823809  
      28Ap     0.860863    29Ap     0.866692    11App    0.886953  
      30Ap     0.888484    12App    0.902787    31Ap     0.911497  
      32Ap     0.918946    33Ap     0.932128    34Ap     0.967473  
      35Ap     0.988214    36Ap     1.025322    13App    1.094283  
      14App    1.231268    37Ap     1.240953    38Ap     1.257418  
      15App    1.272169    39Ap     1.313748    40Ap     1.395707  
      16App    1.461786    41Ap     1.609210    17App    1.614052  
      18App    1.686448    42Ap     1.691972    43Ap     1.695834  
      44Ap     1.745688    45Ap     1.775273    19App    1.806887  
      46Ap     1.857934    20App    1.903328    47Ap     1.917130  
      21App    1.922211    22App    1.946989    48Ap     1.951638  
      49Ap     1.953804    50Ap     1.983850    23App    1.992581  
      24App    2.012225    51Ap     2.079405    52Ap     2.161357  
      25App    2.195187    53Ap     2.225058    54Ap     2.247008  
      26App    2.284460    55Ap     2.375625    56Ap     2.415166  
      27App    2.428786    57Ap     2.504572    58Ap     2.549502  
      28App    2.553875    59Ap     2.563688    60Ap     2.678547  
      61Ap     2.740446    62Ap     2.781422    63Ap     2.825534  
      29App    2.850433    64Ap     2.897887    30App    2.962821  
      65Ap     3.056793    66Ap     3.335934  

    Final Occupation by Irrep:
             Ap   App 
    DOCC [    13,    3 ]
    NA   [    13,    3 ]
    NB   [    13,    3 ]

  @DF-RHF Final Energy:  -156.11434657494479

   => Energetics <=

    Nuclear Repulsion Energy =            115.8868165523642375
    One-Electron Energy =                -438.5096619857388305
    Two-Electron Energy =                 166.5084988584298173
    Total Energy =                       -156.1143465749447898

Computation Completed


Properties will be evaluated at   0.000000,   0.000000,   0.000000 [a0]

Properties computed using the SCF density matrix


 Multipole Moments:

 ------------------------------------------------------------------------------------
     Multipole            Electronic (a.u.)      Nuclear  (a.u.)        Total (a.u.)
 ------------------------------------------------------------------------------------

 L = 1.  Multiply by 2.5417464519 to convert [e a0] to [Debye]
 Dipole X            :          1.9212951           -2.0666528           -0.1453577
 Dipole Y            :          0.2154453           -0.1965424            0.0189029
 Dipole Z            :          0.0000000            0.0000000            0.0000000
 Magnitude           :                                                    0.1465816

 ------------------------------------------------------------------------------------

*** tstop() called on flexpad at Mon Aug  3 19:11:51 2026
Module time:
	user time   =       4.60 seconds =       0.08 minutes
	system time =       0.17 seconds =       0.00 minutes
	total time  =          0 seconds =       0.00 minutes
Total time:
	user time   =      71.74 seconds =       1.20 minutes
	system time =       2.23 seconds =       0.04 minutes
	total time  =         12 seconds =       0.20 minutes

  A requested method does not make use of molecular symmetry: further calculations in C1 point group.

  Constructing Basis Sets for FNOCC...

   => Loading Basis Set <=

    Name: (CC-PVDZ AUX)
    Role: JKFIT
    Keyword: DF_BASIS_SCF
    atoms 1-4  entry C          line   121 file /home/peter/miniconda3/envs/research/share/psi4/basis/cc-pvdz-jkfit.gbs 
    atoms 5-12 entry H          line    51 file /home/peter/miniconda3/envs/research/share/psi4/basis/cc-pvdz-jkfit.gbs 

   => Loading Basis Set <=

    Name: (CC-PVDZ AUX)
    Role: RIFIT
    Keyword: DF_BASIS_CC
    atoms 1-4  entry C          line   159 file /home/peter/miniconda3/envs/research/share/psi4/basis/cc-pvdz-ri.gbs 
    atoms 5-12 entry H          line    19 file /home/peter/miniconda3/envs/research/share/psi4/basis/cc-pvdz-ri.gbs 


*** tstart() called on flexpad
*** at Mon Aug  3 19:11:52 2026



        *******************************************************
        *                                                     *
        *                       DF-CCSD                       *
        *                 Density-fitted CCSD                 *
        *                                                     *
        *                   Eugene DePrince                   *
        *                                                     *
        *******************************************************


  ==> 3-index integrals <==

  ==> DF Tensor (by Rob Parrish) <==

 => Primary Basis Set <= 

  Basis Set: CC-PVDZ
    Blend: CC-PVDZ
    Number of shells: 48
    Number of basis functions: 96
    Number of Cartesian functions: 100
    Spherical Harmonics?: true
    Max angular momentum: 2

 => Auxiliary Basis Set <= 

  Basis Set: (CC-PVDZ AUX)
    Blend: CC-PVDZ-RI
    Number of shells: 120
    Number of basis functions: 336
    Number of Cartesian functions: 384
    Spherical Harmonics?: true
    Max angular momentum: 3

  DFTensor Memory: Qso construction needs 0.047 GiB; user supplied 7.963 GiB. 
    Number of auxiliary functions:         336

  ==> Memory <==

        Total memory available:              8.382 [GiB]
        CCSD memory requirements:            0.078 [GiB]
            3-index integrals:               0.025 [GiB]
            CCSD intermediates:              0.053 [GiB]
        (T) algorithm:                       0.015 [GiB] (low-memory)

  ==> Input parameters <==

        Freeze core orbitals?                 yes
        Use frozen natural orbitals?           no
        r_convergence:                  1.000e-07
        e_convergence:                  1.000e-09
        Number of DIIS vectors:                 8
        Number of frozen core orbitals:         4
        Number of active occupied orbitals:    12
        Number of active virtual orbitals:     80
        Number of frozen virtual orbitals:      0


  Begin singles and doubles coupled cluster iterations

   Iter  DIIS          Energy       d(Energy)          |d(T)|     time
      0   0 1   -0.5626370166   -0.5626370166    0.3937225910        0
      1   1 1   -0.5985657178   -0.0359287013    0.0710746498        1
      2   2 1   -0.6129943640   -0.0144286462    0.0258358444        1
      3   3 1   -0.6185363130   -0.0055419490    0.0111688644        1
      4   4 1   -0.6186773627   -0.0001410498    0.0029135294        1
      5   5 1   -0.6187279905   -0.0000506278    0.0007753002        1
      6   6 1   -0.6187180835    0.0000099070    0.0002210305        1
      7   7 1   -0.6187173296    0.0000007539    0.0000535664        1
      8   8 1   -0.6187175666   -0.0000002370    0.0000206337        1
      9   8 2   -0.6187171879    0.0000003787    0.0000066516        0
     10   8 3   -0.6187171268    0.0000000611    0.0000022591        1
     11   8 4   -0.6187171740   -0.0000000472    0.0000008167        1
     12   8 5   -0.6187171942   -0.0000000202    0.0000002334        1
     13   8 6   -0.6187172068   -0.0000000126    0.0000000717        1
     14   8 7   -0.6187172086   -0.0000000018    0.0000000205        1
     15   8 8   -0.6187172087   -0.0000000001    0.0000000069        1

  CCSD iterations converged!

        T1 diagnostic:                        0.008825757769
        D1 diagnostic:                        0.030825825575

        OS MP2 correlation energy:           -0.434924747572
        SS MP2 correlation energy:           -0.127712269001
        MP2 correlation energy:              -0.562637016573
      * MP2 total energy:                  -156.676983591517

        OS CCSD correlation energy:          -0.501109902155
        SS CCSD correlation energy:          -0.117607306527
        CCSD correlation energy:             -0.618717208682
      * CCSD total energy:                 -156.733063783627

  Total time for CCSD iterations:      74.82 s (user)
                                        3.84 s (system)
                                          14 s (total)

  Time per iteration:                   4.99 s (user)
                                        0.26 s (system)
                                        0.93 s (total)

*** tstop() called on flexpad at Mon Aug  3 19:12:06 2026
Module time:
	user time   =      77.12 seconds =       1.29 minutes
	system time =       3.96 seconds =       0.07 minutes
	total time  =         14 seconds =       0.23 minutes
Total time:
	user time   =     150.57 seconds =       2.51 minutes
	system time =       6.24 seconds =       0.10 minutes
	total time  =         27 seconds =       0.45 minutes

*** tstart() called on flexpad
*** at Mon Aug  3 19:12:06 2026


        *******************************************************
        *                                                     *
        *                      CCSD(T)                        *
        *                                                     *
        *******************************************************


        Using low-memory algorithm.

        num_threads:                      7
        available memory:        8583.07 mb
        memory requirements:       15.59 mb

        Number of abc combinations: 88560

        Computing (T) correction...

        % complete  total time
              10.0         0 s
              20.0         0 s
              30.0         1 s
              40.0         1 s
              50.0         1 s
              60.0         2 s
              70.0         2 s
              80.0         2 s
              90.0         3 s

        (T) energy                            -0.019992088392

        CCSD(T) correlation energy            -0.638709297074
      * CCSD(T) total energy                -156.753055872019


*** tstop() called on flexpad at Mon Aug  3 19:12:09 2026
Module time:
	user time   =      16.67 seconds =       0.28 minutes
	system time =       1.39 seconds =       0.02 minutes
	total time  =          3 seconds =       0.05 minutes
Total time:
	user time   =     168.06 seconds =       2.80 minutes
	system time =       7.67 seconds =       0.13 minutes
	total time  =         30 seconds =       0.50 minutes

*** tstop() called on flexpad at Mon Aug  3 19:12:09 2026
Module time:
	user time   =      16.67 seconds =       0.28 minutes
	system time =       1.39 seconds =       0.02 minutes
	total time  =          3 seconds =       0.05 minutes
Total time:
	user time   =     168.06 seconds =       2.80 minutes
	system time =       7.67 seconds =       0.13 minutes
	total time  =         30 seconds =       0.50 minutes

  Memory set to   8.382 GiB by Python driver.
  Threads set to 7 by Python driver.
