
Scratch directory: /tmp/
gradient() will perform analytic gradient computation.
   => Libint2 <=

    Primary   basis highest AM E, G, H:  6, 6, 3
    Auxiliary basis highest AM E, G, H:  7, 7, 4
    Onebody   basis highest AM E, G, H:  -, -, -
    Solid Harmonics ordering:            Gaussian

*** tstart() called on flexpad
*** at Mon Aug  3 19:50:48 2026

   => Loading Basis Set <=

    Name: CC-PVTZ
    Role: ORBITAL
    Keyword: BASIS
    atoms 1-3 entry C          line   186 file /home/peter/miniconda3/envs/research/share/psi4/basis/cc-pvtz.gbs 
    atoms 4-9 entry H          line    23 file /home/peter/miniconda3/envs/research/share/psi4/basis/cc-pvtz.gbs 


         ---------------------------------------------------------
                                   SCF
               by Justin Turney, Rob Parrish, Andy Simmonett
                          and Daniel G. A. Smith
                              RHF Reference
                        7 Threads,   8583 MiB Core
         ---------------------------------------------------------

  ==> Geometry <==

    Molecular point group: cs
    Full point group: Cs

    Geometry (in Angstrom), charge = 0, multiplicity = 1:

       Center              X                  Y                   Z               Mass       
    ------------   -----------------  -----------------  -----------------  -----------------
         C            1.258295229826     0.195374419129     0.000000000000    12.000000000000
         C            0.095295229826    -0.448625580871     0.000000000000    12.000000000000
         C           -1.252704770174     0.207374419129     0.000000000000    12.000000000000
         H            1.347295229826     1.276374419129     0.000000000000     1.007825032230
         H            2.187295229826    -0.362625580871     0.000000000000     1.007825032230
         H            0.082295229826    -1.535625580871     0.000000000000     1.007825032230
         H           -1.822704770174    -0.063625580871     0.890000000000     1.007825032230
         H           -1.822704770174    -0.063625580871    -0.890000000000     1.007825032230
         H           -1.172704770174     1.295374419129     0.000000000000     1.007825032230

  Running in cs symmetry.

  Rotational constants: A =      1.56022  B =      0.31041  C =      0.27225 [cm^-1]
  Rotational constants: A =  46774.35561  B =   9305.71364  C =   8161.82048 [MHz]
  Nuclear repulsion =   70.802567242977716

  Charge       = 0
  Multiplicity = 1
  Electrons    = 24
  Nalpha       = 12
  Nbeta        = 12

  ==> Algorithm <==

  SCF Algorithm Type is DF.
  DIIS enabled.
  MOM disabled.
  Fractional occupation disabled.
  Guess Type is SAD.
  Energy threshold   = 1.00e-09
  Density threshold  = 1.00e-09
  Integral threshold = 1.00e-12

  ==> Primary Basis <==

  Basis Set: CC-PVTZ
    Blend: CC-PVTZ
    Number of shells: 66
    Number of basis functions: 174
    Number of Cartesian functions: 195
    Spherical Harmonics?: true
    Max angular momentum: 3

   => Loading Basis Set <=

    Name: (CC-PVTZ AUX)
    Role: JKFIT
    Keyword: DF_BASIS_SCF
    atoms 1-3 entry C          line   125 file /home/peter/miniconda3/envs/research/share/psi4/basis/cc-pvtz-jkfit.gbs 
    atoms 4-9 entry H          line    51 file /home/peter/miniconda3/envs/research/share/psi4/basis/cc-pvtz-jkfit.gbs 

  ==> Integral Setup <==

  DFHelper Memory: AOs need 0.102 GiB; user supplied 6.286 GiB. 
  Using in-core AOs.

  ==> MemDFJK: Density-Fitted J/K Matrices <==

    J tasked:                   Yes
    K tasked:                   Yes
    wK tasked:                   No
    OpenMP threads:               7
    Memory [MiB]:              6437
    Algorithm:                 Core
    Schwarz Cutoff:           1E-12
    Mask sparsity (%):       1.1098
    Fitting Condition:        1E-10

   => Auxiliary Basis Set <=

  Basis Set: (CC-PVTZ AUX)
    Blend: CC-PVTZ-JKFIT
    Number of shells: 135
    Number of basis functions: 417
    Number of Cartesian functions: 498
    Spherical Harmonics?: true
    Max angular momentum: 4

  Minimum eigenvalue in the overlap matrix is 5.0588216356E-04.
  Reciprocal condition number of the overlap matrix is 7.1711319612E-05.
    Using symmetric orthogonalization.

  ==> Pre-Iterations <==

  SCF Guess: Superposition of Atomic Densities via on-the-fly atomic UHF (no occupation information).

   -------------------------
    Irrep   Nso     Nmo    
   -------------------------
     A'       114     114 
     A"        60      60 
   -------------------------
    Total     174     174
   -------------------------

  ==> Iterations <==

                           Total Energy        Delta E     RMS |[F,P]|

   @DF-RHF iter SAD:  -116.36078990836992   -1.16361e+02   0.00000e+00 
   @DF-RHF iter   1:  -117.00320186488500   -6.42412e-01   3.29012e-03 ADIIS/DIIS
   @DF-RHF iter   2:  -117.09841986749549   -9.52180e-02   1.37590e-03 ADIIS/DIIS
   @DF-RHF iter   3:  -117.11468169542744   -1.62618e-02   2.63631e-04 ADIIS/DIIS
   @DF-RHF iter   4:  -117.11589665259348   -1.21496e-03   6.93175e-05 DIIS
   @DF-RHF iter   5:  -117.11594958111019   -5.29285e-05   2.16633e-05 DIIS
   @DF-RHF iter   6:  -117.11595489785805   -5.31675e-06   3.65968e-06 DIIS
   @DF-RHF iter   7:  -117.11595516243409   -2.64576e-07   1.41481e-06 DIIS
   @DF-RHF iter   8:  -117.11595520106863   -3.86345e-08   4.93891e-07 DIIS
   @DF-RHF iter   9:  -117.11595520645443   -5.38580e-09   1.79673e-07 DIIS
   @DF-RHF iter  10:  -117.11595520730626   -8.51827e-10   3.76945e-08 DIIS
   @DF-RHF iter  11:  -117.11595520733964   -3.33813e-11   6.46855e-09 DIIS
   @DF-RHF iter  12:  -117.11595520734058   -9.37916e-13   1.21561e-09 DIIS
   @DF-RHF iter  13:  -117.11595520734069   -1.13687e-13   2.44614e-10 DIIS
  Energy and wave function converged.


  ==> Post-Iterations <==

    Orbital Energies [Eh]
    ---------------------

    Doubly Occupied:                                                      

       1Ap   -11.232735     2Ap   -11.219703     3Ap   -11.216137  
       4Ap    -1.063267     5Ap    -0.932459     6Ap    -0.757327  
       7Ap    -0.635286     8Ap    -0.585305     1App   -0.571233  
       9Ap    -0.517579    10Ap    -0.488824     2App   -0.359820  

    Virtual:                                                              

      11Ap     0.147413     3App    0.165176    12Ap     0.178394  
      13Ap     0.184391     4App    0.219122    14Ap     0.223718  
      15Ap     0.246024    16Ap     0.309692    17Ap     0.384596  
       5App    0.393107    18Ap     0.400215    19Ap     0.449480  
       6App    0.470041    20Ap     0.488264    21Ap     0.510977  
       7App    0.585102    22Ap     0.587232    23Ap     0.611328  
      24Ap     0.632172    25Ap     0.637448     8App    0.640033  
      26Ap     0.656235    27Ap     0.671370     9App    0.710351  
      28Ap     0.737143    10App    0.808475    29Ap     0.829480  
      30Ap     0.844997    11App    0.858412    31Ap     0.902054  
      32Ap     0.933618    33Ap     1.068319    12App    1.069031  
      34Ap     1.102291    13App    1.105063    14App    1.191222  
      15App    1.202086    35Ap     1.204831    36Ap     1.230953  
      16App    1.250843    37Ap     1.287496    38Ap     1.304830  
      39Ap     1.342671    17App    1.357331    40Ap     1.389352  
      41Ap     1.425864    18App    1.431012    42Ap     1.501508  
      43Ap     1.521272    19App    1.540803    44Ap     1.586812  
      45Ap     1.598150    20App    1.622450    46Ap     1.652805  
      21App    1.721343    47Ap     1.733500    48Ap     1.754378  
      49Ap     1.781866    50Ap     1.919645    51Ap     2.076177  
      22App    2.373668    52Ap     2.397717    53Ap     2.482368  
      23App    2.525129    54Ap     2.588048    24App    2.600213  
      55Ap     2.635420    56Ap     2.669976    57Ap     2.721207  
      25App    2.789079    58Ap     2.854010    26App    2.923410  
      59Ap     2.927713    60Ap     2.984894    27App    3.042758  
      28App    3.074139    61Ap     3.076769    62Ap     3.100891  
      29App    3.128879    63Ap     3.168310    30App    3.177099  
      31App    3.208367    64Ap     3.210721    65Ap     3.222768  
      32App    3.257745    66Ap     3.287996    33App    3.302674  
      67Ap     3.343022    34App    3.356502    68Ap     3.380278  
      69Ap     3.424603    70Ap     3.435303    35App    3.466975  
      71Ap     3.521637    36App    3.565191    72Ap     3.585035  
      37App    3.592104    73Ap     3.644454    38App    3.645073  
      74Ap     3.719440    39App    3.739527    40App    3.758436  
      75Ap     3.777478    76Ap     3.801138    41App    3.846489  
      77Ap     3.919802    78Ap     3.932282    79Ap     3.992846  
      42App    4.010510    80Ap     4.035000    43App    4.047190  
      81Ap     4.064252    82Ap     4.114479    44App    4.149829  
      83Ap     4.193374    45App    4.205892    46App    4.230905  
      84Ap     4.262514    85Ap     4.287196    47App    4.339212  
      86Ap     4.360453    87Ap     4.369763    48App    4.424229  
      88Ap     4.427011    49App    4.446483    89Ap     4.532161  
      50App    4.538451    90Ap     4.594285    91Ap     4.611145  
      92Ap     4.717572    51App    4.722664    93Ap     4.788558  
      94Ap     4.841727    52App    4.890732    95Ap     4.962099  
      53App    5.047080    96Ap     5.103693    97Ap     5.181945  
      54App    5.183414    98Ap     5.222315    55App    5.287009  
      99Ap     5.310857   100Ap     5.367174    56App    5.391997  
     101Ap     5.431365    57App    5.526268   102Ap     5.552482  
     103Ap     5.572294    58App    5.630194   104Ap     5.695590  
      59App    5.699702   105Ap     5.769539   106Ap     5.794713  
     107Ap     5.992084    60App    6.236608   108Ap     6.243263  
     109Ap     6.309942   110Ap     6.387325   111Ap     6.666233  
     112Ap    11.397347   113Ap    14.119216   114Ap    14.760931  

    Final Occupation by Irrep:
             Ap   App 
    DOCC [    10,    2 ]
    NA   [    10,    2 ]
    NB   [    10,    2 ]

  @DF-RHF Final Energy:  -117.11595520734069

   => Energetics <=

    Nuclear Repulsion Energy =             70.8025672429777160
    One-Electron Energy =                -296.6776934700709489
    Two-Electron Energy =                 108.7591710197525430
    Total Energy =                       -117.1159552073406900

Computation Completed


Properties will be evaluated at   0.000000,   0.000000,   0.000000 [a0]

Properties computed using the SCF density matrix


 Multipole Moments:

 ------------------------------------------------------------------------------------
     Multipole            Electronic (a.u.)      Nuclear  (a.u.)        Total (a.u.)
 ------------------------------------------------------------------------------------

 L = 1.  Multiply by 2.5417464519 to convert [e a0] to [Debye]
 Dipole X            :          0.9799676           -1.1261152           -0.1461476
 Dipole Y            :         -0.5305417            0.5120894           -0.0184523
 Dipole Z            :          0.0000000            0.0000000            0.0000000
 Magnitude           :                                                    0.1473079

 ------------------------------------------------------------------------------------

*** tstop() called on flexpad at Mon Aug  3 19:50:50 2026
Module time:
	user time   =       7.32 seconds =       0.12 minutes
	system time =       0.30 seconds =       0.00 minutes
	total time  =          2 seconds =       0.03 minutes
Total time:
	user time   =   13477.13 seconds =     224.62 minutes
	system time =     553.50 seconds =       9.22 minutes
	total time  =       2215 seconds =      36.92 minutes

*** tstart() called on flexpad
*** at Mon Aug  3 19:50:50 2026


  //>>>>>>>>>>>>>>>>>>>>>>>>>>>>>>>>>>>//
  //               DFMP2               //
  //<<<<<<<<<<<<<<<<<<<<<<<<<<<<<<<<<<<//

   => Loading Basis Set <=

    Name: (CC-PVTZ AUX)
    Role: RIFIT
    Keyword: DF_BASIS_MP2
    atoms 1-3 entry C          line   209 file /home/peter/miniconda3/envs/research/share/psi4/basis/cc-pvtz-ri.gbs 
    atoms 4-9 entry H          line    19 file /home/peter/miniconda3/envs/research/share/psi4/basis/cc-pvtz-ri.gbs 

	 --------------------------------------------------------
	                          DF-MP2                         
	      2nd-Order Density-Fitted Moller-Plesset Theory     
	              RMP2 Wavefunction,   7 Threads             
	                                                         
	        Rob Parrish, Justin Turney, Andy Simmonett,      
	           Ed Hohenstein, and C. David Sherrill          
	 --------------------------------------------------------

   => Auxiliary Basis Set <=

  Basis Set: (CC-PVTZ AUX)
    Blend: CC-PVTZ-RI
    Number of shells: 129
    Number of basis functions: 423
    Number of Cartesian functions: 513
    Spherical Harmonics?: true
    Max angular momentum: 4

	 --------------------------------------------------------
	                 NBF =   174, NAUX =   423
	 --------------------------------------------------------
	   CLASS    FOCC     OCC    AOCC    AVIR     VIR    FVIR
	   PAIRS       3      12       9     162     162       0
	 --------------------------------------------------------

  DFHelper Memory: AOs need 0.102 GiB; user supplied 6.286 GiB. 
  Using in-core AOs.


         ------------------------------------------------------------
                                     CPHF                           
                                  Rob Parrish                       
         ------------------------------------------------------------

  ==> Geometry <==

    Molecular point group: cs
    Full point group: Cs

    Geometry (in Angstrom), charge = 0, multiplicity = 1:

       Center              X                  Y                   Z               Mass       
    ------------   -----------------  -----------------  -----------------  -----------------
         C            1.258295229826     0.195374419129     0.000000000000    12.000000000000
         C            0.095295229826    -0.448625580871     0.000000000000    12.000000000000
         C           -1.252704770174     0.207374419129     0.000000000000    12.000000000000
         H            1.347295229826     1.276374419129     0.000000000000     1.007825032230
         H            2.187295229826    -0.362625580871     0.000000000000     1.007825032230
         H            0.082295229826    -1.535625580871     0.000000000000     1.007825032230
         H           -1.822704770174    -0.063625580871     0.890000000000     1.007825032230
         H           -1.822704770174    -0.063625580871    -0.890000000000     1.007825032230
         H           -1.172704770174     1.295374419129     0.000000000000     1.007825032230

  Nuclear repulsion =   70.802567242977716
  Reference energy  = -117.115955207340690

  ==> Basis Set <==

  Basis Set: CC-PVTZ
    Blend: CC-PVTZ
    Number of shells: 66
    Number of basis functions: 174
    Number of Cartesian functions: 195
    Spherical Harmonics?: true
    Max angular momentum: 3

  ==> CGRSolver (by Rob Parrish) <==

   Number of roots    =         1
   Preconditioning    =    JACOBI
   Convergence cutoff =     1E-06
   Maximum iterations =       100

  ==> CPHFRHamiltonian (by Rob Parrish) <== 

  ==> MemDFJK: Density-Fitted J/K Matrices <==

    J tasked:                   Yes
    K tasked:                   Yes
    wK tasked:                   No
    OpenMP threads:               7
    Memory [MiB]:              6437
    Algorithm:                 Core
    Schwarz Cutoff:           1E-12
    Mask sparsity (%):       1.1098
    Fitting Condition:        1E-10

   => Auxiliary Basis Set <=

  Basis Set: (CC-PVTZ AUX)
    Blend: CC-PVTZ-JKFIT
    Number of shells: 135
    Number of basis functions: 417
    Number of Cartesian functions: 498
    Spherical Harmonics?: true
    Max angular momentum: 4

  ==> CPHF Iterations <==

  => Iterations <=

             Iter  Converged  Remaining    Residual
  CGR           1          0          1   8.661E-02
  CGR           2          0          1   1.646E-02
  CGR           3          0          1   5.461E-03
  CGR           4          0          1   2.069E-03
  CGR           5          0          1   6.055E-04
  CGR           6          0          1   1.812E-04
  CGR           7          0          1   4.723E-05
  CGR           8          0          1   1.144E-05
  CGR           9          0          1   2.306E-06
  CGR          10          1          0   4.192E-07

    CGRSolver converged.

  ==> DFCorrGrad: Density-Fitted Correlated Gradients <==

    OpenMP threads:              7
    Integrals threads:           7
    Memory [GiB]:            6.286
    Schwarz Cutoff:          0E+00
    Fitting Condition:       1E-10

   => Auxiliary Basis Set <=

  Basis Set: (CC-PVTZ AUX)
    Blend: CC-PVTZ-JKFIT
    Number of shells: 135
    Number of basis functions: 417
    Number of Cartesian functions: 498
    Spherical Harmonics?: true
    Max angular momentum: 4

	-----------------------------------------------------------
	 ==================> DF-MP2 Energies <==================== 
	-----------------------------------------------------------
	 Reference Energy          =    -117.1159552073406900 [Eh]
	 Singles Energy            =      -0.0000000000000000 [Eh]
	 Same-Spin Energy          =      -0.1104446773578869 [Eh]
	 Opposite-Spin Energy      =      -0.3987559637156122 [Eh]
	 Correlation Energy        =      -0.5092006410734990 [Eh]
	 Total Energy              =    -117.6251558484141952 [Eh]
	-----------------------------------------------------------
	 ================> DF-SCS-MP2 Energies <================== 
	-----------------------------------------------------------
	 SCS Same-Spin Scale       =       0.3333333333333333 [-]
	 SCS Opposite-Spin Scale   =       1.2000000000000000 [-]
	 SCS Same-Spin Energy      =      -0.0368148924526290 [Eh]
	 SCS Opposite-Spin Energy  =      -0.4785071564587346 [Eh]
	 SCS Correlation Energy    =      -0.5153220489113636 [Eh]
	 SCS Total Energy          =    -117.6312772562520479 [Eh]
	-----------------------------------------------------------


  -Total Gradient:
     Atom            X                  Y                   Z
    ------   -----------------  -----------------  -----------------
       1       -0.010250443740     0.001009230394     0.000000000000
       2        0.009970693728     0.000395998491     0.000000000000
       3       -0.001604363551    -0.006716393894     0.000000000000
       4        0.004016379136     0.002016833077     0.000000000000
       5        0.001294650544    -0.001205963576     0.000000000000
       6       -0.002745246093    -0.001991296384     0.000000000000
       7        0.001021469224     0.002784178036     0.002654506575
       8        0.001021469224     0.002784178036    -0.002654506575
       9       -0.002724608474     0.000923235820     0.000000000000


*** tstop() called on flexpad at Mon Aug  3 19:50:53 2026
Module time:
	user time   =      20.12 seconds =       0.34 minutes
	system time =       0.86 seconds =       0.01 minutes
	total time  =          3 seconds =       0.05 minutes
Total time:
	user time   =   13497.26 seconds =     224.95 minutes
	system time =     554.36 seconds =       9.24 minutes
	total time  =       2218 seconds =      36.97 minutes

    			-----------------------------------------

    			 OPTKING 3.0: for geometry optimizations 

    			     By R.A. King, Bethel University     

    			        with contributions from          

    			    A.V. Copan, J. Cayton, A. Heide      

    			-----------------------------------------

    
	                            ===> Fragment 1 <== 

	 Z (Atomic Numbers)          Masses                          Geom                  
	       6.000000            12.000000          2.37783337  0.36920414  0.00000000   
	       6.000000            12.000000          0.18008189 -0.84777948  0.00000000   
	       6.000000            12.000000         -2.36726893  0.39188086  0.00000000   
	       1.000000             1.007825          2.54601899  2.41199809  0.00000000   
	       1.000000             1.007825          4.13338894 -0.68526303  0.00000000   
	       1.000000             1.007825          0.15551545 -2.90191178  0.00000000   
	       1.000000             1.007825         -3.44441282 -0.12023492  1.68185625   
	       1.000000             1.007825         -3.44441282 -0.12023492 -1.68185625   
	       1.000000             1.007825         -2.21609084  2.44790288  0.00000000   

	 - Coordinate -           - BOHR/RAD -       - ANG/DEG -
	 R(1,2)           =         2.512202           1.329400
	 R(1,4)           =         2.049706           1.084658
	 R(1,5)           =         2.047896           1.083700
	 R(2,3)           =         2.832976           1.499146
	 R(2,6)           =         2.054279           1.087078
	 R(3,7)           =         2.061830           1.091073
	 R(3,8)           =         2.061830           1.091073
	 R(3,9)           =         2.061573           1.090937
	 B(1,2,3)         =         2.182974         125.075206
	 B(1,2,6)         =         2.088466         119.660265
	 B(2,1,4)         =         2.158653         123.681681
	 B(2,1,5)         =         2.094988         120.033974
	 B(2,3,7)         =         1.940204         111.165529
	 B(2,3,8)         =         1.940204         111.165529
	 B(2,3,9)         =         1.950307         111.744369
	 B(3,2,6)         =         2.011746         115.264529
	 B(4,1,5)         =         2.029545         116.284345
	 B(7,3,8)         =         1.907913         109.315356
	 B(7,3,9)         =         1.860868         106.619856
	 B(8,3,9)         =         1.860868         106.619856
	 D(1,2,3,7)       =        -2.076739        -118.988387
	 D(1,2,3,8)       =         2.076739         118.988387
	 D(1,2,3,9)       =         0.000000           0.000000
	 D(3,2,1,4)       =         0.000000           0.000000
	 D(3,2,1,5)       =         3.141593         180.000000
	 D(4,1,2,6)       =         3.141593         180.000000
	 D(5,1,2,6)       =         0.000000           0.000000
	 D(6,2,3,7)       =         1.064854          61.011613
	 D(6,2,3,8)       =        -1.064854         -61.011613
	 D(6,2,3,9)       =         3.141593         180.000000


	        --- Internal Coordinate Step in ANG or DEG, aJ/ANG or AJ/DEG ---
	-------------------------------------------------------------------------------
	           Coordinate      Previous         Force          Change          New 
	           ----------      --------        ------          ------        ------
	               R(1,2)       1.32940        0.02834        0.00305       1.33245
	               R(1,4)       1.08466       -0.01928       -0.00349       1.08117
	               R(1,5)       1.08370       -0.01426       -0.00257       1.08113
	               R(2,3)       1.49915       -0.01612       -0.00318       1.49596
	               R(2,6)       1.08708       -0.01668       -0.00304       1.08404
	               R(3,7)       1.09107       -0.00775       -0.00143       1.08964
	               R(3,8)       1.09107       -0.00775       -0.00143       1.08964
	               R(3,9)       1.09094       -0.00594       -0.00110       1.08984
	             B(1,2,3)     125.07521       -0.00007       -0.24234     124.83287
	             B(1,2,6)     119.66026       -0.00018       -0.87444     118.78583
	             B(2,1,4)     123.68168       -0.00042       -1.95705     121.72463
	             B(2,1,5)     120.03397        0.00024        1.11245     121.14643
	             B(2,3,7)     111.16553        0.00001       -0.21071     110.95482
	             B(2,3,8)     111.16553        0.00001       -0.21071     110.95482
	             B(2,3,9)     111.74437       -0.00022       -0.54458     111.19979
	             B(3,2,6)     115.26453        0.00025        1.11678     116.38131
	             B(4,1,5)     116.28434        0.00018        0.84460     117.12895
	             B(7,3,8)     109.31536       -0.00020       -1.83194     107.48342
	             B(7,3,9)     106.61986        0.00021        1.42980     108.04966
	             B(8,3,9)     106.61986        0.00021        1.42980     108.04966
	           D(1,2,3,7)    -118.98839       -0.00012       -1.30357    -120.29196
	           D(1,2,3,8)     118.98839        0.00012        1.30357     120.29196
	           D(1,2,3,9)       0.00000       -0.00000       -0.00000      -0.00000
	           D(3,2,1,4)       0.00000        0.00000       -0.00000      -0.00000
	           D(3,2,1,5)     180.00000       -0.00000        0.00000     180.00000
	           D(4,1,2,6)     180.00000        0.00000        0.00000     180.00000
	           D(5,1,2,6)       0.00000       -0.00000        0.00000       0.00000
	           D(6,2,3,7)      61.01161       -0.00012       -1.30357      59.70804
	           D(6,2,3,8)     -61.01161        0.00012        1.30357     -59.70804
	           D(6,2,3,9)     180.00000       -0.00000        0.00000     180.00000
	-------------------------------------------------------------------------------

	                                 ==> Convergence Check <==                                  
    
	Measures of convergence in internal coordinates in au.
    
	Criteria marked as inactive (o), active & met (*), and active & unmet ( ).

	----------------------------------------------------------------------------------------------~
	   Step    Total Energy     Delta E     Max Force     RMS Force      Max Disp      RMS Disp   ~
	----------------------------------------------------------------------------------------------~
	  Convergence Criteria     1.00e-06 *    3.00e-04 *             o    1.20e-03 *             o~
	----------------------------------------------------------------------------------------------~
	     1    -117.62515585   -1.18e+02      5.49e-03      2.11e-03 o    3.42e-02      1.53e-02 o  ~
	----------------------------------------------------------------------------------------------

Next Geometry in Ang 
	Fragment 1 (Ang)

	    C   1.2594327518   0.1882992669  -0.0000000000
	    C   0.0900751632  -0.4504640226   0.0000000000
	    C  -1.2484646283   0.2175343968  -0.0000000000
	    H   1.3175053618   1.2679108210  -0.0000000000
	    H   2.1937504668  -0.3556598719   0.0000000000
	    H   0.0874227804  -1.5344990394   0.0000000000
	    H  -1.8263402866  -0.0677145778   0.8786432089
	    H  -1.8263402866  -0.0677145778  -0.8786432089
	    H  -1.1473842540   1.3026773769   0.0000000000


    Structure for next step:
    Molecular point group: cs
    Full point group: Cs

    Geometry (in Angstrom), charge = 0, multiplicity = 1:

    C            1.259391551757     0.187973429477     0.000000000000
    C            0.090033963152    -0.450789859936     0.000000000000
    C           -1.248505828357     0.217208559436     0.000000000000
    H            1.317464161745     1.267584983603     0.000000000000
    H            2.193709266811    -0.355985709243     0.000000000000
    H            0.087381580334    -1.534824876806     0.000000000000
    H           -1.826381486633    -0.068040415141     0.878643208869
    H           -1.826381486633    -0.068040415141    -0.878643208869
    H           -1.147425454031     1.302351539537     0.000000000000


Scratch directory: /tmp/
gradient() will perform analytic gradient computation.
   => Libint2 <=

    Primary   basis highest AM E, G, H:  6, 6, 3
    Auxiliary basis highest AM E, G, H:  7, 7, 4
    Onebody   basis highest AM E, G, H:  -, -, -
    Solid Harmonics ordering:            Gaussian

*** tstart() called on flexpad
*** at Mon Aug  3 19:50:53 2026

   => Loading Basis Set <=

    Name: CC-PVTZ
    Role: ORBITAL
    Keyword: BASIS
    atoms 1-3 entry C          line   186 file /home/peter/miniconda3/envs/research/share/psi4/basis/cc-pvtz.gbs 
    atoms 4-9 entry H          line    23 file /home/peter/miniconda3/envs/research/share/psi4/basis/cc-pvtz.gbs 


         ---------------------------------------------------------
                                   SCF
               by Justin Turney, Rob Parrish, Andy Simmonett
                          and Daniel G. A. Smith
                              RHF Reference
                        7 Threads,   8583 MiB Core
         ---------------------------------------------------------

  ==> Geometry <==

    Molecular point group: cs
    Full point group: Cs

    Geometry (in Angstrom), charge = 0, multiplicity = 1:

       Center              X                  Y                   Z               Mass       
    ------------   -----------------  -----------------  -----------------  -----------------
         C            1.259391551757     0.187973429477     0.000000000000    12.000000000000
         C            0.090033963152    -0.450789859936     0.000000000000    12.000000000000
         C           -1.248505828357     0.217208559436     0.000000000000    12.000000000000
         H            1.317464161745     1.267584983603     0.000000000000     1.007825032230
         H            2.193709266811    -0.355985709243     0.000000000000     1.007825032230
         H            0.087381580334    -1.534824876806     0.000000000000     1.007825032230
         H           -1.826381486633    -0.068040415141     0.878643208869     1.007825032230
         H           -1.826381486633    -0.068040415141    -0.878643208869     1.007825032230
         H           -1.147425454031     1.302351539537     0.000000000000     1.007825032230

  Running in cs symmetry.

  Rotational constants: A =      1.56383  B =      0.31164  C =      0.27295 [cm^-1]
  Rotational constants: A =  46882.34544  B =   9342.63980  C =   8182.77501 [MHz]
  Nuclear repulsion =   70.892075786483630

  Charge       = 0
  Multiplicity = 1
  Electrons    = 24
  Nalpha       = 12
  Nbeta        = 12

  ==> Algorithm <==

  SCF Algorithm Type is DF.
  DIIS enabled.
  MOM disabled.
  Fractional occupation disabled.
  Guess Type is READ.
  Energy threshold   = 1.00e-09
  Density threshold  = 1.00e-09
  Integral threshold = 1.00e-12

  ==> Primary Basis <==

  Basis Set: CC-PVTZ
    Blend: CC-PVTZ
    Number of shells: 66
    Number of basis functions: 174
    Number of Cartesian functions: 195
    Spherical Harmonics?: true
    Max angular momentum: 3

   => Loading Basis Set <=

    Name: (CC-PVTZ AUX)
    Role: JKFIT
    Keyword: DF_BASIS_SCF
    atoms 1-3 entry C          line   125 file /home/peter/miniconda3/envs/research/share/psi4/basis/cc-pvtz-jkfit.gbs 
    atoms 4-9 entry H          line    51 file /home/peter/miniconda3/envs/research/share/psi4/basis/cc-pvtz-jkfit.gbs 

   => Loading Basis Set <=

    Name: CC-PVTZ
    Role: ORBITAL
    Keyword: BASIS
    atoms 1-3 entry C          line   186 file /home/peter/miniconda3/envs/research/share/psi4/basis/cc-pvtz.gbs 
    atoms 4-9 entry H          line    23 file /home/peter/miniconda3/envs/research/share/psi4/basis/cc-pvtz.gbs 

  Reading orbitals from file /tmp/psi4.default.340379.180.npy, no projection.

  ==> Integral Setup <==

  DFHelper Memory: AOs need 0.102 GiB; user supplied 6.286 GiB. 
  Using in-core AOs.

  ==> MemDFJK: Density-Fitted J/K Matrices <==

    J tasked:                   Yes
    K tasked:                   Yes
    wK tasked:                   No
    OpenMP threads:               7
    Memory [MiB]:              6437
    Algorithm:                 Core
    Schwarz Cutoff:           1E-12
    Mask sparsity (%):       1.1098
    Fitting Condition:        1E-10

   => Auxiliary Basis Set <=

  Basis Set: (CC-PVTZ AUX)
    Blend: CC-PVTZ-JKFIT
    Number of shells: 135
    Number of basis functions: 417
    Number of Cartesian functions: 498
    Spherical Harmonics?: true
    Max angular momentum: 4

  Minimum eigenvalue in the overlap matrix is 5.1125748657E-04.
  Reciprocal condition number of the overlap matrix is 7.2267577503E-05.
    Using symmetric orthogonalization.

  ==> Pre-Iterations <==

  SCF Guess: Orbitals guess was supplied from a previous computation.

   -------------------------------------------------------
    Irrep   Nso     Nmo     Nalpha   Nbeta   Ndocc  Nsocc
   -------------------------------------------------------
     A'       114     114      10      10      10       0
     A"        60      60       2       2       2       0
   -------------------------------------------------------
    Total     174     174      12      12      12       0
   -------------------------------------------------------

  ==> Iterations <==

                           Total Energy        Delta E     RMS |[F,P]|

   @DF-RHF iter   0:  -117.11953021660673   -1.17120e+02   2.04589e-04 
   @DF-RHF iter   1:  -117.11639788119903    3.13234e-03   2.95624e-05 DIIS
   @DF-RHF iter   2:  -117.11640761537060   -9.73417e-06   1.04165e-05 DIIS
   @DF-RHF iter   3:  -117.11640877354603   -1.15818e-06   3.62221e-06 DIIS
   @DF-RHF iter   4:  -117.11640898049049   -2.06944e-07   6.06044e-07 DIIS
   @DF-RHF iter   5:  -117.11640898907746   -8.58697e-09   1.68735e-07 DIIS
   @DF-RHF iter   6:  -117.11640898983872   -7.61261e-10   5.16945e-08 DIIS
   @DF-RHF iter   7:  -117.11640898992216   -8.34461e-11   2.74008e-08 DIIS
   @DF-RHF iter   8:  -117.11640898993592   -1.37561e-11   5.90465e-09 DIIS
   @DF-RHF iter   9:  -117.11640898993713   -1.20792e-12   2.43260e-09 DIIS
   @DF-RHF iter  10:  -117.11640898993723   -9.94760e-14   4.66466e-10 DIIS
  Energy and wave function converged.


  ==> Post-Iterations <==

    Orbital Energies [Eh]
    ---------------------

    Doubly Occupied:                                                      

       1Ap   -11.232090     2Ap   -11.219664     3Ap   -11.215210  
       4Ap    -1.063907     5Ap    -0.932676     6Ap    -0.757526  
       7Ap    -0.638225     8Ap    -0.582943     1App   -0.568989  
       9Ap    -0.521874    10Ap    -0.490927     2App   -0.358331  

    Virtual:                                                              

      11Ap     0.147732     3App    0.165084    12Ap     0.178544  
      13Ap     0.184665     4App    0.219672    14Ap     0.222998  
      15Ap     0.247628    16Ap     0.309933    17Ap     0.383878  
       5App    0.389652    18Ap     0.400620    19Ap     0.451499  
       6App    0.470450    20Ap     0.486199    21Ap     0.513960  
       7App    0.585081    22Ap     0.587330    23Ap     0.611702  
      24Ap     0.633922     8App    0.638451    25Ap     0.638875  
      26Ap     0.656979    27Ap     0.671044     9App    0.712737  
      28Ap     0.737970    10App    0.808946    29Ap     0.828156  
      30Ap     0.841651    11App    0.862227    31Ap     0.908921  
      32Ap     0.929717    33Ap     1.067970    12App    1.068885  
      34Ap     1.097958    13App    1.103091    14App    1.191041  
      35Ap     1.199025    15App    1.207144    36Ap     1.228544  
      16App    1.250165    37Ap     1.295367    38Ap     1.301882  
      39Ap     1.348217    17App    1.358814    40Ap     1.391987  
      41Ap     1.421103    18App    1.430175    42Ap     1.502209  
      43Ap     1.520920    19App    1.542481    44Ap     1.586315  
      45Ap     1.602758    20App    1.620365    46Ap     1.657534  
      21App    1.718799    47Ap     1.731767    48Ap     1.745390  
      49Ap     1.784765    50Ap     1.922884    51Ap     2.090294  
      22App    2.370878    52Ap     2.382652    53Ap     2.478078  
      23App    2.529901    54Ap     2.588421    24App    2.600779  
      55Ap     2.641546    56Ap     2.674168    57Ap     2.722800  
      25App    2.787481    58Ap     2.858434    26App    2.919733  
      59Ap     2.925674    60Ap     2.987856    27App    3.044287  
      28App    3.071079    61Ap     3.080554    62Ap     3.099721  
      29App    3.133917    63Ap     3.174310    30App    3.181278  
      31App    3.206304    64Ap     3.208778    65Ap     3.221364  
      32App    3.254361    66Ap     3.289815    33App    3.306515  
      67Ap     3.342368    34App    3.355247    68Ap     3.385599  
      69Ap     3.429948    70Ap     3.435367    35App    3.463760  
      71Ap     3.513798    36App    3.564791    37App    3.592441  
      72Ap     3.593828    73Ap     3.641982    38App    3.642769  
      74Ap     3.725879    39App    3.745036    40App    3.764296  
      75Ap     3.775216    76Ap     3.794261    41App    3.848840  
      77Ap     3.928850    78Ap     3.937749    79Ap     3.991894  
      42App    4.013425    80Ap     4.031814    81Ap     4.060576  
      43App    4.062770    82Ap     4.114316    44App    4.148008  
      83Ap     4.207817    45App    4.212806    46App    4.237176  
      84Ap     4.249478    85Ap     4.286567    47App    4.342351  
      86Ap     4.362686    87Ap     4.382918    48App    4.419097  
      88Ap     4.438063    49App    4.448442    50App    4.545514  
      89Ap     4.550824    90Ap     4.594528    91Ap     4.610685  
      92Ap     4.721358    51App    4.731149    93Ap     4.787858  
      94Ap     4.834378    52App    4.881772    95Ap     4.985825  
      53App    5.047887    96Ap     5.109462    54App    5.167715  
      97Ap     5.188474    98Ap     5.225789    55App    5.299840  
      99Ap     5.319476   100Ap     5.376050    56App    5.387650  
     101Ap     5.432565    57App    5.552469   102Ap     5.554987  
     103Ap     5.591359    58App    5.631583    59App    5.675274  
     104Ap     5.719064   105Ap     5.793704   106Ap     5.808317  
     107Ap     5.993991   108Ap     6.226715    60App    6.250241  
     109Ap     6.311992   110Ap     6.385306   111Ap     6.664263  
     112Ap    11.468913   113Ap    14.167206   114Ap    14.743922  

    Final Occupation by Irrep:
             Ap   App 
    DOCC [    10,    2 ]
    NA   [    10,    2 ]
    NB   [    10,    2 ]

  @DF-RHF Final Energy:  -117.11640898993723

   => Energetics <=

    Nuclear Repulsion Energy =             70.8920757864836304
    One-Electron Energy =                -296.8522442072191438
    Two-Electron Energy =                 108.8437594307982721
    Total Energy =                       -117.1164089899372271

Computation Completed


Properties will be evaluated at   0.000000,   0.000000,   0.000000 [a0]

Properties computed using the SCF density matrix


 Multipole Moments:

 ------------------------------------------------------------------------------------
     Multipole            Electronic (a.u.)      Nuclear  (a.u.)        Total (a.u.)
 ------------------------------------------------------------------------------------

 L = 1.  Multiply by 2.5417464519 to convert [e a0] to [Debye]
 Dipole X            :          0.9731542           -1.1264947           -0.1533405
 Dipole Y            :         -0.5345291            0.5090882           -0.0254409
 Dipole Z            :          0.0000000            0.0000000            0.0000000
 Magnitude           :                                                    0.1554366

 ------------------------------------------------------------------------------------

*** tstop() called on flexpad at Mon Aug  3 19:50:55 2026
Module time:
	user time   =       7.60 seconds =       0.13 minutes
	system time =       0.30 seconds =       0.01 minutes
	total time  =          2 seconds =       0.03 minutes
Total time:
	user time   =   13505.62 seconds =     225.09 minutes
	system time =     554.67 seconds =       9.24 minutes
	total time  =       2220 seconds =      37.00 minutes

*** tstart() called on flexpad
*** at Mon Aug  3 19:50:55 2026


  //>>>>>>>>>>>>>>>>>>>>>>>>>>>>>>>>>>>//
  //               DFMP2               //
  //<<<<<<<<<<<<<<<<<<<<<<<<<<<<<<<<<<<//

   => Loading Basis Set <=

    Name: (CC-PVTZ AUX)
    Role: RIFIT
    Keyword: DF_BASIS_MP2
    atoms 1-3 entry C          line   209 file /home/peter/miniconda3/envs/research/share/psi4/basis/cc-pvtz-ri.gbs 
    atoms 4-9 entry H          line    19 file /home/peter/miniconda3/envs/research/share/psi4/basis/cc-pvtz-ri.gbs 

	 --------------------------------------------------------
	                          DF-MP2                         
	      2nd-Order Density-Fitted Moller-Plesset Theory     
	              RMP2 Wavefunction,   7 Threads             
	                                                         
	        Rob Parrish, Justin Turney, Andy Simmonett,      
	           Ed Hohenstein, and C. David Sherrill          
	 --------------------------------------------------------

   => Auxiliary Basis Set <=

  Basis Set: (CC-PVTZ AUX)
    Blend: CC-PVTZ-RI
    Number of shells: 129
    Number of basis functions: 423
    Number of Cartesian functions: 513
    Spherical Harmonics?: true
    Max angular momentum: 4

	 --------------------------------------------------------
	                 NBF =   174, NAUX =   423
	 --------------------------------------------------------
	   CLASS    FOCC     OCC    AOCC    AVIR     VIR    FVIR
	   PAIRS       3      12       9     162     162       0
	 --------------------------------------------------------

  DFHelper Memory: AOs need 0.102 GiB; user supplied 6.286 GiB. 
  Using in-core AOs.


         ------------------------------------------------------------
                                     CPHF                           
                                  Rob Parrish                       
         ------------------------------------------------------------

  ==> Geometry <==

    Molecular point group: cs
    Full point group: Cs

    Geometry (in Angstrom), charge = 0, multiplicity = 1:

       Center              X                  Y                   Z               Mass       
    ------------   -----------------  -----------------  -----------------  -----------------
         C            1.259391551757     0.187973429477     0.000000000000    12.000000000000
         C            0.090033963152    -0.450789859936     0.000000000000    12.000000000000
         C           -1.248505828357     0.217208559436     0.000000000000    12.000000000000
         H            1.317464161745     1.267584983603     0.000000000000     1.007825032230
         H            2.193709266811    -0.355985709243     0.000000000000     1.007825032230
         H            0.087381580334    -1.534824876806     0.000000000000     1.007825032230
         H           -1.826381486633    -0.068040415141     0.878643208869     1.007825032230
         H           -1.826381486633    -0.068040415141    -0.878643208869     1.007825032230
         H           -1.147425454031     1.302351539537     0.000000000000     1.007825032230

  Nuclear repulsion =   70.892075786483630
  Reference energy  = -117.116408989937227

  ==> Basis Set <==

  Basis Set: CC-PVTZ
    Blend: CC-PVTZ
    Number of shells: 66
    Number of basis functions: 174
    Number of Cartesian functions: 195
    Spherical Harmonics?: true
    Max angular momentum: 3

  ==> CGRSolver (by Rob Parrish) <==

   Number of roots    =         1
   Preconditioning    =    JACOBI
   Convergence cutoff =     1E-06
   Maximum iterations =       100

  ==> CPHFRHamiltonian (by Rob Parrish) <== 

  ==> MemDFJK: Density-Fitted J/K Matrices <==

    J tasked:                   Yes
    K tasked:                   Yes
    wK tasked:                   No
    OpenMP threads:               7
    Memory [MiB]:              6437
    Algorithm:                 Core
    Schwarz Cutoff:           1E-12
    Mask sparsity (%):       1.1098
    Fitting Condition:        1E-10

   => Auxiliary Basis Set <=

  Basis Set: (CC-PVTZ AUX)
    Blend: CC-PVTZ-JKFIT
    Number of shells: 135
    Number of basis functions: 417
    Number of Cartesian functions: 498
    Spherical Harmonics?: true
    Max angular momentum: 4

  ==> CPHF Iterations <==

  => Iterations <=

             Iter  Converged  Remaining    Residual
  CGR           1          0          1   8.683E-02
  CGR           2          0          1   1.668E-02
  CGR           3          0          1   5.559E-03
  CGR           4          0          1   2.122E-03
  CGR           5          0          1   6.202E-04
  CGR           6          0          1   1.853E-04
  CGR           7          0          1   4.776E-05
  CGR           8          0          1   1.168E-05
  CGR           9          0          1   2.351E-06
  CGR          10          1          0   4.243E-07

    CGRSolver converged.

  ==> DFCorrGrad: Density-Fitted Correlated Gradients <==

    OpenMP threads:              7
    Integrals threads:           7
    Memory [GiB]:            6.286
    Schwarz Cutoff:          0E+00
    Fitting Condition:       1E-10

   => Auxiliary Basis Set <=

  Basis Set: (CC-PVTZ AUX)
    Blend: CC-PVTZ-JKFIT
    Number of shells: 135
    Number of basis functions: 417
    Number of Cartesian functions: 498
    Spherical Harmonics?: true
    Max angular momentum: 4

	-----------------------------------------------------------
	 ==================> DF-MP2 Energies <==================== 
	-----------------------------------------------------------
	 Reference Energy          =    -117.1164089899372271 [Eh]
	 Singles Energy            =      -0.0000000000000000 [Eh]
	 Same-Spin Energy          =      -0.1105174286417901 [Eh]
	 Opposite-Spin Energy      =      -0.3987459796141631 [Eh]
	 Correlation Energy        =      -0.5092634082559533 [Eh]
	 Total Energy              =    -117.6256723981931742 [Eh]
	-----------------------------------------------------------
	 ================> DF-SCS-MP2 Energies <================== 
	-----------------------------------------------------------
	 SCS Same-Spin Scale       =       0.3333333333333333 [-]
	 SCS Opposite-Spin Scale   =       1.2000000000000000 [-]
	 SCS Same-Spin Energy      =      -0.0368391428805967 [Eh]
	 SCS Opposite-Spin Energy  =      -0.4784951755369957 [Eh]
	 SCS Correlation Energy    =      -0.5153343184175925 [Eh]
	 SCS Total Energy          =    -117.6317433083548138 [Eh]
	-----------------------------------------------------------


  -Total Gradient:
     Atom            X                  Y                   Z
    ------   -----------------  -----------------  -----------------
       1       -0.002842209304     0.000478851929     0.000000000000
       2        0.002351899858     0.000253864545     0.000000000000
       3       -0.001140582106    -0.002356334936     0.000000000000
       4        0.001093054585    -0.000533717875     0.000000000000
       5        0.000617187680    -0.000107281318     0.000000000000
       6       -0.000575633908     0.000222342168     0.000000000000
       7        0.000493127885     0.000591710446     0.000193735013
       8        0.000493127885     0.000591710446    -0.000193735013
       9       -0.000489972574     0.000858854595     0.000000000000


*** tstop() called on flexpad at Mon Aug  3 19:50:58 2026
Module time:
	user time   =      20.33 seconds =       0.34 minutes
	system time =       1.00 seconds =       0.02 minutes
	total time  =          3 seconds =       0.05 minutes
Total time:
	user time   =   13525.95 seconds =     225.43 minutes
	system time =     555.67 seconds =       9.26 minutes
	total time  =       2223 seconds =      37.05 minutes

    			-----------------------------------------

    			 OPTKING 3.0: for geometry optimizations 

    			     By R.A. King, Bethel University     

    			        with contributions from          

    			    A.V. Copan, J. Cayton, A. Heide      

    			-----------------------------------------

    
	                            ===> Fragment 1 <== 

	 Z (Atomic Numbers)          Masses                          Geom                  
	       6.000000            12.000000          2.37990512  0.35521830  0.00000000   
	       6.000000            12.000000          0.17013953 -0.85186938  0.00000000   
	       6.000000            12.000000         -2.35933408  0.41046469  0.00000000   
	       1.000000             1.007825          2.48964645  2.39538846  0.00000000   
	       1.000000             1.007825          4.14550971 -0.67271550  0.00000000   
	       1.000000             1.007825          0.16512726 -2.90039867  0.00000000   
	       1.000000             1.007825         -3.45136081 -0.12857775  1.66039503   
	       1.000000             1.007825         -3.45136081 -0.12857775 -1.66039503   
	       1.000000             1.007825         -2.16831986  2.46108773  0.00000000   

	 - Coordinate -           - BOHR/RAD -       - ANG/DEG -
	 R(1,2)           =         2.517960           1.332447
	 R(1,4)           =         2.043120           1.081172
	 R(1,5)           =         2.043039           1.081130
	 R(2,3)           =         2.826964           1.495965
	 R(2,6)           =         2.048535           1.084038
	 R(3,7)           =         2.059126           1.089643
	 R(3,8)           =         2.059126           1.089643
	 R(3,9)           =         2.059500           1.089841
	 B(1,2,3)         =         2.178745         124.832868
	 B(1,2,6)         =         2.073204         118.785827
	 B(2,1,4)         =         2.124496         121.724627
	 B(2,1,5)         =         2.114404         121.146427
	 B(2,3,7)         =         1.936527         110.954823
	 B(2,3,8)         =         1.936527         110.954823
	 B(2,3,9)         =         1.940802         111.199786
	 B(3,2,6)         =         2.031237         116.381305
	 B(4,1,5)         =         2.044286         117.128946
	 B(7,3,8)         =         1.875940         107.483419
	 B(7,3,9)         =         1.885822         108.049660
	 B(8,3,9)         =         1.885822         108.049660
	 D(1,2,3,7)       =        -2.099491        -120.291957
	 D(1,2,3,8)       =         2.099491         120.291957
	 D(1,2,3,9)       =         0.000000           0.000000
	 D(3,2,1,4)       =         0.000000           0.000000
	 D(3,2,1,5)       =         3.141593         180.000000
	 D(4,1,2,6)       =         3.141593         180.000000
	 D(5,1,2,6)       =         0.000000           0.000000
	 D(6,2,3,7)       =         1.042102          59.708043
	 D(6,2,3,8)       =        -1.042102         -59.708043
	 D(6,2,3,9)       =         3.141593         180.000000


	        --- Internal Coordinate Step in ANG or DEG, aJ/ANG or AJ/DEG ---
	-------------------------------------------------------------------------------
	           Coordinate      Previous         Force          Change          New 
	           ----------      --------        ------          ------        ------
	               R(1,2)       1.33245        0.00882        0.00127       1.33372
	               R(1,4)       1.08117        0.00391        0.00081       1.08199
	               R(1,5)       1.08113       -0.00484       -0.00116       1.07997
	               R(2,3)       1.49596       -0.00359       -0.00097       1.49499
	               R(2,6)       1.08404        0.00182        0.00035       1.08439
	               R(3,7)       1.08964        0.00214        0.00047       1.09011
	               R(3,8)       1.08964        0.00214        0.00047       1.09011
	               R(3,9)       1.08984       -0.00667       -0.00159       1.08826
	             B(1,2,3)     124.83287       -0.00007       -0.31821     124.51466
	             B(1,2,6)     118.78583       -0.00001       -0.13000     118.65582
	             B(2,1,4)     121.72463       -0.00010       -0.66661     121.05802
	             B(2,1,5)     121.14643        0.00004        0.23563     121.38205
	             B(2,3,7)     110.95482        0.00001        0.00113     110.95596
	             B(2,3,8)     110.95482        0.00001        0.00113     110.95596
	             B(2,3,9)     111.19979       -0.00005       -0.19709     111.00270
	             B(3,2,6)     116.38131        0.00008        0.44821     116.82952
	             B(4,1,5)     117.12895        0.00007        0.43098     117.55993
	             B(7,3,8)     107.48342       -0.00005       -0.51209     106.97133
	             B(7,3,9)     108.04966        0.00004        0.35717     108.40683
	             B(8,3,9)     108.04966        0.00004        0.35717     108.40683
	           D(1,2,3,7)    -120.29196       -0.00002       -0.32019    -120.61214
	           D(1,2,3,8)     120.29196        0.00002        0.32019     120.61214
	           D(1,2,3,9)       0.00000        0.00000       -0.00000      -0.00000
	           D(3,2,1,4)       0.00000       -0.00000        0.00000       0.00000
	           D(3,2,1,5)     180.00000       -0.00000        0.00000     180.00000
	           D(4,1,2,6)     180.00000       -0.00000        0.00000     180.00000
	           D(5,1,2,6)       0.00000        0.00000        0.00000       0.00000
	           D(6,2,3,7)      59.70804       -0.00002       -0.32019      59.38786
	           D(6,2,3,8)     -59.70804        0.00002        0.32019     -59.38786
	           D(6,2,3,9)     180.00000        0.00000        0.00000     180.00000
	-------------------------------------------------------------------------------

	                                 ==> Convergence Check <==                                  
    
	Measures of convergence in internal coordinates in au.
    
	Criteria marked as inactive (o), active & met (*), and active & unmet ( ).

	----------------------------------------------------------------------------------------------
	   Step    Total Energy     Delta E     Max Force     RMS Force      Max Disp      RMS Disp   
	----------------------------------------------------------------------------------------------
	  Convergence Criteria     1.00e-06 *    3.00e-04 *             o    1.20e-03 *             o
	----------------------------------------------------------------------------------------------
	     2    -117.62567240   -5.17e-04      1.38e-03      5.59e-04 o    1.16e-02      4.57e-03 o  ~
	----------------------------------------------------------------------------------------------

Next Geometry in Ang 
	Fragment 1 (Ang)

	    C   1.2588205814   0.1861832042   0.0000000000
	    C   0.0887890130  -0.4539984267   0.0000000000
	    C  -1.2456195203   0.2200630713  -0.0000000000
	    H   1.3036160706   1.2672423934  -0.0000000000
	    H   2.1947318218  -0.3527009352  -0.0000000000
	    H   0.0893455971  -1.5383868440   0.0000000000
	    H  -1.8273519948  -0.0668587581   0.8761311817
	    H  -1.8273519948  -0.0668587581  -0.8761311817
	    H  -1.1356933060   1.3027522889   0.0000000000


    Structure for next step:
    Molecular point group: cs
    Full point group: Cs

    Geometry (in Angstrom), charge = 0, multiplicity = 1:

    C            1.258540754060     0.186743775240     0.000000000000
    C            0.088509185632    -0.453437855653     0.000000000000
    C           -1.245899347665     0.220623642373     0.000000000000
    H            1.303336243200     1.267802964430     0.000000000000
    H            2.194451994449    -0.352140364208     0.000000000000
    H            0.089065769686    -1.537826272964     0.000000000000
    H           -1.827631822158    -0.066298187061     0.876131181727
    H           -1.827631822158    -0.066298187061    -0.876131181727
    H           -1.135973133353     1.303312859905     0.000000000000


Scratch directory: /tmp/
gradient() will perform analytic gradient computation.
   => Libint2 <=

    Primary   basis highest AM E, G, H:  6, 6, 3
    Auxiliary basis highest AM E, G, H:  7, 7, 4
    Onebody   basis highest AM E, G, H:  -, -, -
    Solid Harmonics ordering:            Gaussian

*** tstart() called on flexpad
*** at Mon Aug  3 19:50:58 2026

   => Loading Basis Set <=

    Name: CC-PVTZ
    Role: ORBITAL
    Keyword: BASIS
    atoms 1-3 entry C          line   186 file /home/peter/miniconda3/envs/research/share/psi4/basis/cc-pvtz.gbs 
    atoms 4-9 entry H          line    23 file /home/peter/miniconda3/envs/research/share/psi4/basis/cc-pvtz.gbs 


         ---------------------------------------------------------
                                   SCF
               by Justin Turney, Rob Parrish, Andy Simmonett
                          and Daniel G. A. Smith
                              RHF Reference
                        7 Threads,   8583 MiB Core
         ---------------------------------------------------------

  ==> Geometry <==

    Molecular point group: cs
    Full point group: Cs

    Geometry (in Angstrom), charge = 0, multiplicity = 1:

       Center              X                  Y                   Z               Mass       
    ------------   -----------------  -----------------  -----------------  -----------------
         C            1.258540754060     0.186743775240     0.000000000000    12.000000000000
         C            0.088509185632    -0.453437855653     0.000000000000    12.000000000000
         C           -1.245899347665     0.220623642373     0.000000000000    12.000000000000
         H            1.303336243200     1.267802964430     0.000000000000     1.007825032230
         H            2.194451994449    -0.352140364208     0.000000000000     1.007825032230
         H            0.089065769686    -1.537826272964     0.000000000000     1.007825032230
         H           -1.827631822158    -0.066298187061     0.876131181727     1.007825032230
         H           -1.827631822158    -0.066298187061    -0.876131181727     1.007825032230
         H           -1.135973133353     1.303312859905     0.000000000000     1.007825032230

  Running in cs symmetry.

  Rotational constants: A =      1.55848  B =      0.31257  C =      0.27342 [cm^-1]
  Rotational constants: A =  46722.13387  B =   9370.75515  C =   8197.05120 [MHz]
  Nuclear repulsion =   70.915859199942489

  Charge       = 0
  Multiplicity = 1
  Electrons    = 24
  Nalpha       = 12
  Nbeta        = 12

  ==> Algorithm <==

  SCF Algorithm Type is DF.
  DIIS enabled.
  MOM disabled.
  Fractional occupation disabled.
  Guess Type is READ.
  Energy threshold   = 1.00e-09
  Density threshold  = 1.00e-09
  Integral threshold = 1.00e-12

  ==> Primary Basis <==

  Basis Set: CC-PVTZ
    Blend: CC-PVTZ
    Number of shells: 66
    Number of basis functions: 174
    Number of Cartesian functions: 195
    Spherical Harmonics?: true
    Max angular momentum: 3

   => Loading Basis Set <=

    Name: (CC-PVTZ AUX)
    Role: JKFIT
    Keyword: DF_BASIS_SCF
    atoms 1-3 entry C          line   125 file /home/peter/miniconda3/envs/research/share/psi4/basis/cc-pvtz-jkfit.gbs 
    atoms 4-9 entry H          line    51 file /home/peter/miniconda3/envs/research/share/psi4/basis/cc-pvtz-jkfit.gbs 

   => Loading Basis Set <=

    Name: CC-PVTZ
    Role: ORBITAL
    Keyword: BASIS
    atoms 1-3 entry C          line   186 file /home/peter/miniconda3/envs/research/share/psi4/basis/cc-pvtz.gbs 
    atoms 4-9 entry H          line    23 file /home/peter/miniconda3/envs/research/share/psi4/basis/cc-pvtz.gbs 

  Reading orbitals from file /tmp/psi4.default.340379.180.npy, no projection.

  ==> Integral Setup <==

  DFHelper Memory: AOs need 0.102 GiB; user supplied 6.286 GiB. 
  Using in-core AOs.

  ==> MemDFJK: Density-Fitted J/K Matrices <==

    J tasked:                   Yes
    K tasked:                   Yes
    wK tasked:                   No
    OpenMP threads:               7
    Memory [MiB]:              6437
    Algorithm:                 Core
    Schwarz Cutoff:           1E-12
    Mask sparsity (%):       1.0834
    Fitting Condition:        1E-10

   => Auxiliary Basis Set <=

  Basis Set: (CC-PVTZ AUX)
    Blend: CC-PVTZ-JKFIT
    Number of shells: 135
    Number of basis functions: 417
    Number of Cartesian functions: 498
    Spherical Harmonics?: true
    Max angular momentum: 4

  Minimum eigenvalue in the overlap matrix is 5.1306448094E-04.
  Reciprocal condition number of the overlap matrix is 7.2441297762E-05.
    Using symmetric orthogonalization.

  ==> Pre-Iterations <==

  SCF Guess: Orbitals guess was supplied from a previous computation.

   -------------------------------------------------------
    Irrep   Nso     Nmo     Nalpha   Nbeta   Ndocc  Nsocc
   -------------------------------------------------------
     A'       114     114      10      10      10       0
     A"        60      60       2       2       2       0
   -------------------------------------------------------
    Total     174     174      12      12      12       0
   -------------------------------------------------------

  ==> Iterations <==

                           Total Energy        Delta E     RMS |[F,P]|

   @DF-RHF iter   0:  -117.11570357988396   -1.17116e+02   7.51330e-05 
   @DF-RHF iter   1:  -117.11634059949657   -6.37020e-04   1.35917e-05 DIIS
   @DF-RHF iter   2:  -117.11634288388527   -2.28439e-06   4.96875e-06 DIIS
   @DF-RHF iter   3:  -117.11634316930255   -2.85417e-07   1.83283e-06 DIIS
   @DF-RHF iter   4:  -117.11634322252395   -5.32214e-08   3.43939e-07 DIIS
   @DF-RHF iter   5:  -117.11634322422719   -1.70324e-09   1.15069e-07 DIIS
   @DF-RHF iter   6:  -117.11634322445516   -2.27971e-10   4.53175e-08 DIIS
   @DF-RHF iter   7:  -117.11634322448744   -3.22729e-11   1.20997e-08 DIIS
   @DF-RHF iter   8:  -117.11634322449123   -3.79430e-12   4.18949e-09 DIIS
   @DF-RHF iter   9:  -117.11634322449147   -2.41585e-13   1.31878e-09 DIIS
   @DF-RHF iter  10:  -117.11634322449156   -8.52651e-14   2.40809e-10 DIIS
  Energy and wave function converged.


  ==> Post-Iterations <==

    Orbital Energies [Eh]
    ---------------------

    Doubly Occupied:                                                      

       1Ap   -11.232119     2Ap   -11.219627     3Ap   -11.215183  
       4Ap    -1.064101     5Ap    -0.932432     6Ap    -0.757314  
       7Ap    -0.639183     8Ap    -0.581973     1App   -0.568031  
       9Ap    -0.522816    10Ap    -0.491742     2App   -0.357825  

    Virtual:                                                              

      11Ap     0.147888     3App    0.164877    12Ap     0.178449  
      13Ap     0.184732     4App    0.219793    14Ap     0.222671  
      15Ap     0.248374    16Ap     0.309885    17Ap     0.383503  
       5App    0.388998    18Ap     0.400498    19Ap     0.451904  
       6App    0.470554    20Ap     0.485340    21Ap     0.515158  
       7App    0.584914    22Ap     0.587543    23Ap     0.611421  
      24Ap     0.634011     8App    0.637708    25Ap     0.639377  
      26Ap     0.657170    27Ap     0.670743     9App    0.713235  
      28Ap     0.738043    10App    0.809009    29Ap     0.827223  
      30Ap     0.840441    11App    0.862987    31Ap     0.910373  
      32Ap     0.928637    33Ap     1.068351    12App    1.068690  
      34Ap     1.095296    13App    1.102703    14App    1.190555  
      35Ap     1.197542    15App    1.207872    36Ap     1.227924  
      16App    1.249830    37Ap     1.297110    38Ap     1.301924  
      39Ap     1.350416    17App    1.360045    40Ap     1.391643  
      41Ap     1.419990    18App    1.429224    42Ap     1.502321  
      43Ap     1.520899    19App    1.542946    44Ap     1.585763  
      45Ap     1.603692    20App    1.619649    46Ap     1.657958  
      21App    1.717654    47Ap     1.728400    48Ap     1.743942  
      49Ap     1.785173    50Ap     1.924137    51Ap     2.092568  
      22App    2.370422    52Ap     2.379058    53Ap     2.477048  
      23App    2.530785    54Ap     2.589556    24App    2.600894  
      55Ap     2.642787    56Ap     2.675781    57Ap     2.723406  
      25App    2.786927    58Ap     2.858974    26App    2.918485  
      59Ap     2.924442    60Ap     2.988595    27App    3.043952  
      28App    3.070482    61Ap     3.079621    62Ap     3.100561  
      29App    3.135152    63Ap     3.176559    30App    3.181685  
      31App    3.206474    64Ap     3.209096    65Ap     3.221426  
      32App    3.253486    66Ap     3.290683    33App    3.307397  
      67Ap     3.342159    34App    3.354603    68Ap     3.387279  
      69Ap     3.430889    70Ap     3.435969    35App    3.462486  
      71Ap     3.510311    36App    3.564342    37App    3.592131  
      72Ap     3.597098    73Ap     3.641016    38App    3.642749  
      74Ap     3.726354    39App    3.745535    40App    3.765423  
      75Ap     3.773815    76Ap     3.790612    41App    3.850275  
      77Ap     3.926828    78Ap     3.942502    79Ap     3.990136  
      42App    4.012693    80Ap     4.029267    81Ap     4.059525  
      43App    4.066215    82Ap     4.112233    44App    4.146391  
      83Ap     4.212841    45App    4.213969    46App    4.238619  
      84Ap     4.245210    85Ap     4.286754    47App    4.342084  
      86Ap     4.360732    87Ap     4.386232    48App    4.417999  
      88Ap     4.440375    49App    4.447626    50App    4.547365  
      89Ap     4.556100    90Ap     4.594085    91Ap     4.610301  
      92Ap     4.720555    51App    4.732211    93Ap     4.787381  
      94Ap     4.830031    52App    4.877223    95Ap     4.990259  
      53App    5.047309    96Ap     5.109210    54App    5.160928  
      97Ap     5.189644    98Ap     5.223863    55App    5.301853  
      99Ap     5.320143   100Ap     5.377499    56App    5.382673  
     101Ap     5.434014   102Ap     5.553107    57App    5.558212  
     103Ap     5.595549    58App    5.632130    59App    5.669240  
     104Ap     5.724578   105Ap     5.792620   106Ap     5.817901  
     107Ap     5.992681   108Ap     6.222383    60App    6.253432  
     109Ap     6.311220   110Ap     6.382077   111Ap     6.660797  
     112Ap    11.476010   113Ap    14.170985   114Ap    14.726703  

    Final Occupation by Irrep:
             Ap   App 
    DOCC [    10,    2 ]
    NA   [    10,    2 ]
    NB   [    10,    2 ]

  @DF-RHF Final Energy:  -117.11634322449156

   => Energetics <=

    Nuclear Repulsion Energy =             70.9158591999424885
    One-Electron Energy =                -296.8997132134990125
    Two-Electron Energy =                 108.8675107890649798
    Total Energy =                       -117.1163432244915583

Computation Completed


Properties will be evaluated at   0.000000,   0.000000,   0.000000 [a0]

Properties computed using the SCF density matrix


 Multipole Moments:

 ------------------------------------------------------------------------------------
     Multipole            Electronic (a.u.)      Nuclear  (a.u.)        Total (a.u.)
 ------------------------------------------------------------------------------------

 L = 1.  Multiply by 2.5417464519 to convert [e a0] to [Debye]
 Dipole X            :          0.9746277           -1.1290721           -0.1544444
 Dipole Y            :         -0.5413685            0.5142515           -0.0271170
 Dipole Z            :          0.0000000            0.0000000            0.0000000
 Magnitude           :                                                    0.1568069

 ------------------------------------------------------------------------------------

*** tstop() called on flexpad at Mon Aug  3 19:51:00 2026
Module time:
	user time   =       6.01 seconds =       0.10 minutes
	system time =       0.20 seconds =       0.00 minutes
	total time  =          2 seconds =       0.03 minutes
Total time:
	user time   =   13532.81 seconds =     225.55 minutes
	system time =     555.90 seconds =       9.27 minutes
	total time  =       2225 seconds =      37.08 minutes

*** tstart() called on flexpad
*** at Mon Aug  3 19:51:00 2026


  //>>>>>>>>>>>>>>>>>>>>>>>>>>>>>>>>>>>//
  //               DFMP2               //
  //<<<<<<<<<<<<<<<<<<<<<<<<<<<<<<<<<<<//

   => Loading Basis Set <=

    Name: (CC-PVTZ AUX)
    Role: RIFIT
    Keyword: DF_BASIS_MP2
    atoms 1-3 entry C          line   209 file /home/peter/miniconda3/envs/research/share/psi4/basis/cc-pvtz-ri.gbs 
    atoms 4-9 entry H          line    19 file /home/peter/miniconda3/envs/research/share/psi4/basis/cc-pvtz-ri.gbs 

	 --------------------------------------------------------
	                          DF-MP2                         
	      2nd-Order Density-Fitted Moller-Plesset Theory     
	              RMP2 Wavefunction,   7 Threads             
	                                                         
	        Rob Parrish, Justin Turney, Andy Simmonett,      
	           Ed Hohenstein, and C. David Sherrill          
	 --------------------------------------------------------

   => Auxiliary Basis Set <=

  Basis Set: (CC-PVTZ AUX)
    Blend: CC-PVTZ-RI
    Number of shells: 129
    Number of basis functions: 423
    Number of Cartesian functions: 513
    Spherical Harmonics?: true
    Max angular momentum: 4

	 --------------------------------------------------------
	                 NBF =   174, NAUX =   423
	 --------------------------------------------------------
	   CLASS    FOCC     OCC    AOCC    AVIR     VIR    FVIR
	   PAIRS       3      12       9     162     162       0
	 --------------------------------------------------------

  DFHelper Memory: AOs need 0.102 GiB; user supplied 6.286 GiB. 
  Using in-core AOs.


         ------------------------------------------------------------
                                     CPHF                           
                                  Rob Parrish                       
         ------------------------------------------------------------

  ==> Geometry <==

    Molecular point group: cs
    Full point group: Cs

    Geometry (in Angstrom), charge = 0, multiplicity = 1:

       Center              X                  Y                   Z               Mass       
    ------------   -----------------  -----------------  -----------------  -----------------
         C            1.258540754060     0.186743775240     0.000000000000    12.000000000000
         C            0.088509185632    -0.453437855653     0.000000000000    12.000000000000
         C           -1.245899347665     0.220623642373     0.000000000000    12.000000000000
         H            1.303336243200     1.267802964430     0.000000000000     1.007825032230
         H            2.194451994449    -0.352140364208     0.000000000000     1.007825032230
         H            0.089065769686    -1.537826272964     0.000000000000     1.007825032230
         H           -1.827631822158    -0.066298187061     0.876131181727     1.007825032230
         H           -1.827631822158    -0.066298187061    -0.876131181727     1.007825032230
         H           -1.135973133353     1.303312859905     0.000000000000     1.007825032230

  Nuclear repulsion =   70.915859199942489
  Reference energy  = -117.116343224491558

  ==> Basis Set <==

  Basis Set: CC-PVTZ
    Blend: CC-PVTZ
    Number of shells: 66
    Number of basis functions: 174
    Number of Cartesian functions: 195
    Spherical Harmonics?: true
    Max angular momentum: 3

  ==> CGRSolver (by Rob Parrish) <==

   Number of roots    =         1
   Preconditioning    =    JACOBI
   Convergence cutoff =     1E-06
   Maximum iterations =       100

  ==> CPHFRHamiltonian (by Rob Parrish) <== 

  ==> MemDFJK: Density-Fitted J/K Matrices <==

    J tasked:                   Yes
    K tasked:                   Yes
    wK tasked:                   No
    OpenMP threads:               7
    Memory [MiB]:              6437
    Algorithm:                 Core
    Schwarz Cutoff:           1E-12
    Mask sparsity (%):       1.0834
    Fitting Condition:        1E-10

   => Auxiliary Basis Set <=

  Basis Set: (CC-PVTZ AUX)
    Blend: CC-PVTZ-JKFIT
    Number of shells: 135
    Number of basis functions: 417
    Number of Cartesian functions: 498
    Spherical Harmonics?: true
    Max angular momentum: 4

  ==> CPHF Iterations <==

  => Iterations <=

             Iter  Converged  Remaining    Residual
  CGR           1          0          1   8.692E-02
  CGR           2          0          1   1.674E-02
  CGR           3          0          1   5.590E-03
  CGR           4          0          1   2.144E-03
  CGR           5          0          1   6.263E-04
  CGR           6          0          1   1.867E-04
  CGR           7          0          1   4.788E-05
  CGR           8          0          1   1.177E-05
  CGR           9          0          1   2.366E-06
  CGR          10          1          0   4.263E-07

    CGRSolver converged.

  ==> DFCorrGrad: Density-Fitted Correlated Gradients <==

    OpenMP threads:              7
    Integrals threads:           7
    Memory [GiB]:            6.286
    Schwarz Cutoff:          0E+00
    Fitting Condition:       1E-10

   => Auxiliary Basis Set <=

  Basis Set: (CC-PVTZ AUX)
    Blend: CC-PVTZ-JKFIT
    Number of shells: 135
    Number of basis functions: 417
    Number of Cartesian functions: 498
    Spherical Harmonics?: true
    Max angular momentum: 4

	-----------------------------------------------------------
	 ==================> DF-MP2 Energies <==================== 
	-----------------------------------------------------------
	 Reference Energy          =    -117.1163432244915583 [Eh]
	 Singles Energy            =      -0.0000000000000000 [Eh]
	 Same-Spin Energy          =      -0.1105615774038391 [Eh]
	 Opposite-Spin Energy      =      -0.3988022539798190 [Eh]
	 Correlation Energy        =      -0.5093638313836580 [Eh]
	 Total Energy              =    -117.6257070558752105 [Eh]
	-----------------------------------------------------------
	 ================> DF-SCS-MP2 Energies <================== 
	-----------------------------------------------------------
	 SCS Same-Spin Scale       =       0.3333333333333333 [-]
	 SCS Opposite-Spin Scale   =       1.2000000000000000 [-]
	 SCS Same-Spin Energy      =      -0.0368538591346130 [Eh]
	 SCS Opposite-Spin Energy  =      -0.4785627047757828 [Eh]
	 SCS Correlation Energy    =      -0.5154165639103958 [Eh]
	 SCS Total Energy          =    -117.6317597884019506 [Eh]
	-----------------------------------------------------------


  -Total Gradient:
     Atom            X                  Y                   Z
    ------   -----------------  -----------------  -----------------
       1       -0.000150138755    -0.000284436113     0.000000000000
       2       -0.000021509929     0.000312077563     0.000000000000
       3       -0.000072288361     0.000039372341     0.000000000000
       4        0.000091799610     0.000021171998     0.000000000000
       5        0.000008100847     0.000084919391     0.000000000000
       6        0.000014482979    -0.000030109443     0.000000000000
       7        0.000054686024    -0.000059126368    -0.000048394899
       8        0.000054686024    -0.000059126368     0.000048394899
       9        0.000020181561    -0.000024743002     0.000000000000


*** tstop() called on flexpad at Mon Aug  3 19:51:03 2026
Module time:
	user time   =      19.66 seconds =       0.33 minutes
	system time =       0.83 seconds =       0.01 minutes
	total time  =          3 seconds =       0.05 minutes
Total time:
	user time   =   13552.47 seconds =     225.87 minutes
	system time =     556.73 seconds =       9.28 minutes
	total time  =       2228 seconds =      37.13 minutes

    			-----------------------------------------

    			 OPTKING 3.0: for geometry optimizations 

    			     By R.A. King, Bethel University     

    			        with contributions from          

    			    A.V. Copan, J. Cayton, A. Heide      

    			-----------------------------------------

    
	                            ===> Fragment 1 <== 

	 Z (Atomic Numbers)          Masses                          Geom                  
	       6.000000            12.000000          2.37829734  0.35289459  0.00000000   
	       6.000000            12.000000          0.16725812 -0.85687336  0.00000000   
	       6.000000            12.000000         -2.35440855  0.41691826  0.00000000   
	       1.000000             1.007825          2.46294855  2.39580038  0.00000000   
	       1.000000             1.007825          4.14691326 -0.66544885  0.00000000   
	       1.000000             1.007825          0.16830991 -2.90607048  0.00000000   
	       1.000000             1.007825         -3.45372360 -0.12528542  1.65564798   
	       1.000000             1.007825         -3.45372360 -0.12528542 -1.65564798   
	       1.000000             1.007825         -2.14667811  2.46290436  0.00000000   

	 - Coordinate -           - BOHR/RAD -       - ANG/DEG -
	 R(1,2)           =         2.520364           1.333719
	 R(1,4)           =         2.044659           1.081987
	 R(1,5)           =         2.040839           1.079966
	 R(2,3)           =         2.825128           1.494993
	 R(2,6)           =         2.049197           1.084389
	 R(3,7)           =         2.060012           1.090111
	 R(3,8)           =         2.060012           1.090111
	 R(3,9)           =         2.056505           1.088255
	 B(1,2,3)         =         2.173191         124.514658
	 B(1,2,6)         =         2.070935         118.655823
	 B(2,1,4)         =         2.112861         121.058020
	 B(2,1,5)         =         2.118517         121.382055
	 B(2,3,7)         =         1.936547         110.955958
	 B(2,3,8)         =         1.936547         110.955958
	 B(2,3,9)         =         1.937363         111.002696
	 B(3,2,6)         =         2.039060         116.829519
	 B(4,1,5)         =         2.051808         117.559926
	 B(7,3,8)         =         1.867002         106.971328
	 B(7,3,9)         =         1.892056         108.406832
	 B(8,3,9)         =         1.892056         108.406832
	 D(1,2,3,7)       =        -2.105079        -120.612144
	 D(1,2,3,8)       =         2.105079         120.612144
	 D(1,2,3,9)       =         0.000000           0.000000
	 D(3,2,1,4)       =         0.000000           0.000000
	 D(3,2,1,5)       =         3.141593         180.000000
	 D(4,1,2,6)       =         3.141593         180.000000
	 D(5,1,2,6)       =         0.000000           0.000000
	 D(6,2,3,7)       =         1.036514          59.387856
	 D(6,2,3,8)       =        -1.036514         -59.387856
	 D(6,2,3,9)       =         3.141593         180.000000


	        --- Internal Coordinate Step in ANG or DEG, aJ/ANG or AJ/DEG ---
	-------------------------------------------------------------------------------
	           Coordinate      Previous         Force          Change          New 
	           ----------      --------        ------          ------        ------
	               R(1,2)       1.33372        0.00107        0.00013       1.33385
	               R(1,4)       1.08199       -0.00021       -0.00004       1.08195
	               R(1,5)       1.07997        0.00029        0.00004       1.08001
	               R(2,3)       1.49499        0.00081        0.00015       1.49515
	               R(2,6)       1.08439       -0.00025       -0.00005       1.08434
	               R(3,7)       1.09011        0.00043        0.00008       1.09020
	               R(3,8)       1.09011        0.00043        0.00008       1.09020
	               R(3,9)       1.08826        0.00019        0.00002       1.08828
	             B(1,2,3)     124.51466       -0.00002       -0.06478     124.44988
	             B(1,2,6)     118.65582        0.00001        0.03430     118.69012
	             B(2,1,4)     121.05802       -0.00001       -0.03400     121.02402
	             B(2,1,5)     121.38205       -0.00000       -0.01285     121.36920
	             B(2,3,7)     110.95596        0.00001        0.03468     110.99064
	             B(2,3,8)     110.95596        0.00001        0.03468     110.99064
	             B(2,3,9)     111.00270       -0.00000       -0.01957     110.98313
	             B(3,2,6)     116.82952        0.00001        0.03048     116.86000
	             B(4,1,5)     117.55993        0.00001        0.04685     117.60678
	             B(7,3,8)     106.97133       -0.00000        0.00417     106.97550
	             B(7,3,9)     108.40683       -0.00000       -0.02788     108.37895
	             B(8,3,9)     108.40683       -0.00000       -0.02788     108.37895
	           D(1,2,3,7)    -120.61214        0.00000        0.02509    -120.58705
	           D(1,2,3,8)     120.61214       -0.00000       -0.02509     120.58705
	           D(1,2,3,9)       0.00000       -0.00000        0.00000       0.00000
	           D(3,2,1,4)       0.00000       -0.00000       -0.00000      -0.00000
	           D(3,2,1,5)     180.00000        0.00000        0.00000     180.00000
	           D(4,1,2,6)     180.00000       -0.00000        0.00000     180.00000
	           D(5,1,2,6)       0.00000        0.00000       -0.00000      -0.00000
	           D(6,2,3,7)      59.38786        0.00000        0.02509      59.41295
	           D(6,2,3,8)     -59.38786       -0.00000       -0.02509     -59.41295
	           D(6,2,3,9)     180.00000        0.00000        0.00000     180.00000
	-------------------------------------------------------------------------------

	                                 ==> Convergence Check <==                                  
    
	Measures of convergence in internal coordinates in au.
    
	Criteria marked as inactive (o), active & met (*), and active & unmet ( ).

	----------------------------------------------------------------------------------------------
	   Step    Total Energy     Delta E     Max Force     RMS Force      Max Disp      RMS Disp   
	----------------------------------------------------------------------------------------------
	  Convergence Criteria     1.00e-06 *    3.00e-04 *             o    1.20e-03 *             o
	----------------------------------------------------------------------------------------------
	     3    -117.62570706   -3.47e-05      2.31e-04 *    7.33e-05 o    1.13e-03 *    4.20e-04 o  ~
	----------------------------------------------------------------------------------------------

Next Geometry in Ang 
	Fragment 1 (Ang)

	    C   1.2583761676   0.1868014501   0.0000000000
	    C   0.0886838941  -0.4542757813  -0.0000000000
	    C  -1.2455779627   0.2204141999   0.0000000000
	    H   1.3017598265   1.2678819954   0.0000000000
	    H   2.1945857807  -0.3516477788  -0.0000000000
	    H   0.0893625093  -1.5386164393  -0.0000000000
	    H  -1.8277983591  -0.0655579961   0.8762227539
	    H  -1.8277983591  -0.0655579961  -0.8762227539
	    H  -1.1348256755   1.3030407212  -0.0000000000


    Final optimized geometry and variables:
    Molecular point group: cs
    Full point group: Cs

    Geometry (in Angstrom), charge = 0, multiplicity = 1:

    C            1.258540754060     0.186743775240     0.000000000000
    C            0.088509185632    -0.453437855653     0.000000000000
    C           -1.245899347665     0.220623642373     0.000000000000
    H            1.303336243200     1.267802964430     0.000000000000
    H            2.194451994449    -0.352140364208     0.000000000000
    H            0.089065769686    -1.537826272964     0.000000000000
    H           -1.827631822158    -0.066298187061     0.876131181727
    H           -1.827631822158    -0.066298187061    -0.876131181727
    H           -1.135973133353     1.303312859905     0.000000000000


Scratch directory: /tmp/
    For method 'CCSD(T)', SCF Algorithm Type (re)set to DISK_DF.
   => Libint2 <=

    Primary   basis highest AM E, G, H:  6, 6, 3
    Auxiliary basis highest AM E, G, H:  7, 7, 4
    Onebody   basis highest AM E, G, H:  -, -, -
    Solid Harmonics ordering:            Gaussian

*** tstart() called on flexpad
*** at Mon Aug  3 19:51:03 2026

   => Loading Basis Set <=

    Name: CC-PVTZ
    Role: ORBITAL
    Keyword: BASIS
    atoms 1-3 entry C          line   186 file /home/peter/miniconda3/envs/research/share/psi4/basis/cc-pvtz.gbs 
    atoms 4-9 entry H          line    23 file /home/peter/miniconda3/envs/research/share/psi4/basis/cc-pvtz.gbs 


         ---------------------------------------------------------
                                   SCF
               by Justin Turney, Rob Parrish, Andy Simmonett
                          and Daniel G. A. Smith
                              RHF Reference
                        7 Threads,   8583 MiB Core
         ---------------------------------------------------------

  ==> Geometry <==

    Molecular point group: cs
    Full point group: Cs

    Geometry (in Angstrom), charge = 0, multiplicity = 1:

       Center              X                  Y                   Z               Mass       
    ------------   -----------------  -----------------  -----------------  -----------------
         C            1.258540754060     0.186743775240     0.000000000000    12.000000000000
         C            0.088509185632    -0.453437855653     0.000000000000    12.000000000000
         C           -1.245899347665     0.220623642373     0.000000000000    12.000000000000
         H            1.303336243200     1.267802964430     0.000000000000     1.007825032230
         H            2.194451994449    -0.352140364208     0.000000000000     1.007825032230
         H            0.089065769686    -1.537826272964     0.000000000000     1.007825032230
         H           -1.827631822158    -0.066298187061     0.876131181727     1.007825032230
         H           -1.827631822158    -0.066298187061    -0.876131181727     1.007825032230
         H           -1.135973133353     1.303312859905     0.000000000000     1.007825032230

  Running in cs symmetry.

  Rotational constants: A =      1.55848  B =      0.31257  C =      0.27342 [cm^-1]
  Rotational constants: A =  46722.13387  B =   9370.75515  C =   8197.05120 [MHz]
  Nuclear repulsion =   70.915859199942489

  Charge       = 0
  Multiplicity = 1
  Electrons    = 24
  Nalpha       = 12
  Nbeta        = 12

  ==> Algorithm <==

  SCF Algorithm Type is DISK_DF.
  DIIS enabled.
  MOM disabled.
  Fractional occupation disabled.
  Guess Type is SAD.
  Energy threshold   = 1.00e-09
  Density threshold  = 1.00e-09
  Integral threshold = 1.00e-12

  ==> Primary Basis <==

  Basis Set: CC-PVTZ
    Blend: CC-PVTZ
    Number of shells: 66
    Number of basis functions: 174
    Number of Cartesian functions: 195
    Spherical Harmonics?: true
    Max angular momentum: 3

   => Loading Basis Set <=

    Name: (CC-PVTZ AUX)
    Role: JKFIT
    Keyword: DF_BASIS_SCF
    atoms 1-3 entry C          line   125 file /home/peter/miniconda3/envs/research/share/psi4/basis/cc-pvtz-jkfit.gbs 
    atoms 4-9 entry H          line    51 file /home/peter/miniconda3/envs/research/share/psi4/basis/cc-pvtz-jkfit.gbs 

  ==> Integral Setup <==

  ==> DiskDFJK: Density-Fitted J/K Matrices <==

    J tasked:                  Yes
    K tasked:                  Yes
    wK tasked:                  No
    OpenMP threads:              7
    Integrals threads:           7
    Memory [MiB]:             6437
    Algorithm:                Core
    Integral Cache:           SAVE
    Schwarz Cutoff:          1E-12
    Fitting Condition:       1E-10

   => Auxiliary Basis Set <=

  Basis Set: (CC-PVTZ AUX)
    Blend: CC-PVTZ-JKFIT
    Number of shells: 135
    Number of basis functions: 417
    Number of Cartesian functions: 498
    Spherical Harmonics?: true
    Max angular momentum: 4

  Minimum eigenvalue in the overlap matrix is 5.1306448094E-04.
  Reciprocal condition number of the overlap matrix is 7.2441297762E-05.
    Using symmetric orthogonalization.

  ==> Pre-Iterations <==

  SCF Guess: Superposition of Atomic Densities via on-the-fly atomic UHF (no occupation information).

   -------------------------
    Irrep   Nso     Nmo    
   -------------------------
     A'       114     114 
     A"        60      60 
   -------------------------
    Total     174     174
   -------------------------

  ==> Iterations <==

                           Total Energy        Delta E     RMS |[F,P]|

   @DF-RHF iter SAD:  -116.37149518356696   -1.16371e+02   0.00000e+00 
   @DF-RHF iter   1:  -117.00346466156238   -6.31969e-01   3.29332e-03 ADIIS/DIIS
   @DF-RHF iter   2:  -117.09886436312050   -9.53997e-02   1.37382e-03 ADIIS/DIIS
   @DF-RHF iter   3:  -117.11506986431489   -1.62055e-02   2.63353e-04 ADIIS/DIIS
   @DF-RHF iter   4:  -117.11628570928826   -1.21584e-03   6.83366e-05 DIIS
   @DF-RHF iter   5:  -117.11633748485315   -5.17756e-05   2.18954e-05 DIIS
   @DF-RHF iter   6:  -117.11634289602968   -5.41118e-06   3.71838e-06 DIIS
   @DF-RHF iter   7:  -117.11634317587513   -2.79845e-07   1.46334e-06 DIIS
   @DF-RHF iter   8:  -117.11634321780247   -4.19273e-08   5.07805e-07 DIIS
   @DF-RHF iter   9:  -117.11634322356383   -5.76136e-09   1.85456e-07 DIIS
   @DF-RHF iter  10:  -117.11634322447043   -9.06596e-10   3.89491e-08 DIIS
   @DF-RHF iter  11:  -117.11634322450590   -3.54703e-11   6.58102e-09 DIIS
   @DF-RHF iter  12:  -117.11634322450695   -1.05160e-12   1.22602e-09 DIIS
   @DF-RHF iter  13:  -117.11634322450715   -1.98952e-13   2.43112e-10 DIIS
  Energy and wave function converged.


  ==> Post-Iterations <==

    Orbital Energies [Eh]
    ---------------------

    Doubly Occupied:                                                      

       1Ap   -11.232119     2Ap   -11.219627     3Ap   -11.215183  
       4Ap    -1.064101     5Ap    -0.932432     6Ap    -0.757314  
       7Ap    -0.639183     8Ap    -0.581973     1App   -0.568031  
       9Ap    -0.522816    10Ap    -0.491742     2App   -0.357825  

    Virtual:                                                              

      11Ap     0.147888     3App    0.164877    12Ap     0.178449  
      13Ap     0.184732     4App    0.219793    14Ap     0.222671  
      15Ap     0.248374    16Ap     0.309885    17Ap     0.383503  
       5App    0.388998    18Ap     0.400498    19Ap     0.451904  
       6App    0.470554    20Ap     0.485340    21Ap     0.515158  
       7App    0.584914    22Ap     0.587543    23Ap     0.611421  
      24Ap     0.634011     8App    0.637708    25Ap     0.639377  
      26Ap     0.657170    27Ap     0.670743     9App    0.713235  
      28Ap     0.738043    10App    0.809009    29Ap     0.827223  
      30Ap     0.840441    11App    0.862987    31Ap     0.910373  
      32Ap     0.928637    33Ap     1.068351    12App    1.068690  
      34Ap     1.095296    13App    1.102703    14App    1.190555  
      35Ap     1.197542    15App    1.207872    36Ap     1.227924  
      16App    1.249830    37Ap     1.297110    38Ap     1.301924  
      39Ap     1.350416    17App    1.360045    40Ap     1.391643  
      41Ap     1.419990    18App    1.429224    42Ap     1.502321  
      43Ap     1.520899    19App    1.542946    44Ap     1.585763  
      45Ap     1.603692    20App    1.619649    46Ap     1.657958  
      21App    1.717654    47Ap     1.728400    48Ap     1.743942  
      49Ap     1.785173    50Ap     1.924137    51Ap     2.092568  
      22App    2.370422    52Ap     2.379058    53Ap     2.477048  
      23App    2.530785    54Ap     2.589556    24App    2.600894  
      55Ap     2.642787    56Ap     2.675781    57Ap     2.723406  
      25App    2.786927    58Ap     2.858974    26App    2.918485  
      59Ap     2.924442    60Ap     2.988595    27App    3.043952  
      28App    3.070482    61Ap     3.079621    62Ap     3.100561  
      29App    3.135152    63Ap     3.176559    30App    3.181685  
      31App    3.206474    64Ap     3.209096    65Ap     3.221426  
      32App    3.253486    66Ap     3.290683    33App    3.307397  
      67Ap     3.342159    34App    3.354603    68Ap     3.387279  
      69Ap     3.430889    70Ap     3.435969    35App    3.462486  
      71Ap     3.510311    36App    3.564342    37App    3.592131  
      72Ap     3.597098    73Ap     3.641016    38App    3.642749  
      74Ap     3.726354    39App    3.745535    40App    3.765423  
      75Ap     3.773815    76Ap     3.790612    41App    3.850275  
      77Ap     3.926828    78Ap     3.942502    79Ap     3.990136  
      42App    4.012693    80Ap     4.029267    81Ap     4.059525  
      43App    4.066215    82Ap     4.112233    44App    4.146391  
      83Ap     4.212841    45App    4.213969    46App    4.238619  
      84Ap     4.245210    85Ap     4.286754    47App    4.342084  
      86Ap     4.360732    87Ap     4.386232    48App    4.417999  
      88Ap     4.440375    49App    4.447626    50App    4.547365  
      89Ap     4.556100    90Ap     4.594085    91Ap     4.610301  
      92Ap     4.720555    51App    4.732211    93Ap     4.787381  
      94Ap     4.830031    52App    4.877223    95Ap     4.990259  
      53App    5.047309    96Ap     5.109210    54App    5.160928  
      97Ap     5.189644    98Ap     5.223863    55App    5.301853  
      99Ap     5.320143   100Ap     5.377499    56App    5.382673  
     101Ap     5.434014   102Ap     5.553107    57App    5.558212  
     103Ap     5.595549    58App    5.632130    59App    5.669240  
     104Ap     5.724578   105Ap     5.792620   106Ap     5.817901  
     107Ap     5.992681   108Ap     6.222383    60App    6.253432  
     109Ap     6.311220   110Ap     6.382077   111Ap     6.660797  
     112Ap    11.476010   113Ap    14.170985   114Ap    14.726703  

    Final Occupation by Irrep:
             Ap   App 
    DOCC [    10,    2 ]
    NA   [    10,    2 ]
    NB   [    10,    2 ]

  @DF-RHF Final Energy:  -117.11634322450715

   => Energetics <=

    Nuclear Repulsion Energy =             70.9158591999424885
    One-Electron Energy =                -296.8997132164827235
    Two-Electron Energy =                 108.8675107920331016
    Total Energy =                       -117.1163432245071476

Computation Completed


Properties will be evaluated at   0.000000,   0.000000,   0.000000 [a0]

Properties computed using the SCF density matrix


 Multipole Moments:

 ------------------------------------------------------------------------------------
     Multipole            Electronic (a.u.)      Nuclear  (a.u.)        Total (a.u.)
 ------------------------------------------------------------------------------------

 L = 1.  Multiply by 2.5417464519 to convert [e a0] to [Debye]
 Dipole X            :          0.9746277           -1.1290721           -0.1544444
 Dipole Y            :         -0.5413685            0.5142515           -0.0271170
 Dipole Z            :          0.0000000            0.0000000            0.0000000
 Magnitude           :                                                    0.1568069

 ------------------------------------------------------------------------------------

*** tstop() called on flexpad at Mon Aug  3 19:51:04 2026
Module time:
	user time   =       7.72 seconds =       0.13 minutes
	system time =       0.31 seconds =       0.01 minutes
	total time  =          1 seconds =       0.02 minutes
Total time:
	user time   =   13561.14 seconds =     226.02 minutes
	system time =     557.07 seconds =       9.28 minutes
	total time  =       2229 seconds =      37.15 minutes

  A requested method does not make use of molecular symmetry: further calculations in C1 point group.

  Constructing Basis Sets for FNOCC...

   => Loading Basis Set <=

    Name: (CC-PVTZ AUX)
    Role: JKFIT
    Keyword: DF_BASIS_SCF
    atoms 1-3 entry C          line   125 file /home/peter/miniconda3/envs/research/share/psi4/basis/cc-pvtz-jkfit.gbs 
    atoms 4-9 entry H          line    51 file /home/peter/miniconda3/envs/research/share/psi4/basis/cc-pvtz-jkfit.gbs 

   => Loading Basis Set <=

    Name: (CC-PVTZ AUX)
    Role: RIFIT
    Keyword: DF_BASIS_CC
    atoms 1-3 entry C          line   209 file /home/peter/miniconda3/envs/research/share/psi4/basis/cc-pvtz-ri.gbs 
    atoms 4-9 entry H          line    19 file /home/peter/miniconda3/envs/research/share/psi4/basis/cc-pvtz-ri.gbs 


*** tstart() called on flexpad
*** at Mon Aug  3 19:51:04 2026



        *******************************************************
        *                                                     *
        *                       DF-CCSD                       *
        *                 Density-fitted CCSD                 *
        *                                                     *
        *                   Eugene DePrince                   *
        *                                                     *
        *******************************************************


  ==> 3-index integrals <==

  ==> DF Tensor (by Rob Parrish) <==

 => Primary Basis Set <= 

  Basis Set: CC-PVTZ
    Blend: CC-PVTZ
    Number of shells: 66
    Number of basis functions: 174
    Number of Cartesian functions: 195
    Spherical Harmonics?: true
    Max angular momentum: 3

 => Auxiliary Basis Set <= 

  Basis Set: (CC-PVTZ AUX)
    Blend: CC-PVTZ-RI
    Number of shells: 129
    Number of basis functions: 423
    Number of Cartesian functions: 513
    Spherical Harmonics?: true
    Max angular momentum: 4

  DFTensor Memory: Qso construction needs 0.192 GiB; user supplied 7.963 GiB. 
    Number of auxiliary functions:         423

  ==> Memory <==

        Total memory available:              8.382 [GiB]
        CCSD memory requirements:            0.233 [GiB]
            3-index integrals:               0.088 [GiB]
            CCSD intermediates:              0.145 [GiB]
        (T) algorithm:                       0.033 [GiB] (low-memory)

  ==> Input parameters <==

        Freeze core orbitals?                 yes
        Use frozen natural orbitals?           no
        r_convergence:                  1.000e-07
        e_convergence:                  1.000e-09
        Number of DIIS vectors:                 8
        Number of frozen core orbitals:         3
        Number of active occupied orbitals:     9
        Number of active virtual orbitals:    162
        Number of frozen virtual orbitals:      0


  Begin singles and doubles coupled cluster iterations

   Iter  DIIS          Energy       d(Energy)          |d(T)|     time
      0   0 1   -0.5093638317   -0.5093638317    0.3577824941        0
      1   1 1   -0.5281516411   -0.0187878094    0.0614554975        7
      2   2 1   -0.5403499560   -0.0121983149    0.0223352482        8
      3   3 1   -0.5437332639   -0.0033833079    0.0092190443        7
      4   4 1   -0.5437446379   -0.0000113740    0.0024810017        8
      5   5 1   -0.5437975938   -0.0000529559    0.0007060500        7
      6   6 1   -0.5437960812    0.0000015126    0.0001893112        8
      7   7 1   -0.5437944657    0.0000016155    0.0000474019        7
      8   8 1   -0.5437948422   -0.0000003765    0.0000188090        8
      9   8 2   -0.5437947924    0.0000000499    0.0000059026        7
     10   8 3   -0.5437946815    0.0000001108    0.0000022093        7
     11   8 4   -0.5437947447   -0.0000000631    0.0000006344        8
     12   8 5   -0.5437947529   -0.0000000083    0.0000001740        8
     13   8 6   -0.5437947624   -0.0000000095    0.0000000592        8
     14   8 7   -0.5437947640   -0.0000000016    0.0000000150        8
     15   8 8   -0.5437947640   -0.0000000000    0.0000000052        7

  CCSD iterations converged!

        T1 diagnostic:                        0.010042089977
        D1 diagnostic:                        0.031017634882

        OS MP2 correlation energy:           -0.398802254202
        SS MP2 correlation energy:           -0.110561577488
        MP2 correlation energy:              -0.509363831690
      * MP2 total energy:                  -117.625707056197

        OS CCSD correlation energy:          -0.441647044148
        SS CCSD correlation energy:          -0.102147719899
        CCSD correlation energy:             -0.543794764047
      * CCSD total energy:                 -117.660137988554

  Total time for CCSD iterations:     669.71 s (user)
                                       28.75 s (system)
                                         114 s (total)

  Time per iteration:                  44.65 s (user)
                                        1.92 s (system)
                                        7.60 s (total)

*** tstop() called on flexpad at Mon Aug  3 19:53:00 2026
Module time:
	user time   =     675.72 seconds =      11.26 minutes
	system time =      29.14 seconds =       0.49 minutes
	total time  =        116 seconds =       1.93 minutes
Total time:
	user time   =   14238.48 seconds =     237.31 minutes
	system time =     586.25 seconds =       9.77 minutes
	total time  =       2345 seconds =      39.08 minutes

*** tstart() called on flexpad
*** at Mon Aug  3 19:53:01 2026


        *******************************************************
        *                                                     *
        *                      CCSD(T)                        *
        *                                                     *
        *******************************************************


        Using low-memory algorithm.

        num_threads:                      7
        available memory:        8583.07 mb
        memory requirements:       33.54 mb

        Number of abc combinations: 721764

        Computing (T) correction...

        % complete  total time
              10.0         2 s
              20.0         4 s
              30.0         6 s
              40.0         8 s
              50.0        11 s
              60.0        13 s
              70.0        15 s
              80.0        17 s
              90.0        19 s

        (T) energy                            -0.022503798356

        CCSD(T) correlation energy            -0.566298562403
      * CCSD(T) total energy                -117.682641786910


*** tstop() called on flexpad at Mon Aug  3 19:53:23 2026
Module time:
	user time   =     125.45 seconds =       2.09 minutes
	system time =      14.09 seconds =       0.23 minutes
	total time  =         22 seconds =       0.37 minutes
Total time:
	user time   =   14369.00 seconds =     239.48 minutes
	system time =     600.59 seconds =      10.01 minutes
	total time  =       2368 seconds =      39.47 minutes

*** tstop() called on flexpad at Mon Aug  3 19:53:23 2026
Module time:
	user time   =     125.45 seconds =       2.09 minutes
	system time =      14.09 seconds =       0.23 minutes
	total time  =         22 seconds =       0.37 minutes
Total time:
	user time   =   14369.00 seconds =     239.48 minutes
	system time =     600.59 seconds =      10.01 minutes
	total time  =       2368 seconds =      39.47 minutes
