{
 "normal": [
  [
   400,
   -1.4732409991410336,
   0.9702241049748717
  ],
  [
   800,
   -0.6316363417625723,
   0.971390529413197
  ],
  [
   1200,
   -1.101073312203873,
   0.9721006539597562
  ],
  [
   1600,
   -0.91450599412466,
   0.9721371505150904
  ],
  [
   2000,
   -1.0553873831820368,
   0.9721936056842504
  ],
  [
   2400,
   -0.9562941688098547,
   0.9722348566353777
  ],
  [
   2800,
   -1.017352307067398,
   0.9722387639764765
  ],
  [
   3200,
   -0.9871474888323988,
   0.9719591422667747
  ],
  [
   3600,
   -0.8797209403111452,
   0.96980494353312
  ],
  [
   4000,
   -0.9185183980647125,
   0.9681029575787347
  ],
  [
   4400,
   -1.0123069241713196,
   0.9519029473914705
  ],
  [
   4800,
   -0.9130196122025325,
   0.938026144651726
  ],
  [
   5200,
   -0.9931254981061457,
   0.9666097628829411
  ],
  [
   5600,
   -0.9822260788256187,
   0.9702710552170731
  ]
 ],
 "anom2": [
  [
   400,
   3.3725643301955763,
   0.8745381000518988
  ],
  [
   800,
   12.095121701568047,
   0.9380104185069805
  ],
  [
   1200,
   -15.532582780861073,
   0.9564484159322735
  ],
  [
   1600,
   1.9859766624059638,
   0.9519749134486718
  ],
  [
   2000,
   1.9896480431796704,
   0.9552016211321603
  ],
  [
   2400,
   3.9818849157050806,
   0.9572248138806387
  ],
  [
   2800,
   2.103898611605352,
   0.9580729876059407
  ],
  [
   3200,
   2.433295847438391,
   0.9580035405256465
  ],
  [
   3600,
   -0.3707432952556502,
   0.9568109473231283
  ],
  [
   4000,
   0.3446809764795873,
   0.9543633407310463
  ],
  [
   4400,
   -4.307448746287303,
   0.9421004696285331
  ],
  [
   4800,
   -6.849884793482172,
   0.9111531013709603
  ],
  [
   5200,
   -0.7646033971341382,
   0.9528476549282098
  ],
  [
   5600,
   -1.8850892270499742,
   0.9584865386835645
  ]
 ]
}