{
 "normal": [
  [
   4000,
   -0.9185183980647125,
   0.9681029575787347
  ],
  [
   4400,
   -1.0123069241713196,
   0.9519029473914705
  ],
  [
   4800,
   -0.9130196122025325,
   0.938026144651726
  ],
  [
   5200,
   -0.9931254981061457,
   0.9666097628829411
  ],
  [
   5600,
   -0.9822260788256187,
   0.9702710552170731
  ],
  [
   6000,
   -0.9782336821196438,
   0.9718875928223731
  ],
  [
   6400,
   -1.0074255952787112,
   0.9720244619342027
  ],
  [
   6800,
   -0.9947437239053798,
   0.971787520347254
  ],
  [
   7200,
   -1.0505829353544343,
   0.9700668386024293
  ],
  [
   7600,
   -1.1242611378518532,
   0.9696436408441085
  ],
  [
   8000,
   -1.0760364911827125,
   0.970053233484565
  ],
  [
   8400,
   -1.0088152991264536,
   0.9707228558395059
  ],
  [
   8800,
   -1.0113499894799602,
   0.9692048066366521
  ],
  [
   9200,
   -0.9773180667775101,
   0.9532260430917208
  ],
  [
   9600,
   -0.9759222231938054,
   0.9685345837830874
  ],
  [
   10000,
   -0.9904317650560799,
   0.9676817244980744
  ],
  [
   10400,
   -0.9077554481134555,
   0.9696149445227542
  ],
  [
   10800,
   -0.9976430653098518,
   0.9701520445311501
  ],
  [
   11200,
   -1.0217126990516547,
   0.9702408251832597
  ],
  [
   11600,
   -0.9467988194822965,
   0.9697160906099688
  ],
  [
   12000,
   -0.9995374078012134,
   0.9688448617511796
  ]
 ],
 "anom2": [
  [
   4000,
   0.3446809764795873,
   0.9543633407310463
  ],
  [
   4400,
   -4.307448746287303,
   0.9421004696285331
  ],
  [
   4800,
   -6.849884793482172,
   0.9111531013709603
  ],
  [
   5200,
   -0.7646033971341382,
   0.9528476549282098
  ],
  [
   5600,
   -1.8850892270499742,
   0.9584865386835645
  ],
  [
   6000,
   -1.9840934385861502,
   0.9589785302498647
  ],
  [
   6400,
   -1.9921448528753416,
   0.959103437903592
  ],
  [
   6800,
   -2.0168990842431818,
   0.959108770052936
  ],
  [
   7200,
   -2.0223819326166783,
   0.9585309548560241
  ],
  [
   7600,
   -2.0539985485538104,
   0.9582359963495767
  ],
  [
   8000,
   -2.0974257214097243,
   0.9571329089212617
  ],
  [
   8400,
   -2.3864651821746428,
   0.9544550992513932
  ],
  [
   8800,
   -2.397944312804082,
   0.9530059098095812
  ],
  [
   9200,
   -2.152083357753714,
   0.9444734238615865
  ],
  [
   9600,
   -3.4096390018828977,
   0.9350297302173166
  ],
  [
   10000,
   -1.377815946919931,
   0.944209136491239
  ],
  [
   10400,
   -1.8103568995243897,
   0.9571441603953039
  ],
  [
   10800,
   -1.7910659831585924,
   0.9570420184577968
  ],
  [
   11200,
   -2.1006958253779437,
   0.9584603082273738
  ],
  [
   11600,
   -2.004542526721604,
   0.9580390855191205
  ],
  [
   12000,
   -1.9781924927028385,
   0.9579342726532256
  ]
 ]
}