{
 "normal": {
  "g": 1.0,
  "g12": 1.0,
  "m0": 1.0,
  "expected": -1,
  "data": [
   [
    100,
    -4.332829146572909,
    1.713571813180068e-13
   ],
   [
    200,
    -3.451591120919961,
    4.978393176629491e-13
   ],
   [
    400,
    -1.4734147635599015,
    6.241750411547772e-13
   ],
   [
    800,
    -0.63141117282089,
    3.30923028443443e-13
   ],
   [
    1600,
    -0.9142828016319839,
    4.106140714799852e-12
   ],
   [
    3200,
    -1.0202182418469903,
    2.50558194881611e-12
   ],
   [
    6400,
    -1.0074767570713021,
    1.058739303124607e-11
   ],
   [
    12800,
    -0.9814753220591044,
    2.030988404275657e-11
   ],
   [
    25600,
    -1.2162529941092615,
    6.264843050459975e-11
   ],
   [
    51200,
    -0.9986443629087205,
    9.656857688978869e-11
   ]
  ]
 },
 "anom1": {
  "g": -1.0,
  "g12": 0.0,
  "m0": 1.0,
  "expected": 0,
  "data": [
   [
    100,
    0.002020953876623821,
    3.7364747311509915e-14
   ],
   [
    200,
    -0.0005977743899450161,
    1.0964409456984057e-13
   ],
   [
    400,
    -9.406237694520314e-05,
    1.3681010347583181e-12
   ],
   [
    800,
    6.724206340891214e-05,
    1.2086883218432286e-12
   ],
   [
    1600,
    0.00029042023827230423,
    5.737632591260875e-12
   ],
   [
    3200,
    0.0015806795791917239,
    1.7939672735833552e-12
   ],
   [
    6400,
    -0.0007124554689852403,
    2.2550237539337408e-11
   ],
   [
    12800,
    0.002467086140484298,
    4.0353927096430714e-12
   ],
   [
    25600,
    0.001492832757705287,
    5.306666983233079e-11
   ],
   [
    51200,
    -0.006797743141106594,
    6.13680753723183e-11
   ]
  ]
 },
 "anom2": {
  "g": 1.0,
  "g12": 0.0,
  "m0": 1.0,
  "expected": -2,
  "data": [
   [
    100,
    6.525574967154039,
    2.848296311452116e-14
   ],
   [
    200,
    3.6478305123284436,
    1.5864704186367699e-13
   ],
   [
    400,
    3.372993485640052,
    2.6155323118065666e-13
   ],
   [
    800,
    12.118006488125626,
    7.534203146421726e-14
   ],
   [
    1600,
    1.9735171689062625,
    3.656385539168934e-12
   ],
   [
    3200,
    2.444125404697129,
    5.433048646989764e-12
   ],
   [
    6400,
    -1.991087342665132,
    1.116225885668643e-11
   ],
   [
    12800,
    -1.9866044781548453,
    3.8654596764821367e-11
   ],
   [
    25600,
    12.72479229382921,
    2.2223296000369108e-11
   ],
   [
    51200,
    -27.13911837774145,
    1.8419289082477603e-11
   ]
  ]
 },
 "anom3": {
  "g": 1.0,
  "g12": 0.0,
  "m0": 1.3,
  "expected": -3,
  "data": [
   [
    100,
    -5.39026508502846,
    9.218679459646126e-14
   ],
   [
    200,
    -3.1749754186848946,
    9.341186827880626e-15
   ],
   [
    400,
    -2.021655582595045,
    5.477610702185082e-13
   ],
   [
    800,
    1.5902751873409926,
    7.050299041895476e-13
   ],
   [
    1600,
    -12.035691509264026,
    2.0611864705454627e-13
   ],
   [
    3200,
    10.664763988218262,
    9.773178435117531e-12
   ],
   [
    6400,
    -23.524558302176146,
    2.8544216798638503e-12
   ],
   [
    12800,
    -29.599340182167804,
    6.0155711829448305e-12
   ],
   [
    25600,
    29.351499479530354,
    2.2409047797454742e-11
   ],
   [
    51200,
    14.296947217955918,
    4.76333149169383e-11
   ]
  ]
 }
}