{
 "normal": {
  "g": 1.0,
  "g12": 1.0,
  "m0": 1.0,
  "expected": -1,
  "data": [
   [
    400,
    -1.4734147635599015,
    0.9702229934476415,
    6.241750411547772e-13,
    0.02
   ],
   [
    800,
    -0.6314111728208971,
    0.9713892368413956,
    3.30923028443443e-13,
    0.02
   ],
   [
    1200,
    -1.1011976522564808,
    0.9721004683416276,
    2.9559496612881904e-12,
    0.02
   ],
   [
    1600,
    -0.9142828016319839,
    0.9721368951130179,
    4.106140714799852e-12,
    0.02
   ],
   [
    2400,
    -0.9563003120659275,
    0.9722351316603756,
    9.121286101899694e-12,
    0.02
   ],
   [
    3200,
    -1.0202182418469974,
    0.9719247107883282,
    2.50558194881611e-12,
    0.02
   ],
   [
    4800,
    -0.9765311008627471,
    0.9276836319682434,
    8.001568756236364e-12,
    0.016329931618554522
   ],
   [
    6400,
    -0.9986859847772962,
    0.9720639803887715,
    5.955282244352423e-11,
    0.014142135623730952
   ],
   [
    9600,
    -1.0310485605510848,
    0.955905090027775,
    5.346298116858724e-11,
    0.011547005383792514
   ],
   [
    12800,
    -0.9947271121411561,
    0.9638338762797878,
    6.959689529665029e-11,
    0.01
   ]
  ]
 },
 "anom1": {
  "g": -1.0,
  "g12": 0.0,
  "m0": 1.0,
  "expected": 0,
  "data": [
   [
    400,
    -9.406237694165043e-05,
    0.997754152118677,
    1.3681010347583181e-12,
    0.02
   ],
   [
    800,
    6.724206340535943e-05,
    0.9977552807269302,
    1.2086883218432286e-12,
    0.02
   ],
   [
    1200,
    -0.00012155436714778034,
    0.9977552813713358,
    2.145716554626545e-12,
    0.02
   ],
   [
    1600,
    0.0002904202382616461,
    0.9968163428577369,
    5.737632591260875e-12,
    0.02
   ],
   [
    2400,
    0.0001867505517090251,
    0.9974179235762235,
    4.293883256617779e-12,
    0.02
   ],
   [
    3200,
    0.0015806795791881711,
    0.996089725966652,
    1.7939672735833552e-12,
    0.02
   ],
   [
    4800,
    0.000353752659066231,
    0.9972410072364343,
    7.271424841556299e-12,
    0.016329931618554522
   ],
   [
    6400,
    3.890285914209812e-05,
    0.9968255896441924,
    4.4303411514099364e-11,
    0.014142135623730952
   ],
   [
    9600,
    0.00018840385413909644,
    0.9968921676077895,
    1.3555134026722273e-11,
    0.011547005383792514
   ],
   [
    12800,
    -0.0002514610397277295,
    0.9966999404499419,
    4.221466088570185e-11,
    0.01
   ]
  ]
 },
 "anom2": {
  "g": 1.0,
  "g12": 0.0,
  "m0": 1.0,
  "expected": -2,
  "data": [
   [
    400,
    3.372993485640052,
    0.8745284520788489,
    2.6155323118065666e-13,
    0.02
   ],
   [
    800,
    12.118006488125626,
    0.9380466457213318,
    7.534203146421726e-14,
    0.02
   ],
   [
    1200,
    -15.531173913989807,
    0.9564596480670355,
    2.3401970016995285e-12,
    0.02
   ],
   [
    1600,
    1.9735171689062625,
    0.9519483393601075,
    3.656385539168934e-12,
    0.02
   ],
   [
    2400,
    3.9772252233468066,
    0.9572248603784828,
    5.571788241515335e-12,
    0.02
   ],
   [
    3200,
    2.444125404697129,
    0.9580063338017951,
    5.433048646989764e-12,
    0.02
   ],
   [
    4800,
    2.3938094143423427,
    0.9401337321883216,
    8.962945328456577e-12,
    0.016329931618554522
   ],
   [
    6400,
    -1.990453698765343,
    0.9591071208673876,
    4.466649272671914e-11,
    0.014142135623730952
   ],
   [
    9600,
    -0.2693512503138713,
    0.9449588586538982,
    3.929500403226721e-11,
    0.011547005383792514
   ],
   [
    12800,
    -2.114586122978668,
    0.9549687310308842,
    6.068325918390791e-11,
    0.01
   ]
  ]
 },
 "anom3": {
  "g": 1.0,
  "g12": 0.0,
  "m0": 1.3,
  "expected": -3,
  "data": [
   [
    400,
    -2.0216555825950486,
    0.9395458416353331,
    5.477610702185082e-13,
    0.02
   ],
   [
    800,
    1.5902751873409926,
    0.9625627184401432,
    7.050299041895476e-13,
    0.02
   ],
   [
    1200,
    1.9360512109634591,
    0.9633420783837936,
    2.3815432384786805e-12,
    0.02
   ],
   [
    1600,
    -12.035691509264026,
    0.963501579006853,
    2.0611864705454627e-13,
    0.02
   ],
   [
    2400,
    -15.277366363474087,
    0.9636134752992881,
    5.283130255112814e-13,
    0.02
   ],
   [
    3200,
    10.664763988218262,
    0.9635976263270809,
    9.773178435117531e-12,
    0.02
   ],
   [
    4800,
    -12.966085385265309,
    0.9574133965712339,
    6.972353728856275e-12,
    0.016329931618554522
   ],
   [
    6400,
    -22.878994820732217,
    0.9529393483649428,
    2.0829927820912038e-11,
    0.014142135623730952
   ],
   [
    9600,
    -2.2489269564613714,
    0.9607874514150277,
    1.6946903650509267e-11,
    0.011547005383792514
   ],
   [
    12800,
    -23.70289265048474,
    0.9571567276834708,
    2.010958449569318e-11,
    0.01
   ]
  ]
 }
}